barcode,UMAP1,UMAP2,partition,submitted_trace_label,sample,source_group,display_group
C1_AAACGAATCACGGGCT-1,0.70470333,9.89221,0,Inflammatory,C1,Control,Oxygen control
C1_AAACGCTAGCTATCTG-1,3.893665,11.497869,0,Inflammatory,C1,Control,Oxygen control
C1_AAACGCTCAGGTCCGT-1,1.0436563,0.77279556,1,Transitional-A,C1,Control,Oxygen control
C1_AAACGCTGTGCCTTTC-1,-0.31016132,-1.4906317,4,Homeostatic-C,C1,Control,Oxygen control
C1_AAAGGATCATCTAGAC-1,-0.46802115,2.0698593,1,Transitional-A,C1,Control,Oxygen control
C1_AAAGGGCTCGAGCCTG-1,-0.57755226,-0.10928762,1,Transitional-A,C1,Control,Oxygen control
C1_AAAGGTAGTCGATTCA-1,3.0358942,-2.052842,4,Homeostatic-C,C1,Control,Oxygen control
C1_AAAGTCCAGTATGATG-1,6.6195803,3.9370518,2,Homeostatic-A,C1,Control,Oxygen control
C1_AACAAAGAGTACAGAT-1,4.8548503,2.7045817,3,Homeostatic-B,C1,Control,Oxygen control
C1_AACAAGACACCCAATA-1,-1.6981236,2.228038,1,Transitional-A,C1,Control,Oxygen control
C1_AACAAGATCGCTTACC-1,1.0467927,9.372638,0,Inflammatory,C1,Control,Oxygen control
C1_AACACACGTAAGGCCA-1,2.9147959,3.0841787,3,Homeostatic-B,C1,Control,Oxygen control
C1_AACAGGGGTCTTACTT-1,-2.2719746,3.6132238,1,Transitional-A,C1,Control,Oxygen control
C1_AACCAACAGGACGGAG-1,-0.5222191,3.7968385,1,Transitional-A,C1,Control,Oxygen control
C1_AACCAACAGTTGCATC-1,6.2059603,-0.24683727,5,Transitional-B,C1,Control,Oxygen control
C1_AACCACACACCTAAAC-1,0.036324896,1.5355691,1,Transitional-A,C1,Control,Oxygen control
C1_AACCCAAGTCTAGATC-1,-0.42485735,8.171255,0,Inflammatory,C1,Control,Oxygen control
C1_AACCCAAGTCTCCCTA-1,7.293926,-0.23806621,5,Transitional-B,C1,Control,Oxygen control
C1_AACCTTTGTAACATAG-1,-2.508547,0.63690287,1,Transitional-A,C1,Control,Oxygen control
C1_AACGAAATCGAGAATA-1,2.667942,3.0326226,3,Homeostatic-B,C1,Control,Oxygen control
C1_AACGTCAAGCTTCTAG-1,1.5648482,3.2606206,3,Homeostatic-B,C1,Control,Oxygen control
C1_AAGAACAAGTGGCCTC-1,0.7017272,0.8072148,4,Homeostatic-C,C1,Control,Oxygen control
C1_AAGACAAAGCCATGCC-1,0.04140907,5.1167116,1,Transitional-A,C1,Control,Oxygen control
C1_AAGACAATCGGAATTC-1,0.36521307,4.1092153,3,Homeostatic-B,C1,Control,Oxygen control
C1_AAGACTCCACTTGAAC-1,1.2843906,4.611749,3,Homeostatic-B,C1,Control,Oxygen control
C1_AAGACTCTCGGAGTAG-1,2.8495922,0.738581,4,Homeostatic-C,C1,Control,Oxygen control
C1_AAGCGAGAGGGTATAT-1,0.21601237,1.095698,1,Transitional-A,C1,Control,Oxygen control
C1_AAGCGAGCAATGTCTG-1,5.223947,3.5289366,2,Homeostatic-A,C1,Control,Oxygen control
C1_AAGCGTTTCACTTTGT-1,4.1764536,4.032961,2,Homeostatic-A,C1,Control,Oxygen control
C1_AAGGAATAGTGGATAT-1,3.9958277,5.800199,2,Homeostatic-A,C1,Control,Oxygen control
C1_AAGGAATCAATGAAAC-1,3.107808,5.7642884,2,Homeostatic-A,C1,Control,Oxygen control
C1_AAGGAATTCGATAACC-1,1.2774631,-1.824908,4,Homeostatic-C,C1,Control,Oxygen control
C1_AAGTCGTCAGCGTACC-1,1.8667587,-0.24232376,4,Homeostatic-C,C1,Control,Oxygen control
C1_AATAGAGAGGCGCTCT-1,1.9490496,7.4289775,0,Inflammatory,C1,Control,Oxygen control
C1_AATAGAGCACCCTATC-1,3.171954,12.053787,0,Inflammatory,C1,Control,Oxygen control
C1_AATCACGGTAGCACAG-1,1.0545565,5.8824706,0,Inflammatory,C1,Control,Oxygen control
C1_AATCACGGTCGGAACA-1,1.1462624,5.513452,0,Inflammatory,C1,Control,Oxygen control
C1_AATCACGTCTAGGCCG-1,6.305382,2.3934085,2,Homeostatic-A,C1,Control,Oxygen control
C1_AATCGACCACTTGTGA-1,1.2781532,5.699008,0,Inflammatory,C1,Control,Oxygen control
C1_AATCGACTCCCAAGTA-1,3.4682932,4.1890144,3,Homeostatic-B,C1,Control,Oxygen control
C1_AATCGTGGTGGATTTC-1,5.8298855,-1.3861651,5,Transitional-B,C1,Control,Oxygen control
C1_AATGAAGGTTTCCATT-1,2.4735942,10.287266,0,Inflammatory,C1,Control,Oxygen control
C1_AATGACCAGGTTGGAC-1,2.0274765,-1.1803757,4,Homeostatic-C,C1,Control,Oxygen control
C1_AATGACCAGTGGATTA-1,4.949069,-1.1725737,5,Transitional-B,C1,Control,Oxygen control
C1_AATGCCACAAGTGCAG-1,-0.9156103,2.4085686,1,Transitional-A,C1,Control,Oxygen control
C1_AATTCCTCACGACGTC-1,2.1982186,1.3976034,4,Homeostatic-C,C1,Control,Oxygen control
C1_AATTCCTGTCACCGCA-1,-1.6050757,-1.2485794,1,Transitional-A,C1,Control,Oxygen control
C1_AATTCCTTCTTTGGAG-1,2.601412,0.56127614,4,Homeostatic-C,C1,Control,Oxygen control
C1_ACAAAGAGTAACTTCG-1,5.326049,1.7079775,3,Homeostatic-B,C1,Control,Oxygen control
C1_ACAACCAAGAGCAAGA-1,2.5746005,7.105422,0,Inflammatory,C1,Control,Oxygen control
C1_ACAAGCTGTGGTAATA-1,4.300291,12.1684475,0,Inflammatory,C1,Control,Oxygen control
C1_ACAAGCTTCGGCTGAC-1,4.1509666,6.468601,2,Homeostatic-A,C1,Control,Oxygen control
C1_ACAAGCTTCGGCTTGG-1,1.1812329,5.229688,3,Homeostatic-B,C1,Control,Oxygen control
C1_ACACCAAAGCCTCATA-1,-1.3771619,4.0042467,1,Transitional-A,C1,Control,Oxygen control
C1_ACACCAACAAGCCATT-1,-1.0119007,6.970931,0,Inflammatory,C1,Control,Oxygen control
C1_ACACCAACATGGGTCC-1,7.403759,2.462299,2,Homeostatic-A,C1,Control,Oxygen control
C1_ACACGCGAGTCGCCAC-1,2.4431612,11.51341,0,Inflammatory,C1,Control,Oxygen control
C1_ACACGCGGTGCACGCT-1,5.002179,1.5725312,3,Homeostatic-B,C1,Control,Oxygen control
C1_ACACGCGTCTCTCGCA-1,5.0166593,2.5570095,3,Homeostatic-B,C1,Control,Oxygen control
C1_ACACTGATCAATCCAG-1,2.3258839,-1.5417303,4,Homeostatic-C,C1,Control,Oxygen control
C1_ACAGCCGTCGTAATGC-1,5.848885,2.7485719,2,Homeostatic-A,C1,Control,Oxygen control
C1_ACAGGGAGTCGAATTC-1,0.4482568,4.377556,3,Homeostatic-B,C1,Control,Oxygen control
C1_ACATCCCAGTCGTCTA-1,5.689824,4.9641247,2,Homeostatic-A,C1,Control,Oxygen control
C1_ACATCCCGTACCAGAG-1,0.0582958,-2.468246,4,Homeostatic-C,C1,Control,Oxygen control
C1_ACATCGACAGATTCGT-1,2.008487,-0.3255822,4,Homeostatic-C,C1,Control,Oxygen control
C1_ACATCGAGTAAGGTCG-1,4.4169445,7.776881,2,Homeostatic-A,C1,Control,Oxygen control
C1_ACATTTCAGTGAGGTC-1,1.7387449,1.8747789,1,Transitional-A,C1,Control,Oxygen control
C1_ACCAAACAGACATAAC-1,-0.745623,0.92078775,1,Transitional-A,C1,Control,Oxygen control
C1_ACCAAACGTGGGCTTC-1,4.8272624,6.222414,2,Homeostatic-A,C1,Control,Oxygen control
C1_ACCATTTAGACCAGAC-1,6.82663,5.677562,2,Homeostatic-A,C1,Control,Oxygen control
C1_ACCATTTAGTCTGTAC-1,4.4178805,3.6571481,2,Homeostatic-A,C1,Control,Oxygen control
C1_ACCATTTCACCTAAAC-1,-0.60897213,4.8758245,1,Transitional-A,C1,Control,Oxygen control
C1_ACCATTTGTGGCTTGC-1,2.8065386,10.322069,0,Inflammatory,C1,Control,Oxygen control
C1_ACCCTCAAGATGAACT-1,6.8233347,-1.659453,5,Transitional-B,C1,Control,Oxygen control
C1_ACCGTTCAGTGCTCGC-1,-1.5165739,-0.514603,1,Transitional-A,C1,Control,Oxygen control
C1_ACCGTTCTCTAACACG-1,4.6401153,-1.8410283,4,Homeostatic-C,C1,Control,Oxygen control
C1_ACCTACCAGCAAGCCA-1,0.16719621,8.696805,0,Inflammatory,C1,Control,Oxygen control
C1_ACCTACCAGGCTGAAC-1,3.0701494,3.0881782,3,Homeostatic-B,C1,Control,Oxygen control
C1_ACCTGAAAGGAACTCG-1,-1.0192431,5.1706376,1,Transitional-A,C1,Control,Oxygen control
C1_ACCTGAAGTAGCTAAA-1,2.7469728,1.8009506,3,Homeostatic-B,C1,Control,Oxygen control
C1_ACCTGTCCAACACTAC-1,3.0909886,2.6415631999999998,3,Homeostatic-B,C1,Control,Oxygen control
C1_ACCTGTCGTCAATCTG-1,-0.02574642,2.7027562,1,Transitional-A,C1,Control,Oxygen control
C1_ACGATGTGTCTGCATA-1,4.309404,2.3281713,3,Homeostatic-B,C1,Control,Oxygen control
C1_ACGCACGCATTCCTCG-1,1.7488433,4.6642933,3,Homeostatic-B,C1,Control,Oxygen control
C1_ACGGAAGGTGAACCGA-1,4.7991123,-1.952837,4,Homeostatic-C,C1,Control,Oxygen control
C1_ACGGGTCCACCAGTTA-1,3.8971293,-2.0733104,4,Homeostatic-C,C1,Control,Oxygen control
C1_ACGGGTCTCGTGTTCC-1,3.2951982,-0.43102908,4,Homeostatic-C,C1,Control,Oxygen control
C1_ACGGTCGCAAAGACGC-1,3.05082,1.5586536,3,Homeostatic-B,C1,Control,Oxygen control
C1_ACGTAACAGCTGTGCC-1,-0.94751185,2.1720445,1,Transitional-A,C1,Control,Oxygen control
C1_ACGTAACCATACACCA-1,6.8194623,4.5975695,2,Homeostatic-A,C1,Control,Oxygen control
C1_ACGTACATCTTGATTC-1,0.903105,4.1081324,3,Homeostatic-B,C1,Control,Oxygen control
C1_ACGTAGTAGGGACACT-1,-0.666104,1.1229907,1,Transitional-A,C1,Control,Oxygen control
C1_ACGTAGTTCCTAAGTG-1,1.2142978,2.835133,3,Homeostatic-B,C1,Control,Oxygen control
C1_ACGTCCTGTGTGGACA-1,3.6593282,-2.2330334,4,Homeostatic-C,C1,Control,Oxygen control
C1_ACGTTCCGTTACACTG-1,0.6391085,1.8697199,1,Transitional-A,C1,Control,Oxygen control
C1_ACGTTCCTCTGGCCAG-1,2.7638314,9.367164,0,Inflammatory,C1,Control,Oxygen control
C1_ACTACGAAGGTCCGAA-1,1.582711,2.2230196,3,Homeostatic-B,C1,Control,Oxygen control
C1_ACTACGACACCCAACG-1,3.8997414,3.5248375,3,Homeostatic-B,C1,Control,Oxygen control
C1_ACTACGAGTAACTAAG-1,0.45967555,1.0146215,1,Transitional-A,C1,Control,Oxygen control
C1_ACTATCTGTGCATGTT-1,-2.0184424,4.253493,1,Transitional-A,C1,Control,Oxygen control
C1_ACTCCCATCCGATGCG-1,5.233287,1.4686989,5,Transitional-B,C1,Control,Oxygen control
C1_ACTCTCGGTGTAAATG-1,1.3589518,-0.13211884,4,Homeostatic-C,C1,Control,Oxygen control
C1_ACTGCAAGTACGTGTT-1,-0.27919665,4.62735,1,Transitional-A,C1,Control,Oxygen control
C1_ACTGTGAAGTGGCCTC-1,0.6969522,6.647447,0,Inflammatory,C1,Control,Oxygen control
C1_ACTTAGGAGGTTGTTC-1,5.2630134,2.7554095,3,Homeostatic-B,C1,Control,Oxygen control
C1_ACTTAGGGTAATTAGG-1,2.362013,4.162432,3,Homeostatic-B,C1,Control,Oxygen control
C1_ACTTATCGTTTCGATG-1,0.9821277,7.690294,0,Inflammatory,C1,Control,Oxygen control
C1_ACTTCGCCACCAGCTG-1,2.8755546,3.3068938,3,Homeostatic-B,C1,Control,Oxygen control
C1_ACTTTCACACGGTGAA-1,2.229153,1.4533739,4,Homeostatic-C,C1,Control,Oxygen control
C1_ACTTTCACATAAGCAA-1,1.941766,-0.2569692,4,Homeostatic-C,C1,Control,Oxygen control
C1_ACTTTCACATCAGCTA-1,-1.5418651,-1.0997217,1,Transitional-A,C1,Control,Oxygen control
C1_AGAAATGAGAGCCGTA-1,-0.6584719,6.7936044,0,Inflammatory,C1,Control,Oxygen control
C1_AGAAATGTCTGGCCAG-1,-0.52371705,-1.0374771,1,Transitional-A,C1,Control,Oxygen control
C1_AGAACAAAGGTAAGTT-1,0.75444883,0.85079575,1,Transitional-A,C1,Control,Oxygen control
C1_AGAACAAAGTAGAGTT-1,-1.3417292,7.252878,0,Inflammatory,C1,Control,Oxygen control
C1_AGAACCTAGGTTCATC-1,0.7134791,7.3416066,0,Inflammatory,C1,Control,Oxygen control
C1_AGAAGCGAGGTCGACA-1,2.3000433,-1.5105488,4,Homeostatic-C,C1,Control,Oxygen control
C1_AGAAGCGCAACCTAAC-1,-1.4972712,-0.28017408,1,Transitional-A,C1,Control,Oxygen control
C1_AGACAAATCGAGTTGT-1,5.6862884,-1.9193331,5,Transitional-B,C1,Control,Oxygen control
C1_AGACAGGAGTATGACA-1,4.522154,-1.2725315,4,Homeostatic-C,C1,Control,Oxygen control
C1_AGACCATTCGGAATGG-1,3.085083,7.4641366,2,Homeostatic-A,C1,Control,Oxygen control
C1_AGACCCGCAGTCAACT-1,2.9074903,2.566663,3,Homeostatic-B,C1,Control,Oxygen control
C1_AGACCCGTCCCGAGGT-1,1.2605817,4.0786853,3,Homeostatic-B,C1,Control,Oxygen control
C1_AGACTCAAGCCACCGT-1,-0.098424196,-0.53170824,4,Homeostatic-C,C1,Control,Oxygen control
C1_AGACTCACAGTGTACT-1,4.5868406,4.6202865,2,Homeostatic-A,C1,Control,Oxygen control
C1_AGACTCATCCAATGCA-1,7.688442,0.0019083915,5,Transitional-B,C1,Control,Oxygen control
C1_AGAGAGCCACCGCTAG-1,5.6879654,3.6270766,2,Homeostatic-A,C1,Control,Oxygen control
C1_AGAGAGCGTGAGTAGC-1,-0.21074091,-1.165174,4,Homeostatic-C,C1,Control,Oxygen control
C1_AGAGAGCTCAGCTCTC-1,-0.05083096,7.06055,0,Inflammatory,C1,Control,Oxygen control
C1_AGAGCAGGTACAAAGT-1,10.418079,1.803686,6,Rare,C1,Control,Oxygen control
C1_AGAGCAGTCGCGGACT-1,5.0540524,-1.3340707,5,Transitional-B,C1,Control,Oxygen control
C1_AGAGCCCGTCTTACAG-1,4.4298954,6.006275,2,Homeostatic-A,C1,Control,Oxygen control
C1_AGATCCAAGCGTCGAA-1,2.0292523,0.69695365,4,Homeostatic-C,C1,Control,Oxygen control
C1_AGATGAAAGACCAACG-1,1.5749509,0.6281162,4,Homeostatic-C,C1,Control,Oxygen control
C1_AGATGCTCAGTCTGGC-1,-0.86326885,0.8200956,1,Transitional-A,C1,Control,Oxygen control
C1_AGATGCTTCGCCTATC-1,0.50849587,5.197963,3,Homeostatic-B,C1,Control,Oxygen control
C1_AGCCAATCACAGAAGC-1,5.7795296,0.7807076,5,Transitional-B,C1,Control,Oxygen control
C1_AGCCAATGTAATCAGA-1,3.403264,10.051076,0,Inflammatory,C1,Control,Oxygen control
C1_AGCGATTAGAAGCCTG-1,4.1286836,8.172376,2,Homeostatic-A,C1,Control,Oxygen control
C1_AGCGATTAGTATAGGT-1,4.209618,-0.42597917,4,Homeostatic-C,C1,Control,Oxygen control
C1_AGCGCCAAGCTCGCAC-1,1.0507151,3.1893492,3,Homeostatic-B,C1,Control,Oxygen control
C1_AGCGCTGCACTACCCT-1,2.6810064,8.317443,0,Inflammatory,C1,Control,Oxygen control
C1_AGCGCTGCAGTATGAA-1,-2.4034374,0.38601848,1,Transitional-A,C1,Control,Oxygen control
C1_AGCGTATCACGTCTCT-1,1.3842415,3.4700165,3,Homeostatic-B,C1,Control,Oxygen control
C1_AGCGTCGTCGGCTCTT-1,5.7668405,-0.94196016,5,Transitional-B,C1,Control,Oxygen control
C1_AGCTACATCCTGTTAT-1,1.2986659,8.692931,0,Inflammatory,C1,Control,Oxygen control
C1_AGCTCAAGTGGTTCTA-1,1.4663459,4.481443,3,Homeostatic-B,C1,Control,Oxygen control
C1_AGCTCAAGTTGTAAAG-1,2.886896,10.935669,0,Inflammatory,C1,Control,Oxygen control
C1_AGCTCAATCATGCCAA-1,-0.7656384,7.6454244,0,Inflammatory,C1,Control,Oxygen control
C1_AGCTTCCGTTTATGCG-1,1.3511206,-1.7894342,4,Homeostatic-C,C1,Control,Oxygen control
C1_AGGAAATGTTACACTG-1,-0.44206777,-1.1560457,1,Transitional-A,C1,Control,Oxygen control
C1_AGGAATATCGTTTACT-1,0.6836454,7.1230907,0,Inflammatory,C1,Control,Oxygen control
C1_AGGACGAGTATTTCCT-1,5.1386495,3.8564882,2,Homeostatic-A,C1,Control,Oxygen control
C1_AGGACTTCAGCACCCA-1,8.096539,-1.3340893,5,Transitional-B,C1,Control,Oxygen control
C1_AGGAGGTAGTTCTACG-1,3.411755,-1.6599312,4,Homeostatic-C,C1,Control,Oxygen control
C1_AGGAGGTGTTACTCAG-1,2.9402764,-0.9192904,4,Homeostatic-C,C1,Control,Oxygen control
C1_AGGAGGTTCCATCCGT-1,2.4747753,1.2116219,4,Homeostatic-C,C1,Control,Oxygen control
C1_AGGAGGTTCTTTGCTA-1,1.11655,4.133395,3,Homeostatic-B,C1,Control,Oxygen control
C1_AGGATAAAGGCCTGCT-1,3.7259083,4.536353,2,Homeostatic-A,C1,Control,Oxygen control
C1_AGGATAACATTCATCT-1,1.0496328,6.7252793,0,Inflammatory,C1,Control,Oxygen control
C1_AGGATAATCTTACGTT-1,7.608934,0.19614273,5,Transitional-B,C1,Control,Oxygen control
C1_AGGCATTGTAAGCTCT-1,7.197748,1.4781836,5,Transitional-B,C1,Control,Oxygen control
C1_AGGCATTGTAGGCTCC-1,1.0569727,3.562896,3,Homeostatic-B,C1,Control,Oxygen control
C1_AGGCCACCAGCACACC-1,-0.5418984,3.907841,1,Transitional-A,C1,Control,Oxygen control
C1_AGGCTGCCAGCTTTGA-1,2.820334,2.9241931,3,Homeostatic-B,C1,Control,Oxygen control
C1_AGGCTGCGTGATACTC-1,2.4294028,2.620148,3,Homeostatic-B,C1,Control,Oxygen control
C1_AGGGAGTAGTCGCTAT-1,0.30321705,9.091019,0,Inflammatory,C1,Control,Oxygen control
C1_AGGGAGTCAATGGCAG-1,5.6792765,0.8311307,5,Transitional-B,C1,Control,Oxygen control
C1_AGGGCCTAGCCGTAAG-1,3.0564806,6.8000407,2,Homeostatic-A,C1,Control,Oxygen control
C1_AGGGCCTGTAACGATA-1,2.1168814,-0.6162907,4,Homeostatic-C,C1,Control,Oxygen control
C1_AGGGCCTGTATGTCAC-1,5.307869,10.349518,0,Inflammatory,C1,Control,Oxygen control
C1_AGGGCTCCAATAGTAG-1,4.7482686,6.138114,2,Homeostatic-A,C1,Control,Oxygen control
C1_AGGGTCCCATATGGCT-1,0.8141231,-1.8678769,4,Homeostatic-C,C1,Control,Oxygen control
C1_AGGGTCCGTAAGACCG-1,2.4077084,11.367268,0,Inflammatory,C1,Control,Oxygen control
C1_AGGGTCCGTAGTGATA-1,4.9741917,2.975767,3,Homeostatic-B,C1,Control,Oxygen control
C1_AGGGTGACAGGTCCGT-1,4.3597493,2.6056337,3,Homeostatic-B,C1,Control,Oxygen control
C1_AGGGTTTAGGTCACCC-1,4.4928946,11.555152,0,Inflammatory,C1,Control,Oxygen control
C1_AGGGTTTGTCTGTGGC-1,8.072917,-0.019546412,5,Transitional-B,C1,Control,Oxygen control
C1_AGGGTTTTCAAGATAG-1,1.7389952,-2.406405,4,Homeostatic-C,C1,Control,Oxygen control
C1_AGGGTTTTCCTGTTAT-1,1.9890009,-1.795728,4,Homeostatic-C,C1,Control,Oxygen control
C1_AGGGTTTTCGAATGCT-1,-0.55937535,0.5310322,1,Transitional-A,C1,Control,Oxygen control
C1_AGGTAGGAGCTTGTTG-1,1.3832003,3.7257624,3,Homeostatic-B,C1,Control,Oxygen control
C1_AGGTAGGGTGCTCGTG-1,4.741232,6.240769,2,Homeostatic-A,C1,Control,Oxygen control
C1_AGGTCATGTGACGCCT-1,10.794296,2.5878727,6,Rare,C1,Control,Oxygen control
C1_AGGTGTTGTGTGAATA-1,10.836157,2.0798965,6,Rare,C1,Control,Oxygen control
C1_AGGTTACAGCCTGAGA-1,1.0400628,2.5741248,1,Transitional-A,C1,Control,Oxygen control
C1_AGGTTACAGTATAGAC-1,-0.4414445,-2.4107382,4,Homeostatic-C,C1,Control,Oxygen control
C1_AGGTTGTCATGCGGTC-1,0.17766224,-1.4491558,4,Homeostatic-C,C1,Control,Oxygen control
C1_AGGTTGTGTCCTATAG-1,-1.1805902,3.1803045,1,Transitional-A,C1,Control,Oxygen control
C1_AGTAACCGTCATGCAT-1,-0.8593274,0.11427292,1,Transitional-A,C1,Control,Oxygen control
C1_AGTACCATCTGGACTA-1,2.644194,-1.0685349,4,Homeostatic-C,C1,Control,Oxygen control
C1_AGTACTGAGGTCGTAG-1,3.2521255,5.2310867,2,Homeostatic-A,C1,Control,Oxygen control
C1_AGTACTGGTTTACTGG-1,1.3316429,2.015441,1,Transitional-A,C1,Control,Oxygen control
C1_AGTAGCTCAGCCTATA-1,3.714893,2.5104213,3,Homeostatic-B,C1,Control,Oxygen control
C1_AGTAGTCGTTGTTGCA-1,2.0345175,7.4550543,0,Inflammatory,C1,Control,Oxygen control
C1_AGTCAACAGGTAGGCT-1,6.888801,4.0359726,2,Homeostatic-A,C1,Control,Oxygen control
C1_AGTCACAAGGAGTCTG-1,3.6039503,-0.066354066,4,Homeostatic-C,C1,Control,Oxygen control
C1_AGTCACAGTCGCAACC-1,0.28144857,-0.74667096,4,Homeostatic-C,C1,Control,Oxygen control
C1_AGTCATGTCGGAAGGT-1,3.717954,2.6332765,3,Homeostatic-B,C1,Control,Oxygen control
C1_AGTCTCCAGCTATCCA-1,3.5854695,7.738463,2,Homeostatic-A,C1,Control,Oxygen control
C1_AGTGACTGTCATCCGG-1,4.1371374,0.43823618,4,Homeostatic-C,C1,Control,Oxygen control
C1_AGTGACTTCAGCAATC-1,-0.78658736,3.3684406,1,Transitional-A,C1,Control,Oxygen control
C1_AGTGATCTCGTAATGC-1,6.263591,0.15517466,5,Transitional-B,C1,Control,Oxygen control
C1_AGTGCCGGTTGCGGAA-1,-1.3189,3.7575283,1,Transitional-A,C1,Control,Oxygen control
C1_AGTTAGCCAGAGGCTA-1,0.96071273,2.5484827,1,Transitional-A,C1,Control,Oxygen control
C1_AGTTAGCTCAAGATAG-1,1.1640826,0.35790545,4,Homeostatic-C,C1,Control,Oxygen control
C1_AGTTCCCAGGTGAGCT-1,3.5652199,7.582995,2,Homeostatic-A,C1,Control,Oxygen control
C1_AGTTCGACACCTTCGT-1,3.408937,2.674143,3,Homeostatic-B,C1,Control,Oxygen control
C1_AGTTCGACAGTTCTAG-1,1.7596925,3.7141898,3,Homeostatic-B,C1,Control,Oxygen control
C1_AGTTCGAGTGGCTGAA-1,1.7349141,-1.3458947,4,Homeostatic-C,C1,Control,Oxygen control
C1_AGTTCGATCGCTTGAA-1,1.2996761,6.7309403,0,Inflammatory,C1,Control,Oxygen control
C1_ATACCGATCCACATAG-1,4.4553328,0.81101495,3,Homeostatic-B,C1,Control,Oxygen control
C1_ATACCTTCAGCTGGTC-1,2.7722127,-1.163103,4,Homeostatic-C,C1,Control,Oxygen control
C1_ATACCTTGTCTGGTTA-1,2.6593142,2.1082606,3,Homeostatic-B,C1,Control,Oxygen control
C1_ATACCTTTCACACCGG-1,4.628931,3.5263002,2,Homeostatic-A,C1,Control,Oxygen control
C1_ATACCTTTCTCCTGTG-1,3.774234,8.604562,2,Homeostatic-A,C1,Control,Oxygen control
C1_ATACTTCCAAGCGAGT-1,3.086622,4.9514728,2,Homeostatic-A,C1,Control,Oxygen control
C1_ATACTTCCACGCGGTT-1,-0.24548873,0.32443532,1,Transitional-A,C1,Control,Oxygen control
C1_ATAGAGAAGGCGAAGG-1,-1.0225316,1.6368604,1,Transitional-A,C1,Control,Oxygen control
C1_ATAGGCTAGTGAGTTA-1,5.2954164,1.8923875,3,Homeostatic-B,C1,Control,Oxygen control
C1_ATATCCTGTAATACCC-1,2.5605822,1.8419498,3,Homeostatic-B,C1,Control,Oxygen control
C1_ATCAGGTTCAGGTGTT-1,3.4732025,6.6062818,2,Homeostatic-A,C1,Control,Oxygen control
C1_ATCAGGTTCTAGGCCG-1,3.1816792,3.5512967,3,Homeostatic-B,C1,Control,Oxygen control
C1_ATCATTCTCCAACCGG-1,-0.34304583,-2.3649852,4,Homeostatic-C,C1,Control,Oxygen control
C1_ATCCACCTCATCGCCT-1,4.6724944,7.2448907,2,Homeostatic-A,C1,Control,Oxygen control
C1_ATCCGTCGTCCACATA-1,3.16741,12.495468,0,Inflammatory,C1,Control,Oxygen control
C1_ATCGATGGTCTGTGTA-1,4.073787,5.5602293,2,Homeostatic-A,C1,Control,Oxygen control
C1_ATCGCCTAGCTGGCTC-1,4.395261,0.8490707,4,Homeostatic-C,C1,Control,Oxygen control
C1_ATCGCCTAGTGGCGAT-1,2.7848454,1.5462786,4,Homeostatic-C,C1,Control,Oxygen control
C1_ATCGCCTCAAAGGCTG-1,1.3416072000000001,-2.2838876,4,Homeostatic-C,C1,Control,Oxygen control
C1_ATCGCCTGTATCACCA-1,1.6824111,2.9134922,3,Homeostatic-B,C1,Control,Oxygen control
C1_ATCGCCTTCTTCCTAA-1,2.4895077,8.158943,0,Inflammatory,C1,Control,Oxygen control
C1_ATCGGATTCTACGGTA-1,0.72573256,-1.5511012,4,Homeostatic-C,C1,Control,Oxygen control
C1_ATCGTAGGTGCAGTGA-1,7.037634,4.357461,2,Homeostatic-A,C1,Control,Oxygen control
C1_ATCGTCCGTTCGGCCA-1,1.4178782,8.085394,0,Inflammatory,C1,Control,Oxygen control
C1_ATCGTCCTCCGATCTC-1,-0.7211076,-1.0310646,1,Transitional-A,C1,Control,Oxygen control
C1_ATCGTGAAGACCATAA-1,4.449121,-1.3136864,4,Homeostatic-C,C1,Control,Oxygen control
C1_ATCGTGAGTCGGAAAC-1,2.8578753,7.5357413,2,Homeostatic-A,C1,Control,Oxygen control
C1_ATCTCTAAGGAACGAA-1,4.9073353,-1.6135446,4,Homeostatic-C,C1,Control,Oxygen control
C1_ATGACCAGTAGAAACT-1,0.25445935,4.5769587,1,Transitional-A,C1,Control,Oxygen control
C1_ATGACCATCAAGTCTG-1,2.0745003,3.3972802,3,Homeostatic-B,C1,Control,Oxygen control
C1_ATGACCATCATCGCTC-1,1.9215688,4.327866,3,Homeostatic-B,C1,Control,Oxygen control
C1_ATGAGGGCAACAACAA-1,0.82506686,3.938181,3,Homeostatic-B,C1,Control,Oxygen control
C1_ATGAGGGGTGGTTTAC-1,2.1370425,3.2403708,3,Homeostatic-B,C1,Control,Oxygen control
C1_ATGATCGGTATGACAA-1,5.963299,5.753406,2,Homeostatic-A,C1,Control,Oxygen control
C1_ATGATCGGTGATCGTT-1,-0.13699558,1.6189377,1,Transitional-A,C1,Control,Oxygen control
C1_ATGCATGAGGATTACA-1,-1.5963134,3.1216187,1,Transitional-A,C1,Control,Oxygen control
C1_ATGCGATAGCTCCACG-1,4.4633665,4.2909093,2,Homeostatic-A,C1,Control,Oxygen control
C1_ATGGAGGCAAAGACTA-1,1.8762028,6.3721514,2,Homeostatic-A,C1,Control,Oxygen control
C1_ATGGATCTCGGTAGAG-1,6.37701,2.8266685,2,Homeostatic-A,C1,Control,Oxygen control
C1_ATGGGAGTCTTCGTAT-1,6.2287545,1.3660123,5,Transitional-B,C1,Control,Oxygen control
C1_ATGGGTTGTAGTTAGA-1,3.644604,-1.1098096,4,Homeostatic-C,C1,Control,Oxygen control
C1_ATGGTTGGTACGGTTT-1,-0.59402186,5.074212,1,Transitional-A,C1,Control,Oxygen control
C1_ATGTCTTAGGAAAGTG-1,8.190253,-1.053189,5,Transitional-B,C1,Control,Oxygen control
C1_ATGTCTTTCATGCATG-1,-1.4875778,-1.6270349,1,Transitional-A,C1,Control,Oxygen control
C1_ATGTCTTTCTCTGGTC-1,1.5742446,4.118805,3,Homeostatic-B,C1,Control,Oxygen control
C1_ATTACCTAGCTACTAC-1,0.9465404,-1.0183502,4,Homeostatic-C,C1,Control,Oxygen control
C1_ATTACCTAGTCTCTGA-1,1.5469774,-1.8177996,4,Homeostatic-C,C1,Control,Oxygen control
C1_ATTATCCAGTAGAATC-1,4.1825085,-1.0933149,4,Homeostatic-C,C1,Control,Oxygen control
C1_ATTATCCGTCGGTAAG-1,2.9194798,-1.7467089,4,Homeostatic-C,C1,Control,Oxygen control
C1_ATTCAGGGTTCGAGCC-1,2.3274639,-0.78559667,4,Homeostatic-C,C1,Control,Oxygen control
C1_ATTCATCAGTCCTACA-1,6.4539485,5.3989677,2,Homeostatic-A,C1,Control,Oxygen control
C1_ATTCCATCACTGAGGA-1,3.3121119,2.506956,3,Homeostatic-B,C1,Control,Oxygen control
C1_ATTCCATTCGAACCAT-1,-0.11528098,1.4100641,1,Transitional-A,C1,Control,Oxygen control
C1_ATTCCCGGTAGAATAC-1,-1.480316,3.8648636,1,Transitional-A,C1,Control,Oxygen control
C1_ATTCCCGGTCAAAGAT-1,2.0180626,2.3399532,3,Homeostatic-B,C1,Control,Oxygen control
C1_ATTCCCGTCGAGTGAG-1,0.43224207,-1.441981,4,Homeostatic-C,C1,Control,Oxygen control
C1_ATTCCTAAGTGACACG-1,10.255755,1.9008,6,Rare,C1,Control,Oxygen control
C1_ATTCGTTGTGCATACT-1,5.0482907,8.341619,2,Homeostatic-A,C1,Control,Oxygen control
C1_ATTCTACCAAGTATAG-1,5.12123,2.9543846,3,Homeostatic-B,C1,Control,Oxygen control
C1_ATTCTACCAAGTGGAC-1,4.3478074,-0.036187742,4,Homeostatic-C,C1,Control,Oxygen control
C1_ATTCTACGTGCCGTAC-1,5.1376977,-1.0734982,5,Transitional-B,C1,Control,Oxygen control
C1_ATTCTTGGTGTGTACT-1,4.2808294,6.52169,2,Homeostatic-A,C1,Control,Oxygen control
C1_ATTGGGTCAACTGATC-1,0.082920074,-0.71515167,4,Homeostatic-C,C1,Control,Oxygen control
C1_ATTGTTCGTCATGGCC-1,3.7928116,-0.059546743,4,Homeostatic-C,C1,Control,Oxygen control
C1_ATTGTTCGTGGAGAAA-1,0.31955293,7.26127,0,Inflammatory,C1,Control,Oxygen control
C1_ATTGTTCTCAGCCTCT-1,-1.8126612,4.1947823,1,Transitional-A,C1,Control,Oxygen control
C1_ATTTACCAGCAGGTCA-1,2.7082005,1.5100965,4,Homeostatic-C,C1,Control,Oxygen control
C1_ATTTACCAGTATGAAC-1,-0.9688888,3.7977197,1,Transitional-A,C1,Control,Oxygen control
C1_ATTTACCTCAGTAGGG-1,4.299487,7.0986686,2,Homeostatic-A,C1,Control,Oxygen control
C1_ATTTCACTCAACCGAT-1,4.5928082,10.118708,0,Inflammatory,C1,Control,Oxygen control
C1_ATTTCTGAGCTCGTGC-1,10.8779955,2.491015,6,Rare,C1,Control,Oxygen control
C1_ATTTCTGAGGAGGTTC-1,2.1689515,0.9294894,4,Homeostatic-C,C1,Control,Oxygen control
C1_CAACAACCAAGCTACT-1,3.4475954,1.3986467,3,Homeostatic-B,C1,Control,Oxygen control
C1_CAACAACTCGTTCTCG-1,-0.71108025,-0.60881495,1,Transitional-A,C1,Control,Oxygen control
C1_CAACCAAGTCTCTCCA-1,0.1850066,3.0687082,1,Transitional-A,C1,Control,Oxygen control
C1_CAACCAATCTATTTCG-1,3.0498633,2.8277018,3,Homeostatic-B,C1,Control,Oxygen control
C1_CAACGGCAGGTACAAT-1,-1.7968733,-0.057788525,1,Transitional-A,C1,Control,Oxygen control
C1_CAACGGCAGTGCGTCC-1,1.2347538,5.819198,0,Inflammatory,C1,Control,Oxygen control
C1_CAACGGCGTCGTCATA-1,2.3613641,-2.135646,4,Homeostatic-C,C1,Control,Oxygen control
C1_CAACGGCTCCTTGACC-1,6.1360254,2.626938,2,Homeostatic-A,C1,Control,Oxygen control
C1_CAAGAGGAGTAGAGTT-1,3.6429262,8.226625,2,Homeostatic-A,C1,Control,Oxygen control
C1_CAAGCTAGTTGTCCCT-1,3.3813078,1.2813469,3,Homeostatic-B,C1,Control,Oxygen control
C1_CAAGGGACAAGAGTAT-1,2.7127628,-2.018573,4,Homeostatic-C,C1,Control,Oxygen control
C1_CAAGGGAGTTTATGCG-1,3.2038279,2.3005157,3,Homeostatic-B,C1,Control,Oxygen control
C1_CAATCGACATCGGAGA-1,6.0462203,-1.1191295,5,Transitional-B,C1,Control,Oxygen control
C1_CAATTTCAGAACAGGA-1,5.0684056,5.3284364,2,Homeostatic-A,C1,Control,Oxygen control
C1_CAATTTCAGTCACTGT-1,3.6842191,-0.25104340000000003,4,Homeostatic-C,C1,Control,Oxygen control
C1_CACACAAAGCACGTCC-1,-1.2582146,-1.6205704,1,Transitional-A,C1,Control,Oxygen control
C1_CACACAAAGCTCCACG-1,10.149298,2.1653204,6,Rare,C1,Control,Oxygen control
C1_CACACAACAATTAGGA-1,2.4065738,3.0661237,3,Homeostatic-B,C1,Control,Oxygen control
C1_CACACAAGTAGAGGAA-1,0.34715715,-1.6133293,4,Homeostatic-C,C1,Control,Oxygen control
C1_CACACAATCTACGCAA-1,-1.1267645,3.6895652,1,Transitional-A,C1,Control,Oxygen control
C1_CACAGATAGCACTCAT-1,0.4942397,6.2367935,0,Inflammatory,C1,Control,Oxygen control
C1_CACATGACAACGGCTC-1,-2.2942524,1.1625838,1,Transitional-A,C1,Control,Oxygen control
C1_CACCAAAAGCTCGACC-1,2.9442663,-0.7527103,4,Homeostatic-C,C1,Control,Oxygen control
C1_CACCAAACAACCTAAC-1,0.3638887,-0.96511690000000006,4,Homeostatic-C,C1,Control,Oxygen control
C1_CACGAATTCCGAGCTG-1,1.2344104,10.382428,0,Inflammatory,C1,Control,Oxygen control
C1_CACGGGTAGTCATGCT-1,0.76863223,-2.4453223,4,Homeostatic-C,C1,Control,Oxygen control
C1_CACGTGGTCCGATAAC-1,4.4341693,5.2672014,2,Homeostatic-A,C1,Control,Oxygen control
C1_CACGTGGTCTAAACGC-1,3.8532157,3.3136656,3,Homeostatic-B,C1,Control,Oxygen control
C1_CACGTTCGTCTACAGT-1,4.92606,0.52375954,4,Homeostatic-C,C1,Control,Oxygen control
C1_CACTGGGAGGATTCCT-1,4.645371,4.387946,2,Homeostatic-A,C1,Control,Oxygen control
C1_CACTGGGGTAGCTGCC-1,1.1350641,-2.6181822,4,Homeostatic-C,C1,Control,Oxygen control
C1_CACTGGGGTGACTATC-1,1.8658683,1.2360125,3,Homeostatic-B,C1,Control,Oxygen control
C1_CACTGTCAGATGTTAG-1,4.083992,8.235499,2,Homeostatic-A,C1,Control,Oxygen control
C1_CACTTCGCACGGTAGA-1,-1.085909,2.3159688,1,Transitional-A,C1,Control,Oxygen control
C1_CACTTCGGTTTGTTCT-1,3.970499,2.3610756,3,Homeostatic-B,C1,Control,Oxygen control
C1_CAGAGCCTCCAGTGTA-1,4.1069417,-0.6302969,4,Homeostatic-C,C1,Control,Oxygen control
C1_CAGATACCAAGCAGGT-1,3.5738523,7.272163,2,Homeostatic-A,C1,Control,Oxygen control
C1_CAGATCAGTCATCCGG-1,4.2419763,2.2600691,3,Homeostatic-B,C1,Control,Oxygen control
C1_CAGCAGCTCCATTTAC-1,6.643612,5.8569236,2,Homeostatic-A,C1,Control,Oxygen control
C1_CAGCCAGGTTAGGACG-1,0.12695044,-1.4097377,4,Homeostatic-C,C1,Control,Oxygen control
C1_CAGCGTGTCTTCTGTA-1,4.469888,9.792207,0,Inflammatory,C1,Control,Oxygen control
C1_CAGGCCAGTCCAACGC-1,2.6794944,8.614864,0,Inflammatory,C1,Control,Oxygen control
C1_CAGTTAGAGTATCCTG-1,-1.8593891,-0.6492588,1,Transitional-A,C1,Control,Oxygen control
C1_CAGTTAGCAAAGCTCT-1,2.1631873,-2.065681,4,Homeostatic-C,C1,Control,Oxygen control
C1_CAGTTAGTCAAGCCTA-1,3.7461505,2.4078598,3,Homeostatic-B,C1,Control,Oxygen control
C1_CAGTTCCCATTGACCA-1,0.104050264,5.523889,1,Transitional-A,C1,Control,Oxygen control
C1_CAGTTCCGTCTATGAC-1,0.43376753,1.1408783,1,Transitional-A,C1,Control,Oxygen control
C1_CAGTTCCGTCTCGGAC-1,2.7170925,4.822548,3,Homeostatic-B,C1,Control,Oxygen control
C1_CATACAGAGAACTCCT-1,0.8881627,2.1527975,1,Transitional-A,C1,Control,Oxygen control
C1_CATACAGTCGAAGGAC-1,0.7388591,-1.9044396,4,Homeostatic-C,C1,Control,Oxygen control
C1_CATACCCTCAAGTGGG-1,-0.6576864,4.70043,1,Transitional-A,C1,Control,Oxygen control
C1_CATACTTCAATGAAAC-1,1.1513802,3.5767515,3,Homeostatic-B,C1,Control,Oxygen control
C1_CATACTTCAGATACTC-1,3.5417745,4.1889405,3,Homeostatic-B,C1,Control,Oxygen control
C1_CATACTTCAGCAATTC-1,1.8437598,2.996013,3,Homeostatic-B,C1,Control,Oxygen control
C1_CATAGACCACACGCCA-1,-0.4855126,4.0694423,1,Transitional-A,C1,Control,Oxygen control
C1_CATAGACCACTGTTCC-1,1.7902008,0.47073972,4,Homeostatic-C,C1,Control,Oxygen control
C1_CATAGACCATGCAGCC-1,2.568364,-1.6373212,4,Homeostatic-C,C1,Control,Oxygen control
C1_CATAGACGTATTCCGA-1,5.7709527,-1.0571473,5,Transitional-B,C1,Control,Oxygen control
C1_CATCAAGGTCAGTTTG-1,2.6626909,3.7084415,3,Homeostatic-B,C1,Control,Oxygen control
C1_CATCCGTCAAGTGCAG-1,-0.342954,-1.8306578,4,Homeostatic-C,C1,Control,Oxygen control
C1_CATCGCTCAAAGACGC-1,1.7062724,4.778673,3,Homeostatic-B,C1,Control,Oxygen control
C1_CATCGCTTCCGCAGTG-1,2.0786245,-0.13288066,4,Homeostatic-C,C1,Control,Oxygen control
C1_CATCGGGGTTCGGTTA-1,6.72067,-0.65415204,5,Transitional-B,C1,Control,Oxygen control
C1_CATCGTCCAAGTTCCA-1,8.091032,0.85860544,5,Transitional-B,C1,Control,Oxygen control
C1_CATCGTCCACTTGTGA-1,0.8489841,-0.30805978,4,Homeostatic-C,C1,Control,Oxygen control
C1_CATCGTCCAGTCAGAG-1,1.2669439,-1.5195222,4,Homeostatic-C,C1,Control,Oxygen control
C1_CATGAGTTCACTGAAC-1,5.9600534,-1.7883639,5,Transitional-B,C1,Control,Oxygen control
C1_CATGCAACAATAGTAG-1,2.3858008,3.3064642,3,Homeostatic-B,C1,Control,Oxygen control
C1_CATGCAAGTCTGTGTA-1,-0.31387088,4.0242357,1,Transitional-A,C1,Control,Oxygen control
C1_CATGCCTTCGTTACCC-1,6.4859724,-0.92778975,5,Transitional-B,C1,Control,Oxygen control
C1_CATGCTCTCGCGGACT-1,2.7740414,6.92334,2,Homeostatic-A,C1,Control,Oxygen control
C1_CATGGATCACTACGGC-1,5.059651,2.3189046,3,Homeostatic-B,C1,Control,Oxygen control
C1_CATGGATGTTCTCAGA-1,2.2777438,-0.40941316,4,Homeostatic-C,C1,Control,Oxygen control
C1_CATGGTATCCGCAACG-1,5.9845586,7.2451034,2,Homeostatic-A,C1,Control,Oxygen control
C1_CATTCCGCACCGTGGT-1,3.7180624,-1.6184722,4,Homeostatic-C,C1,Control,Oxygen control
C1_CATTCCGCATCATGAC-1,1.0444411,4.7825923,3,Homeostatic-B,C1,Control,Oxygen control
C1_CATTCTAAGCCGCTTG-1,-1.5191634,-1.333526,1,Transitional-A,C1,Control,Oxygen control
C1_CATTCTATCACTCGAA-1,2.9109342,11.219757,0,Inflammatory,C1,Control,Oxygen control
C1_CATTGAGAGGCAGGTT-1,3.59462,3.0281289,3,Homeostatic-B,C1,Control,Oxygen control
C1_CATTGAGGTTCAGCGC-1,2.0090325,0.035445414,4,Homeostatic-C,C1,Control,Oxygen control
C1_CATTGCCCAGGTTCCG-1,2.247221,8.694957,0,Inflammatory,C1,Control,Oxygen control
C1_CATTGTTCAAATACAG-1,6.452115,-1.102917,5,Transitional-B,C1,Control,Oxygen control
C1_CATTGTTTCACCGACG-1,4.4488873,5.033629,2,Homeostatic-A,C1,Control,Oxygen control
C1_CCAATGAAGTGGTGAC-1,5.098035,7.8102064,2,Homeostatic-A,C1,Control,Oxygen control
C1_CCAATGACAGAATGTA-1,0.6483967,-1.9577706,4,Homeostatic-C,C1,Control,Oxygen control
C1_CCACAAACAGGCACTC-1,3.5290787,4.7736425,2,Homeostatic-A,C1,Control,Oxygen control
C1_CCACAAACATAAGCAA-1,3.7238364,-2.1823432,4,Homeostatic-C,C1,Control,Oxygen control
C1_CCACAAATCGACCATA-1,-0.017096896,5.317136,0,Inflammatory,C1,Control,Oxygen control
C1_CCACAAATCTCTCGCA-1,6.306595,0.012956867,5,Transitional-B,C1,Control,Oxygen control
C1_CCACACTGTACGACAG-1,-1.4805076,3.5293834,1,Transitional-A,C1,Control,Oxygen control
C1_CCACCATCAAACTCTG-1,2.4501586,0.10522071,4,Homeostatic-C,C1,Control,Oxygen control
C1_CCACCATCAGTGAGCA-1,-1.6018502,6.8215165,0,Inflammatory,C1,Control,Oxygen control
C1_CCACGTTCACAGTGAG-1,7.509181,0.91146225,5,Transitional-B,C1,Control,Oxygen control
C1_CCACGTTGTCGATTTG-1,1.2910813,-1.6904713,4,Homeostatic-C,C1,Control,Oxygen control
C1_CCACTTGAGTAAGGGA-1,3.9799922,2.072234,3,Homeostatic-B,C1,Control,Oxygen control
C1_CCACTTGAGTCGGCAA-1,4.878332,4.1346335,2,Homeostatic-A,C1,Control,Oxygen control
C1_CCACTTGCATATCTGG-1,2.940489,0.74370474,4,Homeostatic-C,C1,Control,Oxygen control
C1_CCATCACAGTCGCGAA-1,3.3681238,6.273564,2,Homeostatic-A,C1,Control,Oxygen control
C1_CCATCACGTCCCGTGA-1,0.946963,-1.9402484,4,Homeostatic-C,C1,Control,Oxygen control
C1_CCCAACTAGAACGCGT-1,6.752154,-1.5497732,5,Transitional-B,C1,Control,Oxygen control
C1_CCCATTGAGAGGTGCT-1,1.1238388,-2.4155016,4,Homeostatic-C,C1,Control,Oxygen control
C1_CCCATTGAGGAGAATG-1,5.97783,4.3307343,2,Homeostatic-A,C1,Control,Oxygen control
C1_CCCATTGCAGCGATTT-1,0.942678,-0.5445606,4,Homeostatic-C,C1,Control,Oxygen control
C1_CCCGAAGCAGGCACTC-1,2.1508675,-1.8788358,4,Homeostatic-C,C1,Control,Oxygen control
C1_CCCGAAGTCTCTCCGA-1,0.1564254,3.941433,1,Transitional-A,C1,Control,Oxygen control
C1_CCCGGAAAGACGCATG-1,0.8013845,0.5495122,4,Homeostatic-C,C1,Control,Oxygen control
C1_CCCGGAACATGACAGG-1,2.4521635,-1.3703996,4,Homeostatic-C,C1,Control,Oxygen control
C1_CCCGGAAGTCCGGTCA-1,0.7742719,3.9378474,1,Transitional-A,C1,Control,Oxygen control
C1_CCCGGAAGTTAACAGA-1,0.5632153,9.068038,0,Inflammatory,C1,Control,Oxygen control
C1_CCCGGAATCGTAACTG-1,0.83659023,1.857666,1,Transitional-A,C1,Control,Oxygen control
C1_CCCTAACAGCGTACAG-1,2.6996257,5.8894086,2,Homeostatic-A,C1,Control,Oxygen control
C1_CCCTAACAGGGTGAGG-1,6.3311434,4.804237,2,Homeostatic-A,C1,Control,Oxygen control
C1_CCCTCAACATGACGTT-1,4.061951,3.9753733,2,Homeostatic-A,C1,Control,Oxygen control
C1_CCCTGATAGTCGGCAA-1,5.26977,2.2671077,3,Homeostatic-B,C1,Control,Oxygen control
C1_CCGAACGGTGTCATCA-1,4.660568,1.5186167,3,Homeostatic-B,C1,Control,Oxygen control
C1_CCGATCTCAACTGATC-1,-1.6379819,2.2021515,1,Transitional-A,C1,Control,Oxygen control
C1_CCGATGGAGACGGATC-1,1.7767438,3.571828,3,Homeostatic-B,C1,Control,Oxygen control
C1_CCGATGGCAAACCATC-1,4.1032815,5.1262784,2,Homeostatic-A,C1,Control,Oxygen control
C1_CCGATGGCACGACTAT-1,3.7746618,-1.0890193,4,Homeostatic-C,C1,Control,Oxygen control
C1_CCGCAAGCACGCGTGT-1,4.387004,1.8319566,3,Homeostatic-B,C1,Control,Oxygen control
C1_CCGCAAGGTTGCATGT-1,6.700859,4.555283,2,Homeostatic-A,C1,Control,Oxygen control
C1_CCGCAAGTCCGGACTG-1,0.83128583,5.2177954,3,Homeostatic-B,C1,Control,Oxygen control
C1_CCGCAAGTCTGGGTCG-1,4.8224177,5.99824,2,Homeostatic-A,C1,Control,Oxygen control
C1_CCGGGTAGTGATTCTG-1,4.737218,6.221172,2,Homeostatic-A,C1,Control,Oxygen control
C1_CCGGTAGTCCAATCTT-1,3.6606584,2.219581,3,Homeostatic-B,C1,Control,Oxygen control
C1_CCGGTGATCGTTCTGC-1,2.1906266,1.0880355,4,Homeostatic-C,C1,Control,Oxygen control
C1_CCGTAGGGTACGTGAG-1,5.524223,-0.5818474,5,Transitional-B,C1,Control,Oxygen control
C1_CCGTAGGTCCTACACC-1,1.0309365,9.790771,0,Inflammatory,C1,Control,Oxygen control
C1_CCGTTCAGTCATATGC-1,4.2178845,1.704086,3,Homeostatic-B,C1,Control,Oxygen control
C1_CCTACGTAGAGTGAAG-1,5.363237,4.613531,2,Homeostatic-A,C1,Control,Oxygen control
C1_CCTATCGAGGCTGAAC-1,3.7483547,2.6262786,3,Homeostatic-B,C1,Control,Oxygen control
C1_CCTCACAGTAACAGTA-1,0.28712404,5.4414454,0,Inflammatory,C1,Control,Oxygen control
C1_CCTCAGTCACGGTGAA-1,5.868545,4.7106166,2,Homeostatic-A,C1,Control,Oxygen control
C1_CCTCCAATCAAGTGGG-1,2.1007102,2.0988529,3,Homeostatic-B,C1,Control,Oxygen control
C1_CCTCCAATCATTGTGG-1,1.3253994,-1.5420338,4,Homeostatic-C,C1,Control,Oxygen control
C1_CCTCCTCAGCCTCAGC-1,2.3403535,-0.2710784,4,Homeostatic-C,C1,Control,Oxygen control
C1_CCTCCTCAGTGGAAAG-1,3.5434651,5.1545916,2,Homeostatic-A,C1,Control,Oxygen control
C1_CCTCCTCGTAGTGTGG-1,2.740925,2.6866243,3,Homeostatic-B,C1,Control,Oxygen control
C1_CCTCCTCTCGATTGGT-1,0.24268033,-0.103270054,4,Homeostatic-C,C1,Control,Oxygen control
C1_CCTCTAGTCTCTCAAT-1,1.1913853,7.0530334,0,Inflammatory,C1,Control,Oxygen control
C1_CCTCTCCAGAAACACT-1,0.31848028,-1.0339586,4,Homeostatic-C,C1,Control,Oxygen control
C1_CCTCTCCTCTTCCCGA-1,0.59722495,6.339012,0,Inflammatory,C1,Control,Oxygen control
C1_CCTGTTGTCCAGCCTT-1,7.070456,5.1890965,2,Homeostatic-A,C1,Control,Oxygen control
C1_CCTTCAGCACTCATAG-1,-0.4112686,-0.8920705,4,Homeostatic-C,C1,Control,Oxygen control
C1_CCTTGTGCATACAGCT-1,-1.2700936,-0.5094597,1,Transitional-A,C1,Control,Oxygen control
C1_CCTTGTGTCAAAGACA-1,2.148534,2.6446323,3,Homeostatic-B,C1,Control,Oxygen control
C1_CCTTTGGAGGTTAAAC-1,3.187793,-1.5056787,4,Homeostatic-C,C1,Control,Oxygen control
C1_CCTTTGGTCATTGTGG-1,1.7367024,-2.1563003,4,Homeostatic-C,C1,Control,Oxygen control
C1_CGAAGGAGTAACTAAG-1,2.0683496,3.1674047,3,Homeostatic-B,C1,Control,Oxygen control
C1_CGAAGGATCATCTGTT-1,-0.70648705999999994,1.8769469,1,Transitional-A,C1,Control,Oxygen control
C1_CGAATTGAGTTCATGC-1,-0.24910177,-1.324926,4,Homeostatic-C,C1,Control,Oxygen control
C1_CGAATTGGTAACTTCG-1,1.8636292,5.2398834,3,Homeostatic-B,C1,Control,Oxygen control
C1_CGAATTGTCGATGCTA-1,5.132077,6.0751147,2,Homeostatic-A,C1,Control,Oxygen control
C1_CGACAGCCAGAGTCTT-1,2.0251203,4.1365623,3,Homeostatic-B,C1,Control,Oxygen control
C1_CGAGAAGAGAAGAGCA-1,1.7722684,7.9983597,0,Inflammatory,C1,Control,Oxygen control
C1_CGAGGAAGTAAGGCTG-1,2.9174774,7.6453176,2,Homeostatic-A,C1,Control,Oxygen control
C1_CGAGTGCCAAGTTGGG-1,1.2098498,-0.30114263,4,Homeostatic-C,C1,Control,Oxygen control
C1_CGAGTGCGTGCTATTG-1,1.4460819,-1.2317736,4,Homeostatic-C,C1,Control,Oxygen control
C1_CGAGTGCTCCCGAGTG-1,1.9081904,-0.87913287,4,Homeostatic-C,C1,Control,Oxygen control
C1_CGAGTTAAGCGTTCCG-1,0.0430731,-0.67594814,4,Homeostatic-C,C1,Control,Oxygen control
C1_CGATGGCAGAGAGCAA-1,0.66398495,-2.46557,4,Homeostatic-C,C1,Control,Oxygen control
C1_CGCATGGAGGCCCGTT-1,3.55504,-0.42677522,4,Homeostatic-C,C1,Control,Oxygen control
C1_CGCATGGAGTTGCGAG-1,4.3507752,0.2561038,4,Homeostatic-C,C1,Control,Oxygen control
C1_CGCATGGCATAGAGGC-1,1.9063709,-0.09765747,4,Homeostatic-C,C1,Control,Oxygen control
C1_CGCATGGTCCAACCAA-1,1.4512446,5.902537,0,Inflammatory,C1,Control,Oxygen control
C1_CGCCAGATCAAAGAAC-1,5.0189776,2.0504618,3,Homeostatic-B,C1,Control,Oxygen control
C1_CGGAACCGTTGCCATA-1,0.24559563,3.6883795,1,Transitional-A,C1,Control,Oxygen control
C1_CGGACACAGGCCTAAG-1,-1.8190197,3.1578386,1,Transitional-A,C1,Control,Oxygen control
C1_CGGCAGTAGCGTGCCT-1,2.8072302,8.86712,0,Inflammatory,C1,Control,Oxygen control
C1_CGGCAGTGTTCGGTCG-1,1.4323114,-0.5470168,4,Homeostatic-C,C1,Control,Oxygen control
C1_CGGGACTTCACGATCA-1,2.6025538,3.2533104,3,Homeostatic-B,C1,Control,Oxygen control
C1_CGGGACTTCGATACAC-1,5.14225,-0.630416,5,Transitional-B,C1,Control,Oxygen control
C1_CGGGCATCATAAGCGG-1,4.9988008,8.486175,2,Homeostatic-A,C1,Control,Oxygen control
C1_CGGGTGTAGTTCGCAT-1,1.3245931,4.176224,3,Homeostatic-B,C1,Control,Oxygen control
C1_CGGGTGTGTCGAATGG-1,2.4882715,2.7353458,3,Homeostatic-B,C1,Control,Oxygen control
C1_CGTAAGTAGCGACTAG-1,0.6820673,5.365501,3,Homeostatic-B,C1,Control,Oxygen control
C1_CGTAATGTCATTATCC-1,2.254635,4.293308,3,Homeostatic-B,C1,Control,Oxygen control
C1_CGTCAAATCGGTAGGA-1,2.154957,-0.9373179,4,Homeostatic-C,C1,Control,Oxygen control
C1_CGTCCATAGTCTAGCT-1,4.7542953,6.2705956,2,Homeostatic-A,C1,Control,Oxygen control
C1_CGTGATAAGGCGATAC-1,2.1649673,4.1569223,3,Homeostatic-B,C1,Control,Oxygen control
C1_CGTGATATCGTAGCCG-1,-0.83061355,-1.886335,1,Transitional-A,C1,Control,Oxygen control
C1_CGTGTCTAGGCAGGTT-1,2.7743802,6.3615212,2,Homeostatic-A,C1,Control,Oxygen control
C1_CGTGTCTTCCCGAGAC-1,4.630247,9.7132225,0,Inflammatory,C1,Control,Oxygen control
C1_CGTTAGAGTGGTCAAG-1,-0.49285674,1.9942849,1,Transitional-A,C1,Control,Oxygen control
C1_CGTTCTGAGGCTTAGG-1,4.6640744,7.6284275,2,Homeostatic-A,C1,Control,Oxygen control
C1_CGTTCTGCAACATACC-1,5.862015,4.6749153,2,Homeostatic-A,C1,Control,Oxygen control
C1_CGTTGGGCAGAAGCTG-1,1.692528,-0.765538,4,Homeostatic-C,C1,Control,Oxygen control
C1_CTAACCCAGCATGCGA-1,2.41403,-0.5532301,4,Homeostatic-C,C1,Control,Oxygen control
C1_CTAACCCCATGGTGGA-1,4.7354503,1.565656,3,Homeostatic-B,C1,Control,Oxygen control
C1_CTAACTTGTAGTTACC-1,1.3186836,3.5397615,3,Homeostatic-B,C1,Control,Oxygen control
C1_CTAACTTTCTTACCGC-1,5.9216766,3.4640107,2,Homeostatic-A,C1,Control,Oxygen control
C1_CTAAGTGCAGAATGTA-1,6.052468,0.8259451,5,Transitional-B,C1,Control,Oxygen control
C1_CTACAGATCGCGAAGA-1,0.4663467,1.3285345,1,Transitional-A,C1,Control,Oxygen control
C1_CTACGGGAGTGCTACT-1,1.3160578,6.3228145,0,Inflammatory,C1,Control,Oxygen control
C1_CTACGGGGTGATACAA-1,4.119698,-0.99143416,4,Homeostatic-C,C1,Control,Oxygen control
C1_CTACTATGTTACCTTT-1,2.4956813,-0.45255953,4,Homeostatic-C,C1,Control,Oxygen control
C1_CTAGACACACGCGCAT-1,0.36503372,3.8876448,1,Transitional-A,C1,Control,Oxygen control
C1_CTAGACACATGACTTG-1,5.6766295,5.4977264,2,Homeostatic-A,C1,Control,Oxygen control
C1_CTAGACAGTGAGATAT-1,3.0148814,5.2281218,2,Homeostatic-A,C1,Control,Oxygen control
C1_CTAGGTAAGCTACAAA-1,1.4920417,1.9288946,1,Transitional-A,C1,Control,Oxygen control
C1_CTAGGTAGTACGTAGG-1,-1.0187647,4.5200133,1,Transitional-A,C1,Control,Oxygen control
C1_CTATCCGGTAACAGGC-1,2.1091435,5.1258917,3,Homeostatic-B,C1,Control,Oxygen control
C1_CTATCCGTCACGGGCT-1,-0.59808683,-2.3829124,4,Homeostatic-C,C1,Control,Oxygen control
C1_CTATCTACACGACGCT-1,4.281008,-0.2735509,4,Homeostatic-C,C1,Control,Oxygen control
C1_CTCAACCCAGCTAACT-1,-1.19334,-1.6370549,1,Transitional-A,C1,Control,Oxygen control
C1_CTCAACCTCCACACCT-1,-0.6296507,4.5511255,1,Transitional-A,C1,Control,Oxygen control
C1_CTCAAGATCCAATGCA-1,4.1207314,8.693779,2,Homeostatic-A,C1,Control,Oxygen control
C1_CTCAATTGTAATGCTC-1,1.5414897,5.977865,0,Inflammatory,C1,Control,Oxygen control
C1_CTCAGGGCAGCGTTTA-1,-1.5953925,6.392546,0,Inflammatory,C1,Control,Oxygen control
C1_CTCAGTCGTGCTCGTG-1,-0.00246848,-1.1734257,4,Homeostatic-C,C1,Control,Oxygen control
C1_CTCATCGAGTTTAGGA-1,3.7433116,0.19513924,4,Homeostatic-C,C1,Control,Oxygen control
C1_CTCATCGTCAAACCTG-1,5.3883667,1.5756837,3,Homeostatic-B,C1,Control,Oxygen control
C1_CTCATCGTCACGATAC-1,0.37857062,-2.2585633,4,Homeostatic-C,C1,Control,Oxygen control
C1_CTCATGCGTGGACCTC-1,2.0063972,2.843865,3,Homeostatic-B,C1,Control,Oxygen control
C1_CTCATGCTCTCGACGG-1,1.50256,2.9914706,3,Homeostatic-B,C1,Control,Oxygen control
C1_CTCATTAAGGAGCAAA-1,2.206235,3.0367,3,Homeostatic-B,C1,Control,Oxygen control
C1_CTCATTAAGTAAACGT-1,4.33726,7.228778,2,Homeostatic-A,C1,Control,Oxygen control
C1_CTCATTATCATAGGCT-1,-2.5114937,-0.2527764,1,Transitional-A,C1,Control,Oxygen control
C1_CTCATTATCCTCGCAT-1,-0.023078635,4.977507,1,Transitional-A,C1,Control,Oxygen control
C1_CTCCAACTCTTCGACC-1,1.358084,5.980514,0,Inflammatory,C1,Control,Oxygen control
C1_CTCCACAGTTGATCGT-1,1.8449984,-1.1914158,4,Homeostatic-C,C1,Control,Oxygen control
C1_CTCCCAATCCCGAGGT-1,5.3065906,10.788987,0,Inflammatory,C1,Control,Oxygen control
C1_CTCCCTCAGCGTCAAG-1,2.1742754,6.913724,2,Homeostatic-A,C1,Control,Oxygen control
C1_CTCCTCCCACACGGAA-1,0.91536963,-2.1556082,4,Homeostatic-C,C1,Control,Oxygen control
C1_CTCCTCCGTGTTACAC-1,2.8120477,6.963212,0,Inflammatory,C1,Control,Oxygen control
C1_CTCCTCCTCCTGTTAT-1,0.8066388,3.4639988,1,Transitional-A,C1,Control,Oxygen control
C1_CTCCTTTGTTTCACTT-1,-1.103716,4.5168147,1,Transitional-A,C1,Control,Oxygen control
C1_CTCCTTTTCAGACATC-1,-1.0532099,-1.430644,1,Transitional-A,C1,Control,Oxygen control
C1_CTCCTTTTCTCATTTG-1,2.2859447,0.23819445,4,Homeostatic-C,C1,Control,Oxygen control
C1_CTCGAGGTCTGTAAGC-1,4.002188,2.909514,3,Homeostatic-B,C1,Control,Oxygen control
C1_CTCTCGAGTCTTGCTC-1,7.3718834,1.4473855,5,Transitional-B,C1,Control,Oxygen control
C1_CTGAATGCAATGAACA-1,-0.27656037,6.3226914,0,Inflammatory,C1,Control,Oxygen control
C1_CTGAGGCGTGAGCGAT-1,-0.71028256,5.5092834999999996,0,Inflammatory,C1,Control,Oxygen control
C1_CTGAGGCTCAGGGTAG-1,3.5924447,11.0181675,0,Inflammatory,C1,Control,Oxygen control
C1_CTGAGGCTCATCCCGT-1,1.3640395,1.8594588,1,Transitional-A,C1,Control,Oxygen control
C1_CTGATCCAGTTAACGA-1,0.48079687,1.7942493,1,Transitional-A,C1,Control,Oxygen control
C1_CTGATCCTCCATTGTT-1,4.676498,6.4713383,2,Homeostatic-A,C1,Control,Oxygen control
C1_CTGCAGGGTCACTCAA-1,0.035626482,5.5592575,0,Inflammatory,C1,Control,Oxygen control
C1_CTGCAGGTCCCAGGCA-1,-0.7378574,5.0337996,1,Transitional-A,C1,Control,Oxygen control
C1_CTGCGAGCACAACGCC-1,2.4893541,10.274956,0,Inflammatory,C1,Control,Oxygen control
C1_CTGGACGCAGTTAGAA-1,2.2389073,8.234327,0,Inflammatory,C1,Control,Oxygen control
C1_CTGGCAGAGCATAGGC-1,1.4666994,8.64282,0,Inflammatory,C1,Control,Oxygen control
C1_CTGGTCTCACAGCATT-1,1.0706344,-2.4735253,4,Homeostatic-C,C1,Control,Oxygen control
C1_CTGGTCTCACATACTG-1,2.0712237,5.947507,2,Homeostatic-A,C1,Control,Oxygen control
C1_CTGGTCTGTACAAAGT-1,1.8912178,8.253204,0,Inflammatory,C1,Control,Oxygen control
C1_CTGTACCTCGACCCAG-1,-1.3743038,-0.5923079,1,Transitional-A,C1,Control,Oxygen control
C1_CTGTCGTCAGGCTTGC-1,0.0057482705,1.6819626,1,Transitional-A,C1,Control,Oxygen control
C1_CTGTGAAAGGTTCTAC-1,4.6711383,0.7697935,3,Homeostatic-B,C1,Control,Oxygen control
C1_CTGTGAAGTTAGAAGT-1,1.0009676,-0.08252955,4,Homeostatic-C,C1,Control,Oxygen control
C1_CTTACCGTCTGACCCT-1,6.3511543,-1.6142526,5,Transitional-B,C1,Control,Oxygen control
C1_CTTCCTTAGGCTTTCA-1,5.9723563,4.459746,2,Homeostatic-A,C1,Control,Oxygen control
C1_CTTCCTTCAGCATACT-1,3.716302,5.578324,2,Homeostatic-A,C1,Control,Oxygen control
C1_CTTCCTTTCCAACTAG-1,-0.8483721,-1.8821808,1,Transitional-A,C1,Control,Oxygen control
C1_CTTCGGTGTCCAATCA-1,3.2273238,7.4966846,2,Homeostatic-A,C1,Control,Oxygen control
C1_CTTCGGTTCGGCATTA-1,4.096961,6.07996,2,Homeostatic-A,C1,Control,Oxygen control
C1_CTTCTAAAGGACACTG-1,0.08433754,0.8909983,1,Transitional-A,C1,Control,Oxygen control
C1_CTTCTAATCAAGCTGT-1,1.0922341,1.1410073,4,Homeostatic-C,C1,Control,Oxygen control
C1_CTTCTCTGTATGAAGT-1,0.8785391,4.7995315,3,Homeostatic-B,C1,Control,Oxygen control
C1_CTTGAGAGTCACCGCA-1,0.17116848,7.011588,0,Inflammatory,C1,Control,Oxygen control
C1_CTTGAGATCAAGTGGG-1,5.893483,5.8647304,2,Homeostatic-A,C1,Control,Oxygen control
C1_CTTGATTCACTGTGAT-1,3.1753016,-0.74258804,4,Homeostatic-C,C1,Control,Oxygen control
C1_GAAACCTAGCACCCAC-1,0.4609593,3.288727,1,Transitional-A,C1,Control,Oxygen control
C1_GAAACCTAGGAAGAAC-1,-0.8942618,3.8214192,1,Transitional-A,C1,Control,Oxygen control
C1_GAAACCTCAACTGTGT-1,4.0650554,4.198365,2,Homeostatic-A,C1,Control,Oxygen control
C1_GAAACCTTCCGCACGA-1,3.0267904,6.445645,2,Homeostatic-A,C1,Control,Oxygen control
C1_GAAATGACAGAGTGAC-1,-0.5799743,1.8941468,1,Transitional-A,C1,Control,Oxygen control
C1_GAACACTAGGACAACC-1,1.017278,8.362519,0,Inflammatory,C1,Control,Oxygen control
C1_GAACACTCACACGCCA-1,-0.34975666,3.8770504,1,Transitional-A,C1,Control,Oxygen control
C1_GAACGTTCAGTGTACT-1,0.9712201,0.41172478,4,Homeostatic-C,C1,Control,Oxygen control
C1_GAAGGACGTACCAGAG-1,1.9402453,11.5469475,0,Inflammatory,C1,Control,Oxygen control
C1_GAAGTAACAATCTGCA-1,-0.83581,5.2999773,1,Transitional-A,C1,Control,Oxygen control
C1_GAAGTAACACCGTGCA-1,4.054907,10.432171,0,Inflammatory,C1,Control,Oxygen control
C1_GAAGTAAGTTCAGCTA-1,2.182686,5.6178026,3,Homeostatic-B,C1,Control,Oxygen control
C1_GAATCACTCGATCCCT-1,-0.9806366,-0.8044409,1,Transitional-A,C1,Control,Oxygen control
C1_GACACGCGTGCCTGAC-1,2.8025856,3.3541172,3,Homeostatic-B,C1,Control,Oxygen control
C1_GACAGCCGTGTGATGG-1,7.2211995,0.5919893,5,Transitional-B,C1,Control,Oxygen control
C1_GACATCAAGATAGTCA-1,0.5795601,-2.2184439,4,Homeostatic-C,C1,Control,Oxygen control
C1_GACATCAGTCCTTGTC-1,3.302492,-0.3243989,4,Homeostatic-C,C1,Control,Oxygen control
C1_GACCAATAGAGTCCGA-1,0.3825622,-1.9749112,4,Homeostatic-C,C1,Control,Oxygen control
C1_GACCAATTCGTGCACG-1,5.266914,-0.6575339,5,Transitional-B,C1,Control,Oxygen control
C1_GACCCAGTCAGCTCTC-1,3.6439662,-0.054283947,4,Homeostatic-C,C1,Control,Oxygen control
C1_GACCCTTCATTCAGGT-1,3.6236718,6.989716,2,Homeostatic-A,C1,Control,Oxygen control
C1_GACCGTGCACTACGGC-1,2.4007673,4.620208,3,Homeostatic-B,C1,Control,Oxygen control
C1_GACCTTCAGGATTTGA-1,0.17507292,2.0777395,1,Transitional-A,C1,Control,Oxygen control
C1_GACCTTCGTAGTTACC-1,0.380257,4.095407,1,Transitional-A,C1,Control,Oxygen control
C1_GACGCTGGTATTCTCT-1,-0.62413055,-1.0343472,1,Transitional-A,C1,Control,Oxygen control
C1_GACGTTAAGTATTCCG-1,4.8431954,1.0431973,3,Homeostatic-B,C1,Control,Oxygen control
C1_GACGTTATCGGAGTGA-1,4.940616,5.6994357,2,Homeostatic-A,C1,Control,Oxygen control
C1_GACTATGCACAATGCT-1,0.8823097,-2.2402804,4,Homeostatic-C,C1,Control,Oxygen control
C1_GACTATGGTGATTCTG-1,1.1514375,6.120764,0,Inflammatory,C1,Control,Oxygen control
C1_GACTATGTCCTTATGT-1,0.18894133,4.259226,1,Transitional-A,C1,Control,Oxygen control
C1_GACTCAAAGGTCGTAG-1,6.087932,-1.4412708,5,Transitional-B,C1,Control,Oxygen control
C1_GACTGATAGCTAATGA-1,0.5163399,0.58659637,1,Transitional-A,C1,Control,Oxygen control
C1_GACTGATAGTCTAGAA-1,1.818293,9.328186,0,Inflammatory,C1,Control,Oxygen control
C1_GACTGATCAGTTTCAG-1,0.32660466,-0.53020835,4,Homeostatic-C,C1,Control,Oxygen control
C1_GACTTCCAGTCCCGGT-1,-1.1859603,3.3709807,1,Transitional-A,C1,Control,Oxygen control
C1_GACTTCCCATGTGCTA-1,4.3215256,7.941328,2,Homeostatic-A,C1,Control,Oxygen control
C1_GACTTCCGTAGCTTAC-1,3.1057549,-1.7620915,4,Homeostatic-C,C1,Control,Oxygen control
C1_GAGAAATCAGCATCTA-1,4.957201,3.2730322,3,Homeostatic-B,C1,Control,Oxygen control
C1_GAGAAATGTGCATCTA-1,-0.18507297,-1.3927766,4,Homeostatic-C,C1,Control,Oxygen control
C1_GAGACCCGTAGCGATG-1,5.7796154,-1.7229277,5,Transitional-B,C1,Control,Oxygen control
C1_GAGACCCGTTATGACC-1,0.98011833,-2.6449356,4,Homeostatic-C,C1,Control,Oxygen control
C1_GAGACCCTCCATTCAT-1,-0.78112006,0.43378168,1,Transitional-A,C1,Control,Oxygen control
C1_GAGAGGTAGTTGCCCG-1,1.5408019,-0.5815017,4,Homeostatic-C,C1,Control,Oxygen control
C1_GAGATGGGTTTACTTC-1,-0.9869918,3.4113655,1,Transitional-A,C1,Control,Oxygen control
C1_GAGCCTGAGGAGACCT-1,1.2689373,0.08835126,4,Homeostatic-C,C1,Control,Oxygen control
C1_GAGGCAAAGATACAGT-1,3.903443,3.824161,3,Homeostatic-B,C1,Control,Oxygen control
C1_GAGGCAAGTGCCTTCT-1,7.957346,-0.5542108,5,Transitional-B,C1,Control,Oxygen control
C1_GAGGGATCAGTAGTGG-1,3.8094316,5.6797132,2,Homeostatic-A,C1,Control,Oxygen control
C1_GAGGGTATCTATCGTT-1,0.17870396,-0.15289699,4,Homeostatic-C,C1,Control,Oxygen control
C1_GAGTGTTAGTACGTCT-1,-0.90815115,-0.30277336,1,Transitional-A,C1,Control,Oxygen control
C1_GAGTTACGTCCTCCTA-1,3.1190991,1.9655812,3,Homeostatic-B,C1,Control,Oxygen control
C1_GAGTTTGCAGCTACTA-1,2.7304354,2.5444188,3,Homeostatic-B,C1,Control,Oxygen control
C1_GAGTTTGCAGGTGACA-1,-2.5986693,3.2832115,1,Transitional-A,C1,Control,Oxygen control
C1_GATAGCTTCAAATAGG-1,2.064405,1.9075623,3,Homeostatic-B,C1,Control,Oxygen control
C1_GATCAGTTCCACAAGT-1,1.5584682,0.032262217,4,Homeostatic-C,C1,Control,Oxygen control
C1_GATCATGAGGATTCAA-1,5.435475,2.6606457,3,Homeostatic-B,C1,Control,Oxygen control
C1_GATCCCTAGATGGGCT-1,4.9995384,-0.79874635,5,Transitional-B,C1,Control,Oxygen control
C1_GATCCCTGTCGTGTTA-1,4.511619,3.8708985,2,Homeostatic-A,C1,Control,Oxygen control
C1_GATCGTAAGATACCAA-1,1.3411101,-1.5661608,4,Homeostatic-C,C1,Control,Oxygen control
C1_GATCGTATCTCGCGTT-1,6.0544753,-0.45553118,5,Transitional-B,C1,Control,Oxygen control
C1_GATGACTTCAAGCTTG-1,5.7611637,-1.624065,5,Transitional-B,C1,Control,Oxygen control
C1_GATGACTTCGCAAGAG-1,3.0742068,9.136737,0,Inflammatory,C1,Control,Oxygen control
C1_GATGCTAAGCTCGTGC-1,0.41175634,3.0637577,1,Transitional-A,C1,Control,Oxygen control
C1_GATGTTGGTTGCGGCT-1,6.772086,2.4755964,2,Homeostatic-A,C1,Control,Oxygen control
C1_GATTCGAAGATTGGGC-1,4.601505,-0.36517325,4,Homeostatic-C,C1,Control,Oxygen control
C1_GATTCGAAGCTGACAG-1,4.0460563,6.9305234,2,Homeostatic-A,C1,Control,Oxygen control
C1_GATTCGAAGGCATCGA-1,3.034491,3.2351274,3,Homeostatic-B,C1,Control,Oxygen control
C1_GATTCGAGTACTCGCG-1,-0.17436731,1.0596373,1,Transitional-A,C1,Control,Oxygen control
C1_GATTCTTAGACATATG-1,4.8455796,0.017711079,5,Transitional-B,C1,Control,Oxygen control
C1_GATTCTTAGCTTTCTT-1,2.0454886,7.6015377,0,Inflammatory,C1,Control,Oxygen control
C1_GATTGGTAGACCGCCT-1,2.6700902,8.701726,0,Inflammatory,C1,Control,Oxygen control
C1_GATTGGTAGTGAGGTC-1,-1.8810887,4.8345613,1,Transitional-A,C1,Control,Oxygen control
C1_GATTGGTGTTCAAGTC-1,2.4645438,0.9742431,4,Homeostatic-C,C1,Control,Oxygen control
C1_GCAACCGAGACCTGGA-1,6.21044,1.8780648,5,Transitional-B,C1,Control,Oxygen control
C1_GCAACCGTCCACGTCT-1,1.1855216,-1.9974092,4,Homeostatic-C,C1,Control,Oxygen control
C1_GCACATACAGAACTCT-1,3.3258204,1.6980822,3,Homeostatic-B,C1,Control,Oxygen control
C1_GCACATATCTGGTCAA-1,4.0696216,-2.0613058,4,Homeostatic-C,C1,Control,Oxygen control
C1_GCACGGTAGAGGGTAA-1,3.3778942,0.34661388,4,Homeostatic-C,C1,Control,Oxygen control
C1_GCACGGTCATACCATG-1,3.717332,-0.73742956,4,Homeostatic-C,C1,Control,Oxygen control
C1_GCACGTGGTTTAGAGA-1,0.39312866,5.691701,0,Inflammatory,C1,Control,Oxygen control
C1_GCAGCCACATTGGATC-1,3.9820702,7.6538677,2,Homeostatic-A,C1,Control,Oxygen control
C1_GCAGCCAGTCACGTGC-1,0.13622394,3.3649676,1,Transitional-A,C1,Control,Oxygen control
C1_GCAGGCTAGACTTCAC-1,7.0397105,-0.99187976,5,Transitional-B,C1,Control,Oxygen control
C1_GCAGGCTGTCACAGTT-1,2.6120603,10.794799,0,Inflammatory,C1,Control,Oxygen control
C1_GCAGGCTGTTGTCTAG-1,0.9639217,-1.3132272,4,Homeostatic-C,C1,Control,Oxygen control
C1_GCAGTTAAGAAGGTAG-1,5.6708875,4.9933014,2,Homeostatic-A,C1,Control,Oxygen control
C1_GCAGTTAGTTGATGTC-1,5.6840906,-1.5752908,5,Transitional-B,C1,Control,Oxygen control
C1_GCAGTTATCCTTCTGG-1,8.230404,-0.7568903,5,Transitional-B,C1,Control,Oxygen control
C1_GCATCGGAGAACAGGA-1,5.331041,6.54645,2,Homeostatic-A,C1,Control,Oxygen control
C1_GCATCGGAGCAACTCT-1,2.7491298,1.4878547,4,Homeostatic-C,C1,Control,Oxygen control
C1_GCATCGGCACCAGGTC-1,2.043844,7.3610363,0,Inflammatory,C1,Control,Oxygen control
C1_GCATCGGGTCTCGACG-1,1.4931054,3.8076258,3,Homeostatic-B,C1,Control,Oxygen control
C1_GCATCGGGTGTATTCG-1,4.0016384,-0.75187486,4,Homeostatic-C,C1,Control,Oxygen control
C1_GCATCGGGTTATTCTC-1,2.3550007,3.8471596,3,Homeostatic-B,C1,Control,Oxygen control
C1_GCCAACGTCATACGAC-1,4.758221,1.8090035,3,Homeostatic-B,C1,Control,Oxygen control
C1_GCCATGGCAGAGAGGG-1,0.4753233,1.6545373,1,Transitional-A,C1,Control,Oxygen control
C1_GCCATGGCATAAGATG-1,3.3061335,1.2751311,3,Homeostatic-B,C1,Control,Oxygen control
C1_GCCATGGGTTACCCAA-1,3.3381085,6.15745,2,Homeostatic-A,C1,Control,Oxygen control
C1_GCCCAGAGTTAATGAG-1,-0.25762704,7.024559,0,Inflammatory,C1,Control,Oxygen control
C1_GCCCGAAAGGTCCAGA-1,3.4538653,-1.2202622,4,Homeostatic-C,C1,Control,Oxygen control
C1_GCCGATGAGGCTAAAT-1,1.5491344,7.821725,0,Inflammatory,C1,Control,Oxygen control
C1_GCCGTGACATTGCCTC-1,3.25645,5.6787405,2,Homeostatic-A,C1,Control,Oxygen control
C1_GCCGTGAGTATGCAAA-1,2.7475092,6.428372,2,Homeostatic-A,C1,Control,Oxygen control
C1_GCCTGTTCAAGTGGAC-1,8.220884,-0.20440024,5,Transitional-B,C1,Control,Oxygen control
C1_GCGATCGGTCTAGTGT-1,1.9401101,-0.95239055,4,Homeostatic-C,C1,Control,Oxygen control
C1_GCGGAAATCGAGAGAC-1,5.3417788,-0.5990818,5,Transitional-B,C1,Control,Oxygen control
C1_GCGGATCAGCTAATGA-1,2.8220801,3.7612383,3,Homeostatic-B,C1,Control,Oxygen control
C1_GCGTGCACAACTCATG-1,0.57036823,4.53432,3,Homeostatic-B,C1,Control,Oxygen control
C1_GCGTGCAGTTACCTGA-1,5.5789595,0.5265417,5,Transitional-B,C1,Control,Oxygen control
C1_GCGTGCATCTTAAGGC-1,3.3520386,-1.6780359,4,Homeostatic-C,C1,Control,Oxygen control
C1_GCGTTTCAGTGGTTAA-1,0.2105107,-1.6876949,4,Homeostatic-C,C1,Control,Oxygen control
C1_GCGTTTCTCCGATAGT-1,2.083325,4.896291,3,Homeostatic-B,C1,Control,Oxygen control
C1_GCTACAACAGCGTAGA-1,-2.0295224,1.6505253,1,Transitional-A,C1,Control,Oxygen control
C1_GCTACAAGTGAATATG-1,5.3316803,-1.5638412,5,Transitional-B,C1,Control,Oxygen control
C1_GCTACAAGTTCTTCAT-1,-2.485211,3.201561,1,Transitional-A,C1,Control,Oxygen control
C1_GCTACCTAGATGACAT-1,3.0717156,3.0018482,3,Homeostatic-B,C1,Control,Oxygen control
C1_GCTACCTCATGCCATA-1,0.61632115,6.0748677,0,Inflammatory,C1,Control,Oxygen control
C1_GCTCAAAAGGACTTCT-1,-1.4449062,2.2675416,1,Transitional-A,C1,Control,Oxygen control
C1_GCTCAAAAGGCTTAGG-1,0.48236144,4.3155966,1,Transitional-A,C1,Control,Oxygen control
C1_GCTCAAACAAGTGCTT-1,-1.2212018,2.6160293,1,Transitional-A,C1,Control,Oxygen control
C1_GCTCAAAGTACAGAAT-1,2.0418622,6.863846,0,Inflammatory,C1,Control,Oxygen control
C1_GCTGAATAGTACCGGA-1,3.162263,3.9865599,3,Homeostatic-B,C1,Control,Oxygen control
C1_GCTGAATCAACATCGT-1,3.490144,5.5431256,2,Homeostatic-A,C1,Control,Oxygen control
C1_GCTGAATCAGACACAG-1,1.3631058,6.497785,0,Inflammatory,C1,Control,Oxygen control
C1_GCTGAATGTCTGTGTA-1,3.4555807,2.0406725,3,Homeostatic-B,C1,Control,Oxygen control
C1_GCTGGGTCATCGATCA-1,-1.5621996,-1.0361822,1,Transitional-A,C1,Control,Oxygen control
C1_GGAACCCCACATACTG-1,-0.40142602,0.29957786,1,Transitional-A,C1,Control,Oxygen control
C1_GGAACCCCAGCTGAAG-1,1.0450199,-2.4931858,4,Homeostatic-C,C1,Control,Oxygen control
C1_GGAACCCGTGTTGCCG-1,4.715951,4.5714397,2,Homeostatic-A,C1,Control,Oxygen control
C1_GGAAGTGAGTGTAGTA-1,5.3537,6.1197953,2,Homeostatic-A,C1,Control,Oxygen control
C1_GGAAGTGTCGTGCACG-1,2.0916057,4.2624774,3,Homeostatic-B,C1,Control,Oxygen control
C1_GGAATCTGTACCTAGT-1,3.2504508,2.057674,3,Homeostatic-B,C1,Control,Oxygen control
C1_GGAATGGAGCCTAACT-1,1.9611366,-0.2962462,4,Homeostatic-C,C1,Control,Oxygen control
C1_GGAATGGCATCTCAAG-1,3.5551758,1.564783,3,Homeostatic-B,C1,Control,Oxygen control
C1_GGACGTCAGAACTCCT-1,1.8056417,9.6836605,0,Inflammatory,C1,Control,Oxygen control
C1_GGACGTCGTAGTACGG-1,4.1789765,10.080058,0,Inflammatory,C1,Control,Oxygen control
C1_GGAGAACAGACTCCGC-1,6.2760854,2.4483676,2,Homeostatic-A,C1,Control,Oxygen control
C1_GGAGAACCAGAGCTAG-1,4.942037,5.2629333,2,Homeostatic-A,C1,Control,Oxygen control
C1_GGAGAACGTGAGCTCC-1,4.6564198,-0.014764782,4,Homeostatic-C,C1,Control,Oxygen control
C1_GGAGATGAGTTGAATG-1,3.6601455,2.8480554,3,Homeostatic-B,C1,Control,Oxygen control
C1_GGAGGATAGGCCTTCG-1,4.7968597,9.645061,0,Inflammatory,C1,Control,Oxygen control
C1_GGAGGATGTCGCATGC-1,3.5434005,-1.7579472,4,Homeostatic-C,C1,Control,Oxygen control
C1_GGATCTATCGACCACG-1,-1.1286011,1.1136146,1,Transitional-A,C1,Control,Oxygen control
C1_GGCACGTAGTATGGCG-1,0.24377567,6.2167487,0,Inflammatory,C1,Control,Oxygen control
C1_GGCACGTTCATTTGCT-1,0.030435057,0.8977231,1,Transitional-A,C1,Control,Oxygen control
C1_GGCGTCAGTACTTGTG-1,0.31680894,3.3806553,1,Transitional-A,C1,Control,Oxygen control
C1_GGCGTCATCGATTCCC-1,2.4291494,-2.0845573,4,Homeostatic-C,C1,Control,Oxygen control
C1_GGCTTGGAGACTACCT-1,0.07315517,4.9199324,1,Transitional-A,C1,Control,Oxygen control
C1_GGCTTGGAGGAAACGA-1,3.8503807,2.4542475,3,Homeostatic-B,C1,Control,Oxygen control
C1_GGCTTGGTCTGTAACG-1,0.84026736,-0.14922467,4,Homeostatic-C,C1,Control,Oxygen control
C1_GGCTTTCAGCGAACTG-1,2.3714912,0.29023445,4,Homeostatic-C,C1,Control,Oxygen control
C1_GGCTTTCGTACTAACC-1,-1.5456686,-1.602806,1,Transitional-A,C1,Control,Oxygen control
C1_GGGAAGTGTACACTCA-1,5.4477434,8.922822,0,Inflammatory,C1,Control,Oxygen control
C1_GGGAAGTTCGCCGATG-1,3.0888767,0.690101,4,Homeostatic-C,C1,Control,Oxygen control
C1_GGGACAATCATGCGGC-1,4.2897887,5.599958,2,Homeostatic-A,C1,Control,Oxygen control
C1_GGGACTCGTGCCTTTC-1,1.3543817,6.640008,0,Inflammatory,C1,Control,Oxygen control
C1_GGGATCCTCTAGTACG-1,5.918574,5.4707575,2,Homeostatic-A,C1,Control,Oxygen control
C1_GGGATGACACCGGCTA-1,3.7092593,4.037877,3,Homeostatic-B,C1,Control,Oxygen control
C1_GGGATGACATTGCCTC-1,7.018082,4.997742,2,Homeostatic-A,C1,Control,Oxygen control
C1_GGGATGAGTATCCTCC-1,4.0554347,4.6954794,2,Homeostatic-A,C1,Control,Oxygen control
C1_GGGATGATCCGCGAGT-1,3.6420789,6.7723923,2,Homeostatic-A,C1,Control,Oxygen control
C1_GGGCGTTTCCAGCAAT-1,5.735276,-0.43167403,5,Transitional-B,C1,Control,Oxygen control
C1_GGGCGTTTCCTTGAAG-1,4.812154,3.4284494,2,Homeostatic-A,C1,Control,Oxygen control
C1_GGGCTACAGACGGTTG-1,1.6983362,2.9395673,3,Homeostatic-B,C1,Control,Oxygen control
C1_GGGCTACAGTTCGCAT-1,0.6015017,9.519487,0,Inflammatory,C1,Control,Oxygen control
C1_GGGCTACCATTCATCT-1,4.897502,9.150677,0,Inflammatory,C1,Control,Oxygen control
C1_GGGCTACTCAAGCCTA-1,3.1922626,-0.37259355,4,Homeostatic-C,C1,Control,Oxygen control
C1_GGGTATTAGGTTCCGC-1,-0.63573784,-0.6811266,1,Transitional-A,C1,Control,Oxygen control
C1_GGGTATTCAAGTGCAG-1,3.253551,2.617085,3,Homeostatic-B,C1,Control,Oxygen control
C1_GGGTATTTCTGCTTAT-1,-1.5294813,3.871846,1,Transitional-A,C1,Control,Oxygen control
C1_GGGTCACTCGCTGTTC-1,3.215027,8.501597,0,Inflammatory,C1,Control,Oxygen control
C1_GGGTCTGCAGATTCGT-1,3.9316952,-0.16068132,4,Homeostatic-C,C1,Control,Oxygen control
C1_GGGTGAAAGGACTGGT-1,3.601398,4.2550516,2,Homeostatic-A,C1,Control,Oxygen control
C1_GGGTGAAAGGCCTTGC-1,0.7543549,4.2368274,3,Homeostatic-B,C1,Control,Oxygen control
C1_GGGTGAAAGGGTGAAA-1,-1.5672019,-0.16482878,1,Transitional-A,C1,Control,Oxygen control
C1_GGGTTATAGCCGTTGC-1,4.8254247,-1.1809503,5,Transitional-B,C1,Control,Oxygen control
C1_GGGTTATGTTGCCATA-1,1.808589,4.51074,3,Homeostatic-B,C1,Control,Oxygen control
C1_GGGTTTACAGCTTTCC-1,1.4183953,7.1889796,0,Inflammatory,C1,Control,Oxygen control
C1_GGTAATCCATCACAGT-1,0.44370702,8.973314,0,Inflammatory,C1,Control,Oxygen control
C1_GGTAGAGGTCGCCTAG-1,2.400606,4.627857,3,Homeostatic-B,C1,Control,Oxygen control
C1_GGTAGAGTCCATCTGC-1,3.0112357,3.2914338,3,Homeostatic-B,C1,Control,Oxygen control
C1_GGTAGAGTCTACCTTA-1,0.71413857,-2.2750225,4,Homeostatic-C,C1,Control,Oxygen control
C1_GGTCACGTCATGCATG-1,0.14767128,-0.8911377,4,Homeostatic-C,C1,Control,Oxygen control
C1_GGTGGCTGTGCGAGTA-1,3.8623052,5.210172,2,Homeostatic-A,C1,Control,Oxygen control
C1_GGTGTCGAGCCGAACA-1,5.943411,3.7526433,2,Homeostatic-A,C1,Control,Oxygen control
C1_GGTGTTAAGCGCTGCT-1,5.07848,-0.9599345,5,Transitional-B,C1,Control,Oxygen control
C1_GGTGTTAAGTGTGTTC-1,0.57734644,1.2557263,1,Transitional-A,C1,Control,Oxygen control
C1_GGTTAACAGTCCCAAT-1,3.0514724,2.967687,3,Homeostatic-B,C1,Control,Oxygen control
C1_GGTTCTCGTGACTCTA-1,3.17019,5.1935067,2,Homeostatic-A,C1,Control,Oxygen control
C1_GGTTCTCTCGCAACAT-1,-1.8118716,5.440922,1,Transitional-A,C1,Control,Oxygen control
C1_GGTTGTACAATCCTAG-1,0.7135743,-1.2720938,4,Homeostatic-C,C1,Control,Oxygen control
C1_GGTTGTACATTGTAGC-1,4.282132,12.98771,0,Inflammatory,C1,Control,Oxygen control
C1_GTAACCAAGCACCAGA-1,3.6280951,-1.8281661,4,Homeostatic-C,C1,Control,Oxygen control
C1_GTAACCAGTGCTTCAA-1,0.4662919,4.6609,1,Transitional-A,C1,Control,Oxygen control
C1_GTAAGTCTCGAGATGG-1,3.016077,-1.2564898,4,Homeostatic-C,C1,Control,Oxygen control
C1_GTAATCGTCCGTGTCT-1,2.099942,8.246599,0,Inflammatory,C1,Control,Oxygen control
C1_GTACAACGTCCTATAG-1,1.7428405,-2.0241086,4,Homeostatic-C,C1,Control,Oxygen control
C1_GTACAACTCTCAATCT-1,1.4551569,6.849541,0,Inflammatory,C1,Control,Oxygen control
C1_GTAGAAAAGTTCCGGC-1,-0.24594486,4.3797317,1,Transitional-A,C1,Control,Oxygen control
C1_GTAGCTAGTAAGGAGA-1,3.534045,6.585145,2,Homeostatic-A,C1,Control,Oxygen control
C1_GTAGTACAGCCGAATG-1,5.991922,9.054814,0,Inflammatory,C1,Control,Oxygen control
C1_GTAGTACAGTGATAGT-1,10.775031,2.614205,6,Rare,C1,Control,Oxygen control
C1_GTATTGGCAAATGAAC-1,-1.8965963,4.3849974,1,Transitional-A,C1,Control,Oxygen control
C1_GTCAAACAGCGCTGAA-1,2.2072866,4.858054,3,Homeostatic-B,C1,Control,Oxygen control
C1_GTCAAACGTTGATCGT-1,3.0721304,5.0833,2,Homeostatic-A,C1,Control,Oxygen control
C1_GTCACGGTCGAGTTGT-1,5.90155,1.0166758,5,Transitional-B,C1,Control,Oxygen control
C1_GTCACTCAGAAAGCGA-1,-1.8515202,-0.3369221,1,Transitional-A,C1,Control,Oxygen control
C1_GTCACTCAGAGCAGAA-1,2.0405393,5.9263897,2,Homeostatic-A,C1,Control,Oxygen control
C1_GTCACTCTCGGCTGGT-1,3.6704352,8.180361,2,Homeostatic-A,C1,Control,Oxygen control
C1_GTCATCCAGCCTATTG-1,-2.2684848,3.8744473,1,Transitional-A,C1,Control,Oxygen control
C1_GTCATGATCCTCTCGA-1,3.7757564,7.8257246,2,Homeostatic-A,C1,Control,Oxygen control
C1_GTCATTTAGGTCTACT-1,4.7799115,9.45464,0,Inflammatory,C1,Control,Oxygen control
C1_GTCCACTCAAGTCATC-1,5.7740192,-1.5544127,5,Transitional-B,C1,Control,Oxygen control
C1_GTCCACTTCCCATTTA-1,-1.5495011,6.8419204,0,Inflammatory,C1,Control,Oxygen control
C1_GTCCCATGTCCAGCAC-1,-1.0491393,6.3453836,0,Inflammatory,C1,Control,Oxygen control
C1_GTCGAATCAGGTGTGA-1,6.098595,4.899803,2,Homeostatic-A,C1,Control,Oxygen control
C1_GTCGTAAAGTCGAAAT-1,5.64173,-0.020628992,5,Transitional-B,C1,Control,Oxygen control
C1_GTCGTAATCCCGAATA-1,0.34575135,8.996741,0,Inflammatory,C1,Control,Oxygen control
C1_GTCGTTCTCTTCTGGC-1,0.98885924,2.2829604,1,Transitional-A,C1,Control,Oxygen control
C1_GTCTAGAGTCGTCTCT-1,1.8893839,1.7091857,3,Homeostatic-B,C1,Control,Oxygen control
C1_GTCTAGAGTTACAGCT-1,-1.6961509,-1.0140626,1,Transitional-A,C1,Control,Oxygen control
C1_GTCTCACTCGTTCAGA-1,-1.0125973,3.6952333,1,Transitional-A,C1,Control,Oxygen control
C1_GTCTGTCAGACCGCCT-1,2.8606737,2.3350554,3,Homeostatic-B,C1,Control,Oxygen control
C1_GTGACGCAGATGTTCC-1,2.1504583,0.042708192,4,Homeostatic-C,C1,Control,Oxygen control
C1_GTGAGCCAGGCCGCTT-1,1.0174521,2.2264166,1,Transitional-A,C1,Control,Oxygen control
C1_GTGAGCCAGGTTCTTG-1,-1.1442633,5.4442043,1,Transitional-A,C1,Control,Oxygen control
C1_GTGAGCCGTGGGAGAG-1,5.2732196,1.3803588,3,Homeostatic-B,C1,Control,Oxygen control
C1_GTGAGGATCATGTCAG-1,3.8327947,7.3038125,2,Homeostatic-A,C1,Control,Oxygen control
C1_GTGAGTTGTAGATTAG-1,-0.30643502,6.433976,0,Inflammatory,C1,Control,Oxygen control
C1_GTGAGTTTCGCGAAGA-1,1.7546241,4.517561,3,Homeostatic-B,C1,Control,Oxygen control
C1_GTGATGTCAGCATCTA-1,4.463988,3.6374493,2,Homeostatic-A,C1,Control,Oxygen control
C1_GTGCGTGGTATACAGA-1,1.2682129,-0.82078934,4,Homeostatic-C,C1,Control,Oxygen control
C1_GTGCTGGCATTCCTAT-1,1.9824948,-0.8781359,4,Homeostatic-C,C1,Control,Oxygen control
C1_GTGCTGGTCCTACTGC-1,1.6933703,6.6501617,0,Inflammatory,C1,Control,Oxygen control
C1_GTGCTTCTCCTTCTTC-1,-0.5617891,-1.0960702,1,Transitional-A,C1,Control,Oxygen control
C1_GTGGAGAAGACCGTTT-1,0.9547032,5.1567,3,Homeostatic-B,C1,Control,Oxygen control
C1_GTGGAGAGTCTAGTGT-1,2.3913617,4.7234316,3,Homeostatic-B,C1,Control,Oxygen control
C1_GTGGCGTAGTTCTACG-1,6.832338,4.8296533,2,Homeostatic-A,C1,Control,Oxygen control
C1_GTGGGAAAGTCTACCA-1,2.3582833,11.611884,0,Inflammatory,C1,Control,Oxygen control
C1_GTGGGAACAAGACCTT-1,2.6421468,10.965086,0,Inflammatory,C1,Control,Oxygen control
C1_GTGGTTAAGCTAATCC-1,6.060784,3.695738,2,Homeostatic-A,C1,Control,Oxygen control
C1_GTGGTTAGTCAAATCC-1,3.108489,11.040598,0,Inflammatory,C1,Control,Oxygen control
C1_GTGGTTAGTTTGCAGT-1,4.1760297,7.0419874,2,Homeostatic-A,C1,Control,Oxygen control
C1_GTGTAACCAAGCCCAC-1,3.731087,11.910129,0,Inflammatory,C1,Control,Oxygen control
C1_GTGTAACCATTGCCGG-1,4.1797204,1.5341986,3,Homeostatic-B,C1,Control,Oxygen control
C1_GTGTAACTCGACGCGT-1,0.305015,6.202391,0,Inflammatory,C1,Control,Oxygen control
C1_GTGTCCTCAACACGAG-1,5.3499413,5.7454534,2,Homeostatic-A,C1,Control,Oxygen control
C1_GTGTCCTGTCGTTGCG-1,5.8817177,6.3040066,2,Homeostatic-A,C1,Control,Oxygen control
C1_GTGTGATAGCCAAGGT-1,-0.80296236,3.1997843,1,Transitional-A,C1,Control,Oxygen control
C1_GTGTGGCAGCCTGAAG-1,1.3846312,3.857048,3,Homeostatic-B,C1,Control,Oxygen control
C1_GTGTGGCAGGACAGCT-1,4.7338305,4.8933816,2,Homeostatic-A,C1,Control,Oxygen control
C1_GTGTGGCCAGGAATAT-1,4.8829975,-0.87774307,5,Transitional-B,C1,Control,Oxygen control
C1_GTGTTCCCAGCGAGTA-1,2.9998674,-1.9320235,4,Homeostatic-C,C1,Control,Oxygen control
C1_GTGTTCCCATCCGAAT-1,0.01386694,1.4270306,1,Transitional-A,C1,Control,Oxygen control
C1_GTTACAGAGGGCCAAT-1,6.414774,3.8321228,2,Homeostatic-A,C1,Control,Oxygen control
C1_GTTACCCAGATTAGCA-1,2.7466497,-1.9468025,4,Homeostatic-C,C1,Control,Oxygen control
C1_GTTACCCAGTATAGGT-1,3.4157264,2.7316618,3,Homeostatic-B,C1,Control,Oxygen control
C1_GTTACCCTCGGCATTA-1,2.8806422,-0.66269237,4,Homeostatic-C,C1,Control,Oxygen control
C1_GTTAGACCAGCACAAG-1,0.75909275,7.4936647,0,Inflammatory,C1,Control,Oxygen control
C1_GTTAGTGAGTAGAGTT-1,0.06568712,3.6398816,1,Transitional-A,C1,Control,Oxygen control
C1_GTTAGTGGTTCGGGTC-1,6.9021254,-1.2526336,5,Transitional-B,C1,Control,Oxygen control
C1_GTTAGTGTCCCGTGAG-1,1.0250831,7.2978044,0,Inflammatory,C1,Control,Oxygen control
C1_GTTAGTGTCCCTCTTT-1,-0.2511301,-2.2252698,4,Homeostatic-C,C1,Control,Oxygen control
C1_GTTAGTGTCGGCATTA-1,5.1392546,7.201647,2,Homeostatic-A,C1,Control,Oxygen control
C1_GTTAGTGTCTTTCAGT-1,0.31398576,1.0700891,1,Transitional-A,C1,Control,Oxygen control
C1_GTTATGGTCCAAGAGG-1,4.4389715,-1.2387066,4,Homeostatic-C,C1,Control,Oxygen control
C1_GTTCCGTAGACTGAGC-1,3.6074243,5.7936745,2,Homeostatic-A,C1,Control,Oxygen control
C1_GTTCTATAGATGCGAC-1,6.0498743,1.1281916,5,Transitional-B,C1,Control,Oxygen control
C1_GTTCTATAGGGAGTTC-1,4.901108,8.613118,2,Homeostatic-A,C1,Control,Oxygen control
C1_GTTCTATGTCTGTGGC-1,6.800326,4.8573217,2,Homeostatic-A,C1,Control,Oxygen control
C1_GTTGAACGTAACTTCG-1,0.92334485,6.156674,0,Inflammatory,C1,Control,Oxygen control
C1_GTTGCTCTCACTACTT-1,0.65827394,3.0336719,1,Transitional-A,C1,Control,Oxygen control
C1_GTTGCTCTCGCTGATA-1,6.0512047,-0.44064057,5,Transitional-B,C1,Control,Oxygen control
C1_GTTGCTCTCTAAGAAG-1,1.1038929,7.2433424,0,Inflammatory,C1,Control,Oxygen control
C1_GTTGTAGTCGCTGCGA-1,0.44104853,1.5722318,1,Transitional-A,C1,Control,Oxygen control
C1_GTTGTGACATAACGGG-1,2.1100922,8.104553,0,Inflammatory,C1,Control,Oxygen control
C1_GTTTGGAGTATACAGA-1,1.5530435,6.268688,0,Inflammatory,C1,Control,Oxygen control
C1_GTTTGGAGTCCCGCAA-1,10.502728,1.8631418,6,Rare,C1,Control,Oxygen control
C1_TAACCAGGTACAAGTA-1,2.9514182,8.396852,0,Inflammatory,C1,Control,Oxygen control
C1_TAACGACAGGTCACCC-1,1.9498774,4.355812,3,Homeostatic-B,C1,Control,Oxygen control
C1_TAACGACGTACCTAAC-1,4.0121713,8.111306,2,Homeostatic-A,C1,Control,Oxygen control
C1_TAAGCCATCGTGCTCT-1,2.4184513,4.327241,3,Homeostatic-B,C1,Control,Oxygen control
C1_TAAGCGTCATCCGCGA-1,-0.40945575,2.720654,1,Transitional-A,C1,Control,Oxygen control
C1_TAAGCGTTCTCCAATT-1,6.2323422,3.8386283,2,Homeostatic-A,C1,Control,Oxygen control
C1_TAAGTCGCAGATCCTA-1,1.7473335,-0.5958257,4,Homeostatic-C,C1,Control,Oxygen control
C1_TAAGTCGGTCTATGAC-1,1.8375868,-0.9156067,4,Homeostatic-C,C1,Control,Oxygen control
C1_TAAGTCGTCAGTCTTT-1,2.7098596,8.631896,0,Inflammatory,C1,Control,Oxygen control
C1_TAATTCCGTACAACGG-1,3.6956482,10.29741,0,Inflammatory,C1,Control,Oxygen control
C1_TACAGGTAGCTTGTTG-1,2.801864,1.5324017,3,Homeostatic-B,C1,Control,Oxygen control
C1_TACAGGTAGTTTCGAC-1,5.262706,2.081459,3,Homeostatic-B,C1,Control,Oxygen control
C1_TACAGGTTCCGACATA-1,5.220035,6.806425,2,Homeostatic-A,C1,Control,Oxygen control
C1_TACATTCTCTATCGTT-1,1.275879,-1.7389823,4,Homeostatic-C,C1,Control,Oxygen control
C1_TACCCACCAAGATCCT-1,-0.015620391,2.066309,1,Transitional-A,C1,Control,Oxygen control
C1_TACCCACCATCACAGT-1,3.1869745,4.7105665,2,Homeostatic-A,C1,Control,Oxygen control
C1_TACCGAAAGTCATTGC-1,2.5982308,8.844498,0,Inflammatory,C1,Control,Oxygen control
C1_TACCGAACATCATTTC-1,-0.2713025,2.181175,1,Transitional-A,C1,Control,Oxygen control
C1_TACCGAAGTGGGTCAA-1,2.2888548,2.3504095,3,Homeostatic-B,C1,Control,Oxygen control
C1_TACCGGGGTGGCAACA-1,-1.418316,1.9446024,1,Transitional-A,C1,Control,Oxygen control
C1_TACCTCGCAAATAGCA-1,5.2873125,3.3665855,2,Homeostatic-A,C1,Control,Oxygen control
C1_TACCTGCCAATAGTGA-1,2.434591,4.626865,3,Homeostatic-B,C1,Control,Oxygen control
C1_TACCTGCGTCCGGATC-1,-0.74435765,2.0487187,1,Transitional-A,C1,Control,Oxygen control
C1_TACGCTCCAGTCCGTG-1,-1.5752282,7.248972,0,Inflammatory,C1,Control,Oxygen control
C1_TACGGGCGTGATTCAC-1,1.3402436,-0.0057220235,4,Homeostatic-C,C1,Control,Oxygen control
C1_TACGGTATCATGGAGG-1,5.5284443,-0.760399,5,Transitional-B,C1,Control,Oxygen control
C1_TACTGCCAGTGTGTTC-1,3.389013,1.5357591,3,Homeostatic-B,C1,Control,Oxygen control
C1_TACTGCCCACTTCTCG-1,3.9630673,1.1842146,3,Homeostatic-B,C1,Control,Oxygen control
C1_TACTGCCTCAGCTAGT-1,4.1494355,-0.98930717,4,Homeostatic-C,C1,Control,Oxygen control
C1_TACTTACCATAGAGGC-1,1.9671825,7.277604,0,Inflammatory,C1,Control,Oxygen control
C1_TACTTACCATCCCACT-1,1.0312072,7.8010306,0,Inflammatory,C1,Control,Oxygen control
C1_TACTTACGTGCCCAGT-1,2.8088384,5.6638417,2,Homeostatic-A,C1,Control,Oxygen control
C1_TACTTCAAGCAGGCAT-1,1.5563761,3.0818803,3,Homeostatic-B,C1,Control,Oxygen control
C1_TAGACTGTCGGCAGTC-1,1.1793866,-1.5827976,4,Homeostatic-C,C1,Control,Oxygen control
C1_TAGCACACATAACGGG-1,2.275828,6.0206237,2,Homeostatic-A,C1,Control,Oxygen control
C1_TAGCACAGTTTACGAC-1,4.3482666,6.7339134,2,Homeostatic-A,C1,Control,Oxygen control
C1_TAGGGTTAGAAGTCCG-1,-2.5998347,-0.046261385,1,Transitional-A,C1,Control,Oxygen control
C1_TAGGGTTCATGAGATA-1,6.0379934,-1.204586,5,Transitional-B,C1,Control,Oxygen control
C1_TAGGGTTTCTTGCAGA-1,1.8427804,-0.6840255,4,Homeostatic-C,C1,Control,Oxygen control
C1_TAGGTACGTGCTGCAC-1,6.6414733,0.40984523,5,Transitional-B,C1,Control,Oxygen control
C1_TAGGTTGTCATGACAC-1,-0.9556132,-0.64773655,1,Transitional-A,C1,Control,Oxygen control
C1_TAGGTTGTCCAACTAG-1,1.0621183,0.91911626,4,Homeostatic-C,C1,Control,Oxygen control
C1_TAGTGCAAGACCGTTT-1,1.5611882,0.094985515,4,Homeostatic-C,C1,Control,Oxygen control
C1_TATACCTCACAATGTC-1,1.6160079999999999,6.85161,0,Inflammatory,C1,Control,Oxygen control
C1_TATACCTTCACATTGG-1,-2.4559007,0.6999343,1,Transitional-A,C1,Control,Oxygen control
C1_TATACCTTCGAATGCT-1,7.6500115,2.2331648,2,Homeostatic-A,C1,Control,Oxygen control
C1_TATATCCCAACCAACT-1,-0.47696275,1.1863084,1,Transitional-A,C1,Control,Oxygen control
C1_TATATCCGTCCGGATC-1,6.1716704,5.75718,2,Homeostatic-A,C1,Control,Oxygen control
C1_TATCAGGAGGTTCTAC-1,-0.12867114,0.06278082,4,Homeostatic-C,C1,Control,Oxygen control
C1_TATCCTACAATGGGTG-1,5.599839,4.690094,2,Homeostatic-A,C1,Control,Oxygen control
C1_TATCCTACATACAGAA-1,6.502044,1.1824187,5,Transitional-B,C1,Control,Oxygen control
C1_TATCCTAGTAATCAGA-1,6.7147064,-0.9238908,5,Transitional-B,C1,Control,Oxygen control
C1_TATCGCCTCATGACAC-1,3.3182197,3.4750524,3,Homeostatic-B,C1,Control,Oxygen control
C1_TATCTGTGTTCAGTAC-1,6.1063886,1.0631348,5,Transitional-B,C1,Control,Oxygen control
C1_TATGTTCAGCAGGCAT-1,2.7259777,8.891657,0,Inflammatory,C1,Control,Oxygen control
C1_TATGTTCCAATTGGTC-1,1.1273879,5.751174,0,Inflammatory,C1,Control,Oxygen control
C1_TATTCCAAGAACAAGG-1,3.4828303,8.787507,0,Inflammatory,C1,Control,Oxygen control
C1_TATTGCTAGGTTCTAC-1,4.442242,6.096125,2,Homeostatic-A,C1,Control,Oxygen control
C1_TATTGGGAGACGGAAA-1,6.29116,5.8892236,2,Homeostatic-A,C1,Control,Oxygen control
C1_TATTGGGAGGACACTG-1,1.314525,1.5925732,1,Transitional-A,C1,Control,Oxygen control
C1_TATTGGGTCCGGACGT-1,0.91761863,5.923858,0,Inflammatory,C1,Control,Oxygen control
C1_TATTTCGTCATCGCAA-1,1.913855,7.8021364,0,Inflammatory,C1,Control,Oxygen control
C1_TCAAGACCAGCGTATT-1,5.7801614,5.372805,2,Homeostatic-A,C1,Control,Oxygen control
C1_TCAATCTTCCATAGGT-1,6.170123,6.20998,2,Homeostatic-A,C1,Control,Oxygen control
C1_TCAATTCGTAGGTAGC-1,1.1300535,0.07248638,4,Homeostatic-C,C1,Control,Oxygen control
C1_TCAATTCGTGCCGTTG-1,-0.62929314,-0.9038401,1,Transitional-A,C1,Control,Oxygen control
C1_TCACACCTCCGGCAAC-1,0.34542748,2.3680634,1,Transitional-A,C1,Control,Oxygen control
C1_TCACACCTCGTTCTGC-1,5.521919,0.6670052,5,Transitional-B,C1,Control,Oxygen control
C1_TCACATTAGGAATCGC-1,1.4571645,7.9438252,0,Inflammatory,C1,Control,Oxygen control
C1_TCACGGGAGGCTCCCA-1,-1.3253032,1.1567764,1,Transitional-A,C1,Control,Oxygen control
C1_TCACGGGGTAGAGGAA-1,-0.1274354,2.940269,1,Transitional-A,C1,Control,Oxygen control
C1_TCACTATTCTTGTGCC-1,7.1846094,-0.8904924,5,Transitional-B,C1,Control,Oxygen control
C1_TCACTCGGTGTACAGG-1,1.2246375,-1.4207035,4,Homeostatic-C,C1,Control,Oxygen control
C1_TCAGCAAAGGACTGGT-1,-0.11624728,-1.1199105,4,Homeostatic-C,C1,Control,Oxygen control
C1_TCAGCAATCACGGGAA-1,2.4095497,0.8338196,4,Homeostatic-C,C1,Control,Oxygen control
C1_TCAGCAATCGGTTGTA-1,0.81132793,1.5880235,1,Transitional-A,C1,Control,Oxygen control
C1_TCAGCCTAGTCCTGCG-1,3.3678257,7.9327035,2,Homeostatic-A,C1,Control,Oxygen control
C1_TCAGGGCAGGACGGAG-1,5.684168,2.1683078,2,Homeostatic-A,C1,Control,Oxygen control
C1_TCAGGGCTCCACTGAA-1,-0.77169675,-2.2197104,1,Transitional-A,C1,Control,Oxygen control
C1_TCAGGTAAGTTGGAAT-1,0.82921857,-0.5715123,4,Homeostatic-C,C1,Control,Oxygen control
C1_TCAGGTAGTCACCACG-1,2.006391,5.7585816,0,Inflammatory,C1,Control,Oxygen control
C1_TCAGGTATCTGCGATA-1,4.392119,1.1777922,3,Homeostatic-B,C1,Control,Oxygen control
C1_TCAGTGAAGAATCGAT-1,7.736807,-1.5892861,5,Transitional-B,C1,Control,Oxygen control
C1_TCAGTGAAGAGCCGTA-1,1.100802,6.084975,0,Inflammatory,C1,Control,Oxygen control
C1_TCAGTTTCAACCCGCA-1,-0.35934594,-0.01551941,1,Transitional-A,C1,Control,Oxygen control
C1_TCATACTAGGACTAAT-1,-1.0008043,5.039653,1,Transitional-A,C1,Control,Oxygen control
C1_TCATCATGTACGGCAA-1,2.229869,11.414585,0,Inflammatory,C1,Control,Oxygen control
C1_TCATGAGGTAGAGGAA-1,5.1773586,8.106779,2,Homeostatic-A,C1,Control,Oxygen control
C1_TCATGAGGTCCCTCAT-1,5.267857,-0.3060675,5,Transitional-B,C1,Control,Oxygen control
C1_TCATGAGTCGAGCCTG-1,3.6450338,12.318733,0,Inflammatory,C1,Control,Oxygen control
C1_TCATGCCCACGGGCTT-1,0.8326292,4.8581314,3,Homeostatic-B,C1,Control,Oxygen control
C1_TCATGGACACCGTGGT-1,5.6748357,5.709608,2,Homeostatic-A,C1,Control,Oxygen control
C1_TCATGTTAGGTCGCCT-1,1.2785366,9.765289,0,Inflammatory,C1,Control,Oxygen control
C1_TCATGTTTCTGACCCT-1,-0.15481053,-1.2539563,4,Homeostatic-C,C1,Control,Oxygen control
C1_TCATTACTCTACGCAA-1,10.123122,1.919106,6,Rare,C1,Control,Oxygen control
C1_TCATTCACAATAGAGT-1,3.0756404,1.6878412,3,Homeostatic-B,C1,Control,Oxygen control
C1_TCATTCATCATTTGGG-1,3.68162,-2.2827675,4,Homeostatic-C,C1,Control,Oxygen control
C1_TCATTCATCCACCCTA-1,-0.65133446,3.5294101,1,Transitional-A,C1,Control,Oxygen control
C1_TCATTTGCAAGTAGTA-1,4.9206853,8.672349,2,Homeostatic-A,C1,Control,Oxygen control
C1_TCATTTGGTGTCCAAT-1,7.1384325,-0.028852995,5,Transitional-B,C1,Control,Oxygen control
C1_TCCACCACAACTAGAA-1,5.618282,4.294026,2,Homeostatic-A,C1,Control,Oxygen control
C1_TCCAGAAAGATTGTGA-1,1.777819,-0.32786238,4,Homeostatic-C,C1,Control,Oxygen control
C1_TCCAGAACAGGGTTGA-1,2.9522076,5.533166,2,Homeostatic-A,C1,Control,Oxygen control
C1_TCCAGAACATTCACAG-1,3.092762,6.754252,2,Homeostatic-A,C1,Control,Oxygen control
C1_TCCATCGGTGCAAGAC-1,6.46679,0.49484748,5,Transitional-B,C1,Control,Oxygen control
C1_TCCATGCCATGAGGGT-1,2.840413,3.6221004,3,Homeostatic-B,C1,Control,Oxygen control
C1_TCCGATCGTAATCAAG-1,3.8459074,0.7108904,3,Homeostatic-B,C1,Control,Oxygen control
C1_TCCGATCGTACAGTAA-1,3.7987196,2.76041,3,Homeostatic-B,C1,Control,Oxygen control
C1_TCCGTGTGTTGAGAGC-1,1.9054244,4.446316,3,Homeostatic-B,C1,Control,Oxygen control
C1_TCCTAATAGCACGATG-1,1.1625926,3.4280233,3,Homeostatic-B,C1,Control,Oxygen control
C1_TCCTCTTCACCCTGTT-1,0.46673605,2.996935,1,Transitional-A,C1,Control,Oxygen control
C1_TCCTGCACAAAGCAAT-1,-1.4749873,1.4622566,1,Transitional-A,C1,Control,Oxygen control
C1_TCCTGCATCATCTACT-1,1.2753819,4.81813,3,Homeostatic-B,C1,Control,Oxygen control
C1_TCCTTCTTCGAGCCAC-1,0.6435502,-0.5012836,4,Homeostatic-C,C1,Control,Oxygen control
C1_TCGAACATCTTTACAC-1,1.1026775,-2.4010303,4,Homeostatic-C,C1,Control,Oxygen control
C1_TCGAAGTAGCGACATG-1,5.7416425,1.4272048,3,Homeostatic-B,C1,Control,Oxygen control
C1_TCGAAGTCAAAGACGC-1,3.924734,-1.3306065,4,Homeostatic-C,C1,Control,Oxygen control
C1_TCGAAGTCAGACAAAT-1,4.153856,-0.22787394,4,Homeostatic-C,C1,Control,Oxygen control
C1_TCGAAGTTCCGCCTAT-1,1.03993,3.0876546,3,Homeostatic-B,C1,Control,Oxygen control
C1_TCGATTTTCTAACGCA-1,6.763775,0.7980274,5,Transitional-B,C1,Control,Oxygen control
C1_TCGCACTGTCTTACTT-1,3.1109376,0.40633437,4,Homeostatic-C,C1,Control,Oxygen control
C1_TCGCAGGAGCAACTCT-1,-0.5424426,2.7190082,1,Transitional-A,C1,Control,Oxygen control
C1_TCGCAGGAGCTCGTGC-1,0.032658223,2.6302006000000002,1,Transitional-A,C1,Control,Oxygen control
C1_TCGCTTGCAAATCCCA-1,2.515112,6.8798585,2,Homeostatic-A,C1,Control,Oxygen control
C1_TCGGATAAGCGGGTTA-1,1.5090417,5.8482885,0,Inflammatory,C1,Control,Oxygen control
C1_TCGGGCAAGCATATGA-1,4.3183765,5.3453255,2,Homeostatic-A,C1,Control,Oxygen control
C1_TCGGGCAGTACCATAC-1,7.228759,4.3962617,2,Homeostatic-A,C1,Control,Oxygen control
C1_TCGGGTGAGGGCAGGA-1,2.1589537,-0.24250026,4,Homeostatic-C,C1,Control,Oxygen control
C1_TCGGGTGCACCTCGTT-1,2.1857529,-2.488551,4,Homeostatic-C,C1,Control,Oxygen control
C1_TCGGGTGCACTTTATC-1,-0.864873,5.7977448,0,Inflammatory,C1,Control,Oxygen control
C1_TCGGGTGCAGTATGAA-1,3.1564531,5.511008,2,Homeostatic-A,C1,Control,Oxygen control
C1_TCGGTCTAGACTACGG-1,4.815647,4.112049,2,Homeostatic-A,C1,Control,Oxygen control
C1_TCGGTCTTCAAGTCTG-1,-1.6850299,0.6255452,1,Transitional-A,C1,Control,Oxygen control
C1_TCGTAGAAGGCCTGCT-1,3.0841174,5.428063,2,Homeostatic-A,C1,Control,Oxygen control
C1_TCGTAGAGTCGACTGC-1,3.6868553,0.14509712,4,Homeostatic-C,C1,Control,Oxygen control
C1_TCGTGGGCAGCGTATT-1,4.920331,6.4307075,2,Homeostatic-A,C1,Control,Oxygen control
C1_TCTAACTAGGTCTACT-1,0.09877856,0.28354746,1,Transitional-A,C1,Control,Oxygen control
C1_TCTAACTGTTGTCTAG-1,6.67179,1.3672309,5,Transitional-B,C1,Control,Oxygen control
C1_TCTACATGTTCATCTT-1,1.5467366,9.003943,0,Inflammatory,C1,Control,Oxygen control
C1_TCTACATTCTGTTCAT-1,4.541121,6.87156,2,Homeostatic-A,C1,Control,Oxygen control
C1_TCTACATTCTTCCGTG-1,4.3210135,12.963817,0,Inflammatory,C1,Control,Oxygen control
C1_TCTATACAGCTAAATG-1,2.2663543,0.55180717,4,Homeostatic-C,C1,Control,Oxygen control
C1_TCTATACGTCACGCTG-1,6.2985225,5.6525316,2,Homeostatic-A,C1,Control,Oxygen control
C1_TCTATCACACTTGAAC-1,3.6933413,1.2403742,3,Homeostatic-B,C1,Control,Oxygen control
C1_TCTCACGGTATGCGTT-1,-0.9821691,6.260711,0,Inflammatory,C1,Control,Oxygen control
C1_TCTCCGAAGAGCTTTC-1,2.9880614,-1.0408478,4,Homeostatic-C,C1,Control,Oxygen control
C1_TCTCCGAAGCTGCCAC-1,0.3621723,-1.4601276,4,Homeostatic-C,C1,Control,Oxygen control
C1_TCTCCGACACCTCTGT-1,1.8045206,3.9556024,3,Homeostatic-B,C1,Control,Oxygen control
C1_TCTCCGAGTAACACCT-1,0.7030037,9.690338,0,Inflammatory,C1,Control,Oxygen control
C1_TCTCTGGAGCAGGGAG-1,0.74647,5.97531,0,Inflammatory,C1,Control,Oxygen control
C1_TCTCTGGAGCATACTC-1,1.0137949,6.49929,0,Inflammatory,C1,Control,Oxygen control
C1_TCTCTGGAGTCCGTCG-1,1.8488611,1.0277816,3,Homeostatic-B,C1,Control,Oxygen control
C1_TCTCTGGCACCGCTGA-1,2.5275564,5.0639286,2,Homeostatic-A,C1,Control,Oxygen control
C1_TCTGCCAAGATACCAA-1,5.392182,4.219053,2,Homeostatic-A,C1,Control,Oxygen control
C1_TCTGCCATCAGGAACG-1,0.6080896,-1.8338168,4,Homeostatic-C,C1,Control,Oxygen control
C1_TCTGGCTAGTGTACCT-1,7.148961,3.5225542,2,Homeostatic-A,C1,Control,Oxygen control
C1_TCTGGCTGTACGTAGG-1,-1.3228788,2.8323433,1,Transitional-A,C1,Control,Oxygen control
C1_TCTGGCTGTTCTCCTG-1,-2.3290734,0.69331557,1,Transitional-A,C1,Control,Oxygen control
C1_TCTGGCTTCAAACGTC-1,7.384153,-0.20245399,5,Transitional-B,C1,Control,Oxygen control
C1_TCTTAGTGTGGCAACA-1,2.6464038,-1.5680112,4,Homeostatic-C,C1,Control,Oxygen control
C1_TCTTCCTGTTTGTTGG-1,2.8018718,8.636286,0,Inflammatory,C1,Control,Oxygen control
C1_TCTTGCGAGCTGTTCA-1,0.6042054,4.830804,3,Homeostatic-B,C1,Control,Oxygen control
C1_TCTTGCGGTCACCTTC-1,5.8597217,0.10433732,5,Transitional-B,C1,Control,Oxygen control
C1_TCTTGCGTCAAAGCCT-1,2.994382,0.26588222,4,Homeostatic-C,C1,Control,Oxygen control
C1_TCTTGCGTCTCCCTAG-1,5.629645,3.0534573,2,Homeostatic-A,C1,Control,Oxygen control
C1_TCTTTGAGTAAGATAC-1,5.279149,6.829982,2,Homeostatic-A,C1,Control,Oxygen control
C1_TGAACGTAGAAGCGAA-1,9.425619,2.2335737,6,Rare,C1,Control,Oxygen control
C1_TGAACGTGTTACGTAC-1,0.6505687,1.3378179,1,Transitional-A,C1,Control,Oxygen control
C1_TGAATCGGTGCTGATT-1,0.36492968,9.370993,0,Inflammatory,C1,Control,Oxygen control
C1_TGAATCGTCTGCACCT-1,3.988417,6.830906,2,Homeostatic-A,C1,Control,Oxygen control
C1_TGAATGCGTGCGAGTA-1,0.9373712,9.562508,0,Inflammatory,C1,Control,Oxygen control
C1_TGACAGTTCTCGACGG-1,-1.9794579,0.17540948,1,Transitional-A,C1,Control,Oxygen control
C1_TGACTCCCACCCAAGC-1,4.1875534,7.39876,2,Homeostatic-A,C1,Control,Oxygen control
C1_TGACTCCGTATGACAA-1,1.2725723,5.12506,3,Homeostatic-B,C1,Control,Oxygen control
C1_TGACTCCTCTACTTCA-1,3.3530335,-1.8558409,4,Homeostatic-C,C1,Control,Oxygen control
C1_TGAGACTCAATCGAAA-1,1.3198478,4.0217323,3,Homeostatic-B,C1,Control,Oxygen control
C1_TGAGACTCATCATCTT-1,3.4667296,1.6351938,3,Homeostatic-B,C1,Control,Oxygen control
C1_TGAGCATAGGCCTTGC-1,3.6041012,3.025885,3,Homeostatic-B,C1,Control,Oxygen control
C1_TGAGCATCAAGTTCCA-1,4.0944986,1.1662071,3,Homeostatic-B,C1,Control,Oxygen control
C1_TGAGCATCATCTGGGC-1,5.736109,2.4522593,5,Transitional-B,C1,Control,Oxygen control
C1_TGAGCGCAGAGGTTTA-1,0.83018225,-1.3671802,4,Homeostatic-C,C1,Control,Oxygen control
C1_TGAGCGCCAGCATTGT-1,6.3131633,-1.5120891,5,Transitional-B,C1,Control,Oxygen control
C1_TGAGCGCGTGCCCGTA-1,4.301385,0.40303662,4,Homeostatic-C,C1,Control,Oxygen control
C1_TGAGCGCTCCACGGAC-1,-1.4190968,1.8778867,1,Transitional-A,C1,Control,Oxygen control
C1_TGAGGAGAGCTTACGT-1,4.383148,0.1713996,4,Homeostatic-C,C1,Control,Oxygen control
C1_TGAGGAGCAATTTCTC-1,0.1133755,2.4337065,1,Transitional-A,C1,Control,Oxygen control
C1_TGAGGAGCACTCCGAG-1,3.7419677,-1.4866083,4,Homeostatic-C,C1,Control,Oxygen control
C1_TGAGGAGTCGTGGGTC-1,0.1630004,1.8062133,1,Transitional-A,C1,Control,Oxygen control
C1_TGAGGGAAGTGTTGTC-1,9.675379,1.8593073,6,Rare,C1,Control,Oxygen control
C1_TGAGGGACATGAGAAT-1,-0.27039775,7.268587,0,Inflammatory,C1,Control,Oxygen control
C1_TGAGGTTAGCGTGTCC-1,6.6782465,0.89495504,5,Transitional-B,C1,Control,Oxygen control
C1_TGAGGTTCATGTTCGA-1,1.8783307,-0.8419711,4,Homeostatic-C,C1,Control,Oxygen control
C1_TGAGTCAGTTAAGGAT-1,5.593344,2.5924146,3,Homeostatic-B,C1,Control,Oxygen control
C1_TGATCAGTCGATTGAC-1,-1.0392234,7.3461246,0,Inflammatory,C1,Control,Oxygen control
C1_TGATGCAAGAAGTGTT-1,2.8745744,7.3315163,0,Inflammatory,C1,Control,Oxygen control
C1_TGATGCACAAGCGCAA-1,0.6600791,2.3713174,1,Transitional-A,C1,Control,Oxygen control
C1_TGATGCACAGGTCCCA-1,1.4611579,4.309703,3,Homeostatic-B,C1,Control,Oxygen control
C1_TGATTTCAGTGGTTAA-1,5.325922,2.608629,3,Homeostatic-B,C1,Control,Oxygen control
C1_TGCACGGCAAGCAATA-1,4.1816216,2.3648465,3,Homeostatic-B,C1,Control,Oxygen control
C1_TGCAGATCAACCCTCT-1,-1.5519323,3.0678291,1,Transitional-A,C1,Control,Oxygen control
C1_TGCAGGCCACAAACGG-1,3.3098161,2.7621377,3,Homeostatic-B,C1,Control,Oxygen control
C1_TGCAGGCTCACCATCC-1,0.24406344,4.2470813,1,Transitional-A,C1,Control,Oxygen control
C1_TGCAGGCTCGCGGTAC-1,2.3436177,0.21939684,4,Homeostatic-C,C1,Control,Oxygen control
C1_TGCAGTAAGTAGTCTC-1,0.836579,-1.5475068,4,Homeostatic-C,C1,Control,Oxygen control
C1_TGCATCCAGAGCGACT-1,3.5692983,7.0018244,2,Homeostatic-A,C1,Control,Oxygen control
C1_TGCATCCGTACAATAG-1,3.665324,9.010194,0,Inflammatory,C1,Control,Oxygen control
C1_TGCATGAAGTGAATAC-1,-0.6572858,4.9085445,1,Transitional-A,C1,Control,Oxygen control
C1_TGCGGCAAGGTTGGTG-1,1.080066,6.873908,0,Inflammatory,C1,Control,Oxygen control
C1_TGCGGCATCATTTGGG-1,5.61948,-0.24411288,5,Transitional-B,C1,Control,Oxygen control
C1_TGCGGGTAGGGTATAT-1,2.8107271,5.0424533,2,Homeostatic-A,C1,Control,Oxygen control
C1_TGCTCCATCATTCGTT-1,-1.5489737,-0.7879723,1,Transitional-A,C1,Control,Oxygen control
C1_TGCTCGTAGTGGTGAC-1,4.9606442,1.5951959,3,Homeostatic-B,C1,Control,Oxygen control
C1_TGCTCGTGTTCTATCT-1,0.91387486,1.0484884,1,Transitional-A,C1,Control,Oxygen control
C1_TGCTTCGAGTAACGAT-1,10.872298,2.0940926,6,Rare,C1,Control,Oxygen control
C1_TGCTTCGGTACAGAAT-1,0.109950915,2.1466262,1,Transitional-A,C1,Control,Oxygen control
C1_TGGAACTTCATGCGGC-1,0.7316157,1.6586726,1,Transitional-A,C1,Control,Oxygen control
C1_TGGAGAGCACCATTCC-1,-0.47026148,-0.13523081,1,Transitional-A,C1,Control,Oxygen control
C1_TGGATGTCAACACAGG-1,-0.26543477,2.0870872,1,Transitional-A,C1,Control,Oxygen control
C1_TGGCGTGTCGACGACC-1,-0.41014355,7.6961,0,Inflammatory,C1,Control,Oxygen control
C1_TGGGAAGCACCATATG-1,4.2084894,12.936598,0,Inflammatory,C1,Control,Oxygen control
C1_TGGGAGAAGTCACGAG-1,3.605138,-0.7626088,4,Homeostatic-C,C1,Control,Oxygen control
C1_TGGGATTGTATTGAGA-1,2.5094416,0.046522904,4,Homeostatic-C,C1,Control,Oxygen control
C1_TGGGCGTTCTCGTGAA-1,5.2178373,3.254575,2,Homeostatic-A,C1,Control,Oxygen control
C1_TGGGCTGGTGGACCAA-1,3.3353112,-0.9082767,4,Homeostatic-C,C1,Control,Oxygen control
C1_TGGGCTGTCCACCTGT-1,3.362964,7.2559414,2,Homeostatic-A,C1,Control,Oxygen control
C1_TGGGTTAAGTACGAGC-1,-0.93789476,1.9615858,1,Transitional-A,C1,Control,Oxygen control
C1_TGGGTTACAAATCGTC-1,4.727184,4.529218,2,Homeostatic-A,C1,Control,Oxygen control
C1_TGGGTTATCGAGTTGT-1,0.46580103,-0.91195893,4,Homeostatic-C,C1,Control,Oxygen control
C1_TGGTGATCATAACGGG-1,3.958791,1.792563,3,Homeostatic-B,C1,Control,Oxygen control
C1_TGGTGATGTAGTCGGA-1,4.885819,4.140769,2,Homeostatic-A,C1,Control,Oxygen control
C1_TGTAACGAGGGTACAC-1,6.498893,-1.0543724,5,Transitional-B,C1,Control,Oxygen control
C1_TGTAACGGTTGACTGT-1,5.1525583,6.7975707,2,Homeostatic-A,C1,Control,Oxygen control
C1_TGTAACGTCTGGCCGA-1,5.0252967,3.5498204,2,Homeostatic-A,C1,Control,Oxygen control
C1_TGTAAGCAGTTGCTGT-1,5.911455,5.5894885,2,Homeostatic-A,C1,Control,Oxygen control
C1_TGTACAGGTTGCTGAT-1,2.6660075,1.6197963,3,Homeostatic-B,C1,Control,Oxygen control
C1_TGTAGACTCTACCCAC-1,1.7380244,5.9671397,2,Homeostatic-A,C1,Control,Oxygen control
C1_TGTCAGACAGGTCCGT-1,2.942155,9.1064625,0,Inflammatory,C1,Control,Oxygen control
C1_TGTCCACAGCCTCTGG-1,2.7456577,7.549995,0,Inflammatory,C1,Control,Oxygen control
C1_TGTCCACCAGCAGTGA-1,1.3884412,-1.031269,4,Homeostatic-C,C1,Control,Oxygen control
C1_TGTCCCATCGTAGGGA-1,6.0514894,3.480393,2,Homeostatic-A,C1,Control,Oxygen control
C1_TGTCCTGAGGTCACCC-1,3.2479,3.2418668,3,Homeostatic-B,C1,Control,Oxygen control
C1_TGTGAGTGTTAGGCCC-1,-0.05818518,2.088077,1,Transitional-A,C1,Control,Oxygen control
C1_TGTGGCGGTCGATTCA-1,7.4769216,-1.6663023,5,Transitional-B,C1,Control,Oxygen control
C1_TGTGGCGGTTGCCTAA-1,3.3279793,7.1576915,2,Homeostatic-A,C1,Control,Oxygen control
C1_TGTTCATGTGTCCGGT-1,1.9635133,0.19919167,4,Homeostatic-C,C1,Control,Oxygen control
C1_TGTTCATTCCTAGCGG-1,4.6464024,2.6709652,3,Homeostatic-B,C1,Control,Oxygen control
C1_TGTTCCGAGGTGCGAT-1,1.7401259,3.871589,3,Homeostatic-B,C1,Control,Oxygen control
C1_TGTTCTAAGAGTAACT-1,2.2367673,1.1421486,4,Homeostatic-C,C1,Control,Oxygen control
C1_TGTTCTAGTGCTATTG-1,4.0506887,4.0768924,2,Homeostatic-A,C1,Control,Oxygen control
C1_TGTTGAGCACACCAGC-1,2.6741562,0.14246574,4,Homeostatic-C,C1,Control,Oxygen control
C1_TGTTTGTGTATACCCA-1,3.7019126,10.139305,0,Inflammatory,C1,Control,Oxygen control
C1_TTAATCCCAACACTAC-1,6.075508,3.3178537,2,Homeostatic-A,C1,Control,Oxygen control
C1_TTACCATTCGATTCCC-1,6.3639936,6.7427855,2,Homeostatic-A,C1,Control,Oxygen control
C1_TTACCATTCTGCGATA-1,0.5914738,-1.8523259,4,Homeostatic-C,C1,Control,Oxygen control
C1_TTACCGCCACGACTAT-1,3.520601,0.45106485,4,Homeostatic-C,C1,Control,Oxygen control
C1_TTACGTTCAGGTCAGA-1,-2.2575688,0.7529947,1,Transitional-A,C1,Control,Oxygen control
C1_TTACGTTGTCAAGTTC-1,5.22482,2.526713,3,Homeostatic-B,C1,Control,Oxygen control
C1_TTACTGTGTACAGCGA-1,4.1579638,0.3910223,4,Homeostatic-C,C1,Control,Oxygen control
C1_TTACTGTGTCGCTGCA-1,-0.11723884,-1.2237579,4,Homeostatic-C,C1,Control,Oxygen control
C1_TTAGGCAAGTAGGAAG-1,-1.2736884,5.3332844,0,Inflammatory,C1,Control,Oxygen control
C1_TTAGGCAGTGGTGATG-1,4.467789,4.8367906,2,Homeostatic-A,C1,Control,Oxygen control
C1_TTAGGCATCGGCATTA-1,-0.26778707,-1.8113271,4,Homeostatic-C,C1,Control,Oxygen control
C1_TTAGTCTAGGCATTTC-1,3.695431,0.8205794,4,Homeostatic-C,C1,Control,Oxygen control
C1_TTAGTCTTCATATGGC-1,4.778861,7.752532,2,Homeostatic-A,C1,Control,Oxygen control
C1_TTATTGCAGAACGTGC-1,1.3773998,-1.9458792,4,Homeostatic-C,C1,Control,Oxygen control
C1_TTCACCGCAAAGGCTG-1,-1.9212054,0.62592334,1,Transitional-A,C1,Control,Oxygen control
C1_TTCACGCCAAGACTGG-1,6.4716177,-1.7236465,5,Transitional-B,C1,Control,Oxygen control
C1_TTCACGCTCTAGCCAA-1,0.16943209,7.6779733,0,Inflammatory,C1,Control,Oxygen control
C1_TTCAGGAAGTGCTCAT-1,5.547862,4.1355996,2,Homeostatic-A,C1,Control,Oxygen control
C1_TTCCACGCATTGCCGG-1,-0.17229253,3.8375406,1,Transitional-A,C1,Control,Oxygen control
C1_TTCCACGGTGGTTCTA-1,2.7516205,3.539081,3,Homeostatic-B,C1,Control,Oxygen control
C1_TTCCGTGAGGCTCTAT-1,3.9350104,1.4638262,3,Homeostatic-B,C1,Control,Oxygen control
C1_TTCCGTGGTGCCTGAC-1,3.2365139,6.5846515,2,Homeostatic-A,C1,Control,Oxygen control
C1_TTCCTAAAGATAGTCA-1,0.48491925,7.274778,0,Inflammatory,C1,Control,Oxygen control
C1_TTCCTAAAGTGGTCAG-1,2.8452854,2.3641253,3,Homeostatic-B,C1,Control,Oxygen control
C1_TTCCTAACAGACCAAG-1,5.8692183,9.216871,0,Inflammatory,C1,Control,Oxygen control
C1_TTCCTCTAGCTAATGA-1,-0.1244798,2.716219,1,Transitional-A,C1,Control,Oxygen control
C1_TTCGCTGTCATGGCCG-1,7.3461237,1.0260415,5,Transitional-B,C1,Control,Oxygen control
C1_TTCGCTGTCCGTGTCT-1,-0.14799277,8.584064,0,Inflammatory,C1,Control,Oxygen control
C1_TTCGGTCCACTGCTTC-1,3.364326,2.5442905,3,Homeostatic-B,C1,Control,Oxygen control
C1_TTCTAACGTTATCCAG-1,3.3921416,10.111835,0,Inflammatory,C1,Control,Oxygen control
C1_TTCTAACTCAACCTTT-1,-0.6470434,3.015695,1,Transitional-A,C1,Control,Oxygen control
C1_TTCTCTCGTAGAGTTA-1,3.9420311,-1.4925418,4,Homeostatic-C,C1,Control,Oxygen control
C1_TTCTCTCGTCATGGCC-1,2.5739796,8.545177,0,Inflammatory,C1,Control,Oxygen control
C1_TTCTCTCTCCACAAGT-1,3.876423,2.5629861,3,Homeostatic-B,C1,Control,Oxygen control
C1_TTCTGTAAGCGCATCC-1,2.101689,8.725978,0,Inflammatory,C1,Control,Oxygen control
C1_TTCTGTATCACCTTGC-1,2.0861611,8.555068,0,Inflammatory,C1,Control,Oxygen control
C1_TTCTTGACATCAGCAT-1,0.35274053,-2.210119,4,Homeostatic-C,C1,Control,Oxygen control
C1_TTGACCCAGAATACAC-1,1.5116112,0.5301151,4,Homeostatic-C,C1,Control,Oxygen control
C1_TTGACCCCACTAACGT-1,3.005723,1.0546659,4,Homeostatic-C,C1,Control,Oxygen control
C1_TTGACCCTCCTTGAAG-1,4.638983,5.2560577,2,Homeostatic-A,C1,Control,Oxygen control
C1_TTGATGGGTCCGAAAG-1,4.173606,-1.5033257,4,Homeostatic-C,C1,Control,Oxygen control
C1_TTGCATTCAATGGCCC-1,3.31819,1.2245076,3,Homeostatic-B,C1,Control,Oxygen control
C1_TTGCGTCTCTATTCGT-1,5.278833,1.4958578,3,Homeostatic-B,C1,Control,Oxygen control
C1_TTGCTGCCAACTCGAT-1,-0.22321329,0.47350213,1,Transitional-A,C1,Control,Oxygen control
C1_TTGCTGCTCAAGCCAT-1,2.4144852,-0.007076515,4,Homeostatic-C,C1,Control,Oxygen control
C1_TTGGGATCACACGGAA-1,-0.5181737,-1.6957649,4,Homeostatic-C,C1,Control,Oxygen control
C1_TTGGGATTCAAACGTC-1,6.316446,-0.7527697,5,Transitional-B,C1,Control,Oxygen control
C1_TTGGGATTCATTTCGT-1,-2.1703331,4.258938,1,Transitional-A,C1,Control,Oxygen control
C1_TTGGGCGCACATCCCT-1,3.6883729,5.607059,2,Homeostatic-A,C1,Control,Oxygen control
C1_TTGGGTATCACTCTTA-1,6.363447,-1.3399705,5,Transitional-B,C1,Control,Oxygen control
C1_TTGGGTATCGGAAGGT-1,4.8127713,4.72784,2,Homeostatic-A,C1,Control,Oxygen control
C1_TTGGTTTGTACAGTAA-1,9.457039,2.5029564,6,Rare,C1,Control,Oxygen control
C1_TTGTGGAAGACGACGT-1,4.3276105,9.870936,0,Inflammatory,C1,Control,Oxygen control
C1_TTGTGTTAGCCAAGGT-1,2.966582,1.6380639,3,Homeostatic-B,C1,Control,Oxygen control
C1_TTGTGTTGTGTCCTAA-1,-0.21718393,6.8587666,0,Inflammatory,C1,Control,Oxygen control
C1_TTGTTGTCAAGCACAG-1,4.676729,-1.5447586,4,Homeostatic-C,C1,Control,Oxygen control
C1_TTGTTGTTCAGCTTCC-1,-0.04812693,7.9313726,0,Inflammatory,C1,Control,Oxygen control
C1_TTTACCAGTGTGTACT-1,6.0302296,-1.1170981,5,Transitional-B,C1,Control,Oxygen control
C1_TTTACTGCAGAGAAAG-1,-1.0278754,4.648969,1,Transitional-A,C1,Control,Oxygen control
C1_TTTACTGGTCTCAGGC-1,0.33962023,1.8417847,1,Transitional-A,C1,Control,Oxygen control
C1_TTTACTGTCTTGAGCA-1,2.5904813,10.01013,0,Inflammatory,C1,Control,Oxygen control
C1_TTTAGTCCAGCGTACC-1,4.645194,5.9000225,2,Homeostatic-A,C1,Control,Oxygen control
C1_TTTATGCCATGTCTAG-1,1.3403541,-2.5151231,4,Homeostatic-C,C1,Control,Oxygen control
C1_TTTATGCGTATGTCTG-1,2.9648037,-0.17838232,4,Homeostatic-C,C1,Control,Oxygen control
C1_TTTCACAAGATTGACA-1,1.2442093,-2.3676574,4,Homeostatic-C,C1,Control,Oxygen control
C1_TTTCACAAGTCACTCA-1,4.7450385,7.6467195,2,Homeostatic-A,C1,Control,Oxygen control
C1_TTTCACAGTTATTCTC-1,0.79298264,0.38098657,4,Homeostatic-C,C1,Control,Oxygen control
C1_TTTCATGAGATGTTGA-1,-0.12641712,9.24118,0,Inflammatory,C1,Control,Oxygen control
C1_TTTCGATGTGGCCTCA-1,1.6489568,1.7475932,3,Homeostatic-B,C1,Control,Oxygen control
C1_TTTGATCAGAAGCCAC-1,5.109046,5.1113615,2,Homeostatic-A,C1,Control,Oxygen control
C1_TTTGATCCAATCTCTT-1,2.7172666,6.153195,2,Homeostatic-A,C1,Control,Oxygen control
C1_TTTGGAGCATCAGTGT-1,1.8249154,4.14644,3,Homeostatic-B,C1,Control,Oxygen control
C1_TTTGGTTAGTAAGGGA-1,1.7882565,3.1081827,3,Homeostatic-B,C1,Control,Oxygen control
C1_TTTGTTGTCGTTCAGA-1,2.5848892,-2.200873,4,Homeostatic-C,C1,Control,Oxygen control
C2_AAACCCAAGGAGTATT-1,3.8801672,12.722079,0,Inflammatory,C2,Control,Oxygen control
C2_AAACCCATCAGCTCTC-1,3.4177554,10.2960005,0,Inflammatory,C2,Control,Oxygen control
C2_AAACGAATCTGTACAG-1,0.6968423,-0.7033578,4,Homeostatic-C,C2,Control,Oxygen control
C2_AAAGGATTCGTACACA-1,6.3956623,5.281492,2,Homeostatic-A,C2,Control,Oxygen control
C2_AAAGGTACAATTCTTC-1,1.6713334,1.0847026,4,Homeostatic-C,C2,Control,Oxygen control
C2_AAAGTCCCAGAACTTC-1,1.2167419,8.55157,0,Inflammatory,C2,Control,Oxygen control
C2_AAAGTGATCGAGTGGA-1,7.4357295,1.20495,5,Transitional-B,C2,Control,Oxygen control
C2_AAATGGACATTCGGGC-1,3.0857122,-0.15464501,4,Homeostatic-C,C2,Control,Oxygen control
C2_AACAAAGCAGCGTTGC-1,3.708209,6.901553,2,Homeostatic-A,C2,Control,Oxygen control
C2_AACAAAGTCATCAGTG-1,1.2565355,2.623654,3,Homeostatic-B,C2,Control,Oxygen control
C2_AACAAGAGTCAAACGG-1,5.2029924,10.03381,0,Inflammatory,C2,Control,Oxygen control
C2_AACACACAGTGTGTTC-1,2.2878172,10.381568,0,Inflammatory,C2,Control,Oxygen control
C2_AACACACCACAGTGAG-1,5.93835,9.070441,0,Inflammatory,C2,Control,Oxygen control
C2_AACAGGGAGCCGAATG-1,0.4264496,8.856015,0,Inflammatory,C2,Control,Oxygen control
C2_AACCACAGTCCAGAAG-1,8.00424,-1.261579,5,Transitional-B,C2,Control,Oxygen control
C2_AACCCAACACCTGCTT-1,0.07133696,1.418908,1,Transitional-A,C2,Control,Oxygen control
C2_AACCCAATCTAGCATG-1,1.9610281,-1.9269737,4,Homeostatic-C,C2,Control,Oxygen control
C2_AACGTCAGTTTCCCAC-1,5.4428463,10.576051,0,Inflammatory,C2,Control,Oxygen control
C2_AACTTCTGTCGTCTCT-1,7.0219917,1.33365,5,Transitional-B,C2,Control,Oxygen control
C2_AAGAACAGTCAAAGTA-1,7.0790396,4.6968856,2,Homeostatic-A,C2,Control,Oxygen control
C2_AAGATAGCATTCAGCA-1,5.371958,6.12326,2,Homeostatic-A,C2,Control,Oxygen control
C2_AAGCATCGTGCCCACA-1,0.76666886,1.4318081,1,Transitional-A,C2,Control,Oxygen control
C2_AAGCATCTCTAGCATG-1,-0.33529553,1.4825404,1,Transitional-A,C2,Control,Oxygen control
C2_AAGCGAGAGCCGAATG-1,5.541854,3.685094,2,Homeostatic-A,C2,Control,Oxygen control
C2_AAGCGAGAGCGTTGTT-1,2.6125119,3.7701979,3,Homeostatic-B,C2,Control,Oxygen control
C2_AAGCGAGTCGACGCGT-1,3.8010137,11.223883,0,Inflammatory,C2,Control,Oxygen control
C2_AAGCGAGTCGTCAGAT-1,4.264898,7.647372,2,Homeostatic-A,C2,Control,Oxygen control
C2_AAGCGTTGTCCCAAAT-1,7.4494867,-1.6781496,5,Transitional-B,C2,Control,Oxygen control
C2_AAGGTAAAGCCTTTGA-1,1.3771012,8.630997,0,Inflammatory,C2,Control,Oxygen control
C2_AAGGTAACAAGAAACT-1,4.032122,9.928866,0,Inflammatory,C2,Control,Oxygen control
C2_AAGTGAAAGGAATTAC-1,0.955973,6.629468,0,Inflammatory,C2,Control,Oxygen control
C2_AAGTGAATCAGCGGAA-1,3.1648445,5.3551054,2,Homeostatic-A,C2,Control,Oxygen control
C2_AAGTTCGGTAGCTCGC-1,1.1121771,8.984256,0,Inflammatory,C2,Control,Oxygen control
C2_AAGTTCGGTGCAACGA-1,1.5189556,-0.38901138,4,Homeostatic-C,C2,Control,Oxygen control
C2_AATAGAGAGCTGTACT-1,5.4216175,7.162392,2,Homeostatic-A,C2,Control,Oxygen control
C2_AATAGAGGTCGAAGCA-1,-1.9959893,3.345475,1,Transitional-A,C2,Control,Oxygen control
C2_AATAGAGTCACTGTCC-1,1.0019646,3.2734387,3,Homeostatic-B,C2,Control,Oxygen control
C2_AATAGAGTCTCATGCC-1,-0.47237226,6.39354,0,Inflammatory,C2,Control,Oxygen control
C2_AATCACGAGTGAACAT-1,3.9414787,5.8774357,2,Homeostatic-A,C2,Control,Oxygen control
C2_AATCACGTCGGTTGTA-1,4.8010206,7.5331783,2,Homeostatic-A,C2,Control,Oxygen control
C2_AATCGACGTGTCTTCC-1,3.8635793,10.909458,0,Inflammatory,C2,Control,Oxygen control
C2_AATCGTGCAGGTCAAG-1,5.0267,6.0779195,2,Homeostatic-A,C2,Control,Oxygen control
C2_AATGCCAAGCTTCGTA-1,4.6016426,10.328708,0,Inflammatory,C2,Control,Oxygen control
C2_AATGCCACAGTAGAAT-1,2.2047408,6.0057073,2,Homeostatic-A,C2,Control,Oxygen control
C2_AATTCCTCATGAGTAA-1,5.108543,9.542434,0,Inflammatory,C2,Control,Oxygen control
C2_AATTTCCAGTCGCTAT-1,3.1908522,9.548425,0,Inflammatory,C2,Control,Oxygen control
C2_ACAAAGACATCGCTAA-1,3.7735546,11.286237,0,Inflammatory,C2,Control,Oxygen control
C2_ACAAGCTAGGGACTGT-1,3.4474807,4.995455,2,Homeostatic-A,C2,Control,Oxygen control
C2_ACAAGCTTCGCCGAAC-1,-1.2354537,2.9638608,1,Transitional-A,C2,Control,Oxygen control
C2_ACAAGCTTCGGTAAGG-1,6.830067,1.7557887,5,Transitional-B,C2,Control,Oxygen control
C2_ACACAGTAGTAGGTTA-1,2.791599,11.785657,0,Inflammatory,C2,Control,Oxygen control
C2_ACACAGTAGTATGGCG-1,4.94684,9.194769,0,Inflammatory,C2,Control,Oxygen control
C2_ACACAGTCAGAGGCTA-1,5.0139656,10.894983,0,Inflammatory,C2,Control,Oxygen control
C2_ACACCAAGTTGCATCA-1,5.3541403,-0.05546699,5,Transitional-B,C2,Control,Oxygen control
C2_ACAGAAACAGTCGGAA-1,-0.013424435,4.551694,1,Transitional-A,C2,Control,Oxygen control
C2_ACAGAAAGTGCTGATT-1,1.3774601,0.19275479,4,Homeostatic-C,C2,Control,Oxygen control
C2_ACAGAAAGTTCATCGA-1,5.020062,7.8555317,2,Homeostatic-A,C2,Control,Oxygen control
C2_ACATCGATCGGCGATC-1,7.6818295,2.4175131,6,Rare,C2,Control,Oxygen control
C2_ACCAAACAGACCTCAT-1,7.3475304,4.603589,2,Homeostatic-A,C2,Control,Oxygen control
C2_ACCAAACAGGCTATCT-1,2.5511618,6.1027555,2,Homeostatic-A,C2,Control,Oxygen control
C2_ACCAAACGTTGTCAGT-1,5.6929846,-0.49446765,5,Transitional-B,C2,Control,Oxygen control
C2_ACCCAAAAGTAGACAT-1,5.9130955,-1.0528165,5,Transitional-B,C2,Control,Oxygen control
C2_ACCCAAAGTGGCTTGC-1,4.701779,10.002311,0,Inflammatory,C2,Control,Oxygen control
C2_ACCCTCAAGACGCCCT-1,2.9407485,0.4260708,4,Homeostatic-C,C2,Control,Oxygen control
C2_ACCCTTGAGAAACCAT-1,5.2463226,2.0771384,3,Homeostatic-B,C2,Control,Oxygen control
C2_ACCTACCAGTCCGCCA-1,1.1540512,5.648374,0,Inflammatory,C2,Control,Oxygen control
C2_ACCTGAAAGCATCCCG-1,1.0411818,3.6484566,3,Homeostatic-B,C2,Control,Oxygen control
C2_ACCTGAAAGCGATCGA-1,4.833691,5.884242,2,Homeostatic-A,C2,Control,Oxygen control
C2_ACCTGAACAATAGAGT-1,4.870072,8.19181,2,Homeostatic-A,C2,Control,Oxygen control
C2_ACCTGTCAGTCATTGC-1,6.886375,-1.09168,5,Transitional-B,C2,Control,Oxygen control
C2_ACCTGTCGTCAAAGCG-1,1.0406204,8.557922,0,Inflammatory,C2,Control,Oxygen control
C2_ACGATGTGTTGGGAAC-1,4.0859466,-2.2263887,4,Homeostatic-C,C2,Control,Oxygen control
C2_ACGATGTTCCCTAGGG-1,0.82581574,5.647779,0,Inflammatory,C2,Control,Oxygen control
C2_ACGCACGTCGTGGCGT-1,-0.14812224,8.157671,0,Inflammatory,C2,Control,Oxygen control
C2_ACGGAAGAGCACACAG-1,-0.8813111,5.103687,1,Transitional-A,C2,Control,Oxygen control
C2_ACGGAAGCAAAGGGTC-1,0.04511514,5.684011,0,Inflammatory,C2,Control,Oxygen control
C2_ACGGAAGGTGCTAGCC-1,1.6196432,9.049967,0,Inflammatory,C2,Control,Oxygen control
C2_ACGGTCGAGATTACCC-1,1.5705981,0.5974483,4,Homeostatic-C,C2,Control,Oxygen control
C2_ACGGTCGAGGACGCAT-1,3.2815776,8.214098,0,Inflammatory,C2,Control,Oxygen control
C2_ACGGTCGAGTCTAGAA-1,4.900125,7.7031555,2,Homeostatic-A,C2,Control,Oxygen control
C2_ACGGTCGCAAGTGGAC-1,5.654057,5.763358,2,Homeostatic-A,C2,Control,Oxygen control
C2_ACGGTCGCATGTCAGT-1,6.8365736,1.1812664,5,Transitional-B,C2,Control,Oxygen control
C2_ACGGTCGTCTGGACTA-1,6.7718983,5.972358,2,Homeostatic-A,C2,Control,Oxygen control
C2_ACGTACAAGATGATTG-1,3.5476243,6.8529162,2,Homeostatic-A,C2,Control,Oxygen control
C2_ACGTACAAGTCGAAGC-1,4.5833693,7.8775926,2,Homeostatic-A,C2,Control,Oxygen control
C2_ACGTAGTAGAGGGTGG-1,0.097999305,-1.7316328,4,Homeostatic-C,C2,Control,Oxygen control
C2_ACGTCCTAGTGGCGAT-1,1.5781561,11.300711,0,Inflammatory,C2,Control,Oxygen control
C2_ACGTCCTCACGTGAGA-1,1.5585555,10.121722,0,Inflammatory,C2,Control,Oxygen control
C2_ACGTCCTGTGACCGAA-1,3.3903747,0.745496,4,Homeostatic-C,C2,Control,Oxygen control
C2_ACTACGAGTATGGGAC-1,-2.6593943,2.8934293,1,Transitional-A,C2,Control,Oxygen control
C2_ACTATCTTCAACACCA-1,2.3513896,2.9119573,3,Homeostatic-B,C2,Control,Oxygen control
C2_ACTATGGAGAAATTCG-1,2.3262472,-0.3538375,4,Homeostatic-C,C2,Control,Oxygen control
C2_ACTATGGCACGCTTAA-1,5.170714,2.1187196,3,Homeostatic-B,C2,Control,Oxygen control
C2_ACTCCCATCTGATTCT-1,3.832068,-1.4379221,4,Homeostatic-C,C2,Control,Oxygen control
C2_ACTCTCGCAGCAATTC-1,0.6876775,8.469704,0,Inflammatory,C2,Control,Oxygen control
C2_ACTCTCGGTCGCACGT-1,2.1862617,5.453884,3,Homeostatic-B,C2,Control,Oxygen control
C2_ACTGATGAGCGAATGC-1,7.9252653,0.6679969,5,Transitional-B,C2,Control,Oxygen control
C2_ACTGATGGTGTACAGG-1,4.602487,11.492403,0,Inflammatory,C2,Control,Oxygen control
C2_ACTGTCCCACGGCTAC-1,-0.74734926,0.8451984,1,Transitional-A,C2,Control,Oxygen control
C2_ACTGTCCGTGTCATGT-1,2.6506393,10.802707,0,Inflammatory,C2,Control,Oxygen control
C2_ACTGTGATCAAAGCCT-1,3.9786935,4.6484814,2,Homeostatic-A,C2,Control,Oxygen control
C2_ACTTAGGCAAGCTCTA-1,2.7352073,8.054904,0,Inflammatory,C2,Control,Oxygen control
C2_ACTTATCCAGACTCTA-1,2.4948273,9.168885,0,Inflammatory,C2,Control,Oxygen control
C2_ACTTCCGCACTTCTCG-1,4.752176,3.4846601,2,Homeostatic-A,C2,Control,Oxygen control
C2_ACTTCCGGTCGGCTAC-1,-1.903328,-1.0138391,1,Transitional-A,C2,Control,Oxygen control
C2_ACTTTCAGTTCTCGTC-1,1.874859,5.137974,3,Homeostatic-B,C2,Control,Oxygen control
C2_ACTTTCATCAACTGAC-1,-1.9965305,4.4401274,1,Transitional-A,C2,Control,Oxygen control
C2_ACTTTGTAGCAAGTCG-1,5.04484,8.3844595,2,Homeostatic-A,C2,Control,Oxygen control
C2_AGAAATGTCTGAGAGG-1,6.0089726,0.7199167,5,Transitional-B,C2,Control,Oxygen control
C2_AGAAATGTCTTCACGC-1,-0.3729302,2.8967493,1,Transitional-A,C2,Control,Oxygen control
C2_AGAACAAAGGGCATGT-1,5.1785827,7.339552,2,Homeostatic-A,C2,Control,Oxygen control
C2_AGAACAATCCGATAGT-1,4.777753,0.1990419,5,Transitional-B,C2,Control,Oxygen control
C2_AGAACCTTCGTAGTCA-1,4.038004,11.847968,0,Inflammatory,C2,Control,Oxygen control
C2_AGAAGCGAGGCCACCT-1,4.9155374,7.543648,2,Homeostatic-A,C2,Control,Oxygen control
C2_AGAAGTAGTTTACTTC-1,4.0794,9.720781,0,Inflammatory,C2,Control,Oxygen control
C2_AGACACTCATTGTACG-1,4.482451,0.85854554,5,Transitional-B,C2,Control,Oxygen control
C2_AGACACTGTAGGAGTC-1,1.5948484,10.25887,0,Inflammatory,C2,Control,Oxygen control
C2_AGACACTGTCTGATCA-1,4.2802496,10.588119,0,Inflammatory,C2,Control,Oxygen control
C2_AGACACTTCGCTTGCT-1,4.809463,3.7187264,2,Homeostatic-A,C2,Control,Oxygen control
C2_AGACAGGAGCGTGCTC-1,6.0345044,5.9214406,2,Homeostatic-A,C2,Control,Oxygen control
C2_AGACAGGCAGACCCGT-1,9.781902,2.2121627,6,Rare,C2,Control,Oxygen control
C2_AGACCCGGTCCAACGC-1,-0.1249772,1.8452095,1,Transitional-A,C2,Control,Oxygen control
C2_AGAGCAGTCTGGACCG-1,6.417978,6.7332478,2,Homeostatic-A,C2,Control,Oxygen control
C2_AGAGCCCGTACGCGTC-1,1.2005445,-1.708507,4,Homeostatic-C,C2,Control,Oxygen control
C2_AGAGCCCGTGAGTTGG-1,-1.0992657,7.5302787,0,Inflammatory,C2,Control,Oxygen control
C2_AGATAGATCATTACCT-1,2.5218616,6.0071206,2,Homeostatic-A,C2,Control,Oxygen control
C2_AGATCCAAGTGGTGAC-1,-1.389321,3.8773193,1,Transitional-A,C2,Control,Oxygen control
C2_AGATGAAGTCATACCA-1,3.5977094,5.7830753,2,Homeostatic-A,C2,Control,Oxygen control
C2_AGATGCTAGAGTTGCG-1,3.3502212,7.7772284,2,Homeostatic-A,C2,Control,Oxygen control
C2_AGATGCTAGCGGCTCT-1,4.403581,11.334812,0,Inflammatory,C2,Control,Oxygen control
C2_AGCATCAGTGTTTACG-1,1.1191953,7.7474995,0,Inflammatory,C2,Control,Oxygen control
C2_AGCCACGAGTTTGCTG-1,6.5183916,5.624315,2,Homeostatic-A,C2,Control,Oxygen control
C2_AGCCACGGTAGCGTAG-1,4.734567,8.499805,2,Homeostatic-A,C2,Control,Oxygen control
C2_AGCCAGCTCACTACGA-1,1.6632936,0.99139476,4,Homeostatic-C,C2,Control,Oxygen control
C2_AGCGCCACACTCCGAG-1,-0.23899028,7.9688597,0,Inflammatory,C2,Control,Oxygen control
C2_AGCGTATAGTAGCATA-1,4.702046,6.949274,2,Homeostatic-A,C2,Control,Oxygen control
C2_AGCGTATCAGCTTCCT-1,3.543863,4.3628917,3,Homeostatic-B,C2,Control,Oxygen control
C2_AGCTACATCTCCCTAG-1,1.7570947,7.1575565,0,Inflammatory,C2,Control,Oxygen control
C2_AGGAAATAGTGGAAAG-1,1.9363145,4.16412,3,Homeostatic-B,C2,Control,Oxygen control
C2_AGGAAATGTCTCGACG-1,-1.7021964,1.6251708,1,Transitional-A,C2,Control,Oxygen control
C2_AGGACGATCCTCTAAT-1,1.8709825,5.5843053,2,Homeostatic-A,C2,Control,Oxygen control
C2_AGGACGATCTTCACAT-1,-2.3891618,3.7418313,1,Transitional-A,C2,Control,Oxygen control
C2_AGGAGGTTCTTCGTAT-1,3.2025042,8.318658,0,Inflammatory,C2,Control,Oxygen control
C2_AGGATAAAGGTAGGCT-1,4.8347893,7.9444556,2,Homeostatic-A,C2,Control,Oxygen control
C2_AGGATCTAGGCCCACT-1,4.627876,2.7963185,3,Homeostatic-B,C2,Control,Oxygen control
C2_AGGCATTGTTCGGTTA-1,9.261154,2.7047875,6,Rare,C2,Control,Oxygen control
C2_AGGCCACAGTATGATG-1,1.5855876,8.176174,0,Inflammatory,C2,Control,Oxygen control
C2_AGGCTGCCACAACCGC-1,-0.7195415,-1.5451146,1,Transitional-A,C2,Control,Oxygen control
C2_AGGCTGCCATCATGAC-1,8.136694,-0.5120521,5,Transitional-B,C2,Control,Oxygen control
C2_AGGCTGCGTATCCCTC-1,2.5970266,1.7218345,4,Homeostatic-C,C2,Control,Oxygen control
C2_AGGGTCCCAGCCCACA-1,3.4870193,12.197695,0,Inflammatory,C2,Control,Oxygen control
C2_AGGGTCCCAGGATGAC-1,4.297451,9.282273,0,Inflammatory,C2,Control,Oxygen control
C2_AGGGTCCCAGGTGTGA-1,4.1256804,8.004159,2,Homeostatic-A,C2,Control,Oxygen control
C2_AGGGTCCTCAACCCGG-1,0.33616218,9.720857,0,Inflammatory,C2,Control,Oxygen control
C2_AGGGTGAGTACAATAG-1,4.025545,7.710678,2,Homeostatic-A,C2,Control,Oxygen control
C2_AGGGTGATCTCTCAAT-1,2.5055869,-2.1738033,4,Homeostatic-C,C2,Control,Oxygen control
C2_AGGGTTTCAGTATACC-1,3.0674715,4.296284,3,Homeostatic-B,C2,Control,Oxygen control
C2_AGGGTTTGTGTTACAC-1,2.095788,9.820717,0,Inflammatory,C2,Control,Oxygen control
C2_AGGTAGGAGTTTAGGA-1,1.1472543,8.12818,0,Inflammatory,C2,Control,Oxygen control
C2_AGGTAGGTCAAGAAAC-1,0.015023148,1.7387607,1,Transitional-A,C2,Control,Oxygen control
C2_AGGTAGGTCTCCGAGG-1,4.6135077,8.845673,2,Homeostatic-A,C2,Control,Oxygen control
C2_AGGTCATTCAGACATC-1,4.536134,12.422855,0,Inflammatory,C2,Control,Oxygen control
C2_AGGTGTTAGATGACCG-1,3.8373349,6.575393,2,Homeostatic-A,C2,Control,Oxygen control
C2_AGGTGTTAGTTAGTAG-1,4.2800455,12.642361,0,Inflammatory,C2,Control,Oxygen control
C2_AGGTGTTTCCGCCTAT-1,2.878026,0.60027343,4,Homeostatic-C,C2,Control,Oxygen control
C2_AGGTGTTTCGAGATAA-1,5.4865284,3.5879962,2,Homeostatic-A,C2,Control,Oxygen control
C2_AGGTTACAGGCCACCT-1,1.7716892,2.8310046,3,Homeostatic-B,C2,Control,Oxygen control
C2_AGGTTACAGGTAAAGG-1,2.8713288,-0.34689656,4,Homeostatic-C,C2,Control,Oxygen control
C2_AGGTTACTCCAGCACG-1,1.2726257,8.145198,0,Inflammatory,C2,Control,Oxygen control
C2_AGTAACCAGGGTACAC-1,4.0867515,9.996196,0,Inflammatory,C2,Control,Oxygen control
C2_AGTAACCTCGTTGTTT-1,9.677329,2.5123956,6,Rare,C2,Control,Oxygen control
C2_AGTACCAAGGTTCCAT-1,2.3500898,5.0421824,3,Homeostatic-B,C2,Control,Oxygen control
C2_AGTACCATCCATCTAT-1,0.4071881,10.278551,0,Inflammatory,C2,Control,Oxygen control
C2_AGTACCATCGTGCGAC-1,-0.28484055,5.391331,0,Inflammatory,C2,Control,Oxygen control
C2_AGTCACAAGGTCATAA-1,4.872423,6.230986,2,Homeostatic-A,C2,Control,Oxygen control
C2_AGTCACACACCTCGTT-1,4.504481,1.4167887,3,Homeostatic-B,C2,Control,Oxygen control
C2_AGTCACACACCTCTGT-1,3.0346725,9.62168,0,Inflammatory,C2,Control,Oxygen control
C2_AGTCACACATGATAGA-1,4.509145,7.3267446,2,Homeostatic-A,C2,Control,Oxygen control
C2_AGTCACATCCTAAGTG-1,2.9801328,4.910415,3,Homeostatic-B,C2,Control,Oxygen control
C2_AGTCTCCCATGACAGG-1,1.3570894,0.8155928,1,Transitional-A,C2,Control,Oxygen control
C2_AGTGTTGTCGTCCATC-1,1.884789,10.774426,0,Inflammatory,C2,Control,Oxygen control
C2_AGTTAGCAGAAGTCAT-1,0.09921398,0.6073859,1,Transitional-A,C2,Control,Oxygen control
C2_AGTTCGACAAGACGAC-1,2.8851347,6.1706023,2,Homeostatic-A,C2,Control,Oxygen control
C2_ATACCTTAGAGGCTGT-1,3.3570395,0.76060086,3,Homeostatic-B,C2,Control,Oxygen control
C2_ATACCTTTCGGAGTAG-1,3.9982152,1.8286507,3,Homeostatic-B,C2,Control,Oxygen control
C2_ATACTTCCAGGAACCA-1,4.0724854,10.689903,0,Inflammatory,C2,Control,Oxygen control
C2_ATACTTCCATACTGTG-1,2.6290758,9.692492,0,Inflammatory,C2,Control,Oxygen control
C2_ATAGACCAGCTCCACG-1,2.3070486,1.560499,3,Homeostatic-B,C2,Control,Oxygen control
C2_ATAGAGAAGACTGGGT-1,0.826431,1.9526958,1,Transitional-A,C2,Control,Oxygen control
C2_ATAGGCTGTACCGGCT-1,6.2861137,1.1501904,5,Transitional-B,C2,Control,Oxygen control
C2_ATATCCTAGCCTCTTC-1,0.32752892,5.417186,1,Transitional-A,C2,Control,Oxygen control
C2_ATCACAGGTAGCGATG-1,1.7191762,1.2363156,3,Homeostatic-B,C2,Control,Oxygen control
C2_ATCACAGGTGAGTCAG-1,2.8540528,8.220237,0,Inflammatory,C2,Control,Oxygen control
C2_ATCACAGTCCTAAGTG-1,4.467411,9.798593,0,Inflammatory,C2,Control,Oxygen control
C2_ATCACGAGTATTAAGG-1,3.095896,9.415649,0,Inflammatory,C2,Control,Oxygen control
C2_ATCACGATCGTCAACA-1,1.5347198,7.1066833,0,Inflammatory,C2,Control,Oxygen control
C2_ATCACTTCACCAGCTG-1,2.616692,4.991835,3,Homeostatic-B,C2,Control,Oxygen control
C2_ATCCACCTCTGTCAGA-1,0.7297665,1.3123269,1,Transitional-A,C2,Control,Oxygen control
C2_ATCCGTCCATTGCCGG-1,3.6681998,8.69496,0,Inflammatory,C2,Control,Oxygen control
C2_ATCCGTCGTTTGAAAG-1,5.281362,10.251304,0,Inflammatory,C2,Control,Oxygen control
C2_ATCGGATAGGTCCCTG-1,4.596584,10.015983,0,Inflammatory,C2,Control,Oxygen control
C2_ATCGTAGTCAGTGTTG-1,6.0408063,0.85832614,5,Transitional-B,C2,Control,Oxygen control
C2_ATCGTAGTCGTTATCT-1,5.176356,-0.8512578,5,Transitional-B,C2,Control,Oxygen control
C2_ATCGTCCAGATGCTGG-1,7.7853804,0.013639709,5,Transitional-B,C2,Control,Oxygen control
C2_ATCGTCCGTGAATAAC-1,4.8888845,7.6455345,2,Homeostatic-A,C2,Control,Oxygen control
C2_ATCTCTAAGTAAGACT-1,3.3818665,12.202256,0,Inflammatory,C2,Control,Oxygen control
C2_ATGAAAGCAATACAGA-1,4.1458325,11.272448,0,Inflammatory,C2,Control,Oxygen control
C2_ATGAAAGGTCACTCAA-1,5.679175,-1.119039,5,Transitional-B,C2,Control,Oxygen control
C2_ATGACCACACATTGTG-1,6.4729667,3.420114,2,Homeostatic-A,C2,Control,Oxygen control
C2_ATGACCAGTCACGCTG-1,6.9700956,-0.33525378,5,Transitional-B,C2,Control,Oxygen control
C2_ATGACCATCGCAAGAG-1,7.0641584,0.7773606,5,Transitional-B,C2,Control,Oxygen control
C2_ATGAGGGTCGCATTGA-1,2.9942405,0.6223184,4,Homeostatic-C,C2,Control,Oxygen control
C2_ATGAGTCCATTAAGCC-1,2.8659096,5.869891,2,Homeostatic-A,C2,Control,Oxygen control
C2_ATGCATGGTGTTAAAG-1,1.5860476,8.257597,0,Inflammatory,C2,Control,Oxygen control
C2_ATGCCTCGTTTCGGCG-1,1.5713537,8.738454,0,Inflammatory,C2,Control,Oxygen control
C2_ATGCGATGTGGCTACC-1,-0.14557172,7.26692,0,Inflammatory,C2,Control,Oxygen control
C2_ATGGAGGAGTAGGTTA-1,1.1070344,9.972306,0,Inflammatory,C2,Control,Oxygen control
C2_ATGGATCCACTCCTTG-1,0.55864286,2.50956,1,Transitional-A,C2,Control,Oxygen control
C2_ATGGATCGTAATCAGA-1,-1.1602399,3.9581985,1,Transitional-A,C2,Control,Oxygen control
C2_ATGGGAGGTGTTATCG-1,3.4445972,11.19983,0,Inflammatory,C2,Control,Oxygen control
C2_ATGGGAGTCTACACTT-1,0.9738859,4.6295047,3,Homeostatic-B,C2,Control,Oxygen control
C2_ATGGGTTCATCAGCAT-1,1.3376454,5.3292856,3,Homeostatic-B,C2,Control,Oxygen control
C2_ATGGGTTTCATTTGTC-1,4.2207794,8.522666,2,Homeostatic-A,C2,Control,Oxygen control
C2_ATGTCCCGTGAGGCAT-1,3.792248,-2.0926044,4,Homeostatic-C,C2,Control,Oxygen control
C2_ATTATCCAGTCTCCTC-1,0.7115337,4.4625072,3,Homeostatic-B,C2,Control,Oxygen control
C2_ATTATCCGTCAATCTG-1,3.77326,0.6509276,4,Homeostatic-C,C2,Control,Oxygen control
C2_ATTCACTAGTGAACAT-1,-0.4990869,0.27294746,1,Transitional-A,C2,Control,Oxygen control
C2_ATTCACTCACACCTGG-1,4.7161827,3.0046325,3,Homeostatic-B,C2,Control,Oxygen control
C2_ATTCAGGGTGGGTCAA-1,5.563478,9.773859,0,Inflammatory,C2,Control,Oxygen control
C2_ATTCATCAGATCGCTT-1,5.9063854,1.0798452,5,Transitional-B,C2,Control,Oxygen control
C2_ATTCATCAGGTACTGG-1,5.2037525,6.4599,2,Homeostatic-A,C2,Control,Oxygen control
C2_ATTCATCAGTTGGGAC-1,2.5326393,11.676686,0,Inflammatory,C2,Control,Oxygen control
C2_ATTCATCTCCGATGTA-1,3.150142,10.212357,0,Inflammatory,C2,Control,Oxygen control
C2_ATTCCCGGTCAAAGCG-1,1.5289363,-1.7130098,4,Homeostatic-C,C2,Control,Oxygen control
C2_ATTCTACCAGACAATA-1,4.1566577,6.649292,2,Homeostatic-A,C2,Control,Oxygen control
C2_ATTCTACTCATGAGAA-1,4.624128,6.3113093,2,Homeostatic-A,C2,Control,Oxygen control
C2_ATTGGGTGTGCACAAG-1,2.1506455,10.966465,0,Inflammatory,C2,Control,Oxygen control
C2_ATTGGGTTCGCAGAGA-1,-2.639803,3.7543564,1,Transitional-A,C2,Control,Oxygen control
C2_ATTGTTCAGCGCTGAA-1,4.352242,12.554061,0,Inflammatory,C2,Control,Oxygen control
C2_ATTTCACCATAGCTGT-1,1.9961388,7.472154,0,Inflammatory,C2,Control,Oxygen control
C2_ATTTCTGAGTCCTGTA-1,1.1077241,-1.3889383,4,Homeostatic-C,C2,Control,Oxygen control
C2_CAACAACGTAGTCTTG-1,-0.45814875,3.955172,1,Transitional-A,C2,Control,Oxygen control
C2_CAACAGTGTAGGTGCA-1,4.482519,7.772533,2,Homeostatic-A,C2,Control,Oxygen control
C2_CAACAGTTCTGGCCGA-1,1.6335046,0.1637285,4,Homeostatic-C,C2,Control,Oxygen control
C2_CAACCTCAGCTGGCTC-1,0.17898722,5.52053,1,Transitional-A,C2,Control,Oxygen control
C2_CAACGATGTTTGAAAG-1,10.499835,1.7089477,6,Rare,C2,Control,Oxygen control
C2_CAACGGCAGTCTTCGA-1,3.048967,12.405159,0,Inflammatory,C2,Control,Oxygen control
C2_CAAGAGGAGCATTTGC-1,5.495439,3.2271416,2,Homeostatic-A,C2,Control,Oxygen control
C2_CAAGAGGAGGCAATGC-1,3.6251433,8.660637,0,Inflammatory,C2,Control,Oxygen control
C2_CAAGCTAGTCTTACTT-1,5.1001325,5.804933,2,Homeostatic-A,C2,Control,Oxygen control
C2_CAAGCTAGTTTACCTT-1,4.370336,12.40319,0,Inflammatory,C2,Control,Oxygen control
C2_CAAGCTATCGTTAGAC-1,4.3479958,6.4279556,2,Homeostatic-A,C2,Control,Oxygen control
C2_CAATACGAGGGTACAC-1,5.375485,3.0773072,2,Homeostatic-A,C2,Control,Oxygen control
C2_CAATTTCAGAGCAGAA-1,3.5915878,10.592841,0,Inflammatory,C2,Control,Oxygen control
C2_CACAGGCAGTCACTGT-1,2.9202278,0.6292042,4,Homeostatic-C,C2,Control,Oxygen control
C2_CACCAAACACGACGAA-1,5.2410994,8.0194025,2,Homeostatic-A,C2,Control,Oxygen control
C2_CACCAAAGTGAGACCA-1,7.835894,-0.0117237,5,Transitional-B,C2,Control,Oxygen control
C2_CACCAAATCCGGACGT-1,4.3914003,6.392469,2,Homeostatic-A,C2,Control,Oxygen control
C2_CACGAATTCATCTATC-1,6.564851,1.6149246,5,Transitional-B,C2,Control,Oxygen control
C2_CACGTGGAGCTGAAGC-1,2.8327675,4.7847824,2,Homeostatic-A,C2,Control,Oxygen control
C2_CACTAAGCAGCTGGTC-1,3.6316252,1.020775,3,Homeostatic-B,C2,Control,Oxygen control
C2_CACTAAGCATGGAACG-1,1.7863772,3.619798,3,Homeostatic-B,C2,Control,Oxygen control
C2_CACTGAATCCTACTGC-1,1.4797634,5.249586,0,Inflammatory,C2,Control,Oxygen control
C2_CACTGTCGTAACGCGA-1,6.1131277,4.936992,2,Homeostatic-A,C2,Control,Oxygen control
C2_CACTGTCGTTGGATCT-1,-0.13263337,6.976383,0,Inflammatory,C2,Control,Oxygen control
C2_CACTTCGGTATGTCAC-1,1.2889495,8.975081,0,Inflammatory,C2,Control,Oxygen control
C2_CACTTCGTCAGTGTTG-1,5.1550765,4.9772696,2,Homeostatic-A,C2,Control,Oxygen control
C2_CAGATACCAATCTCGA-1,0.39705092,5.5906587,1,Transitional-A,C2,Control,Oxygen control
C2_CAGATCAAGGATAATC-1,4.9785876,-1.6766185,5,Transitional-B,C2,Control,Oxygen control
C2_CAGATTGAGTAAATGC-1,5.027814,6.4413557,2,Homeostatic-A,C2,Control,Oxygen control
C2_CAGCAATAGCTGACCC-1,4.3910027,7.0194807,2,Homeostatic-A,C2,Control,Oxygen control
C2_CAGCAATTCATGGAGG-1,-0.97896403,7.8088646,0,Inflammatory,C2,Control,Oxygen control
C2_CAGCAGCAGCTGCGAA-1,0.8537269,10.136063,0,Inflammatory,C2,Control,Oxygen control
C2_CAGCGTGCAATCGTCA-1,4.2425327,7.570729,2,Homeostatic-A,C2,Control,Oxygen control
C2_CAGGCCAGTAGCGTCC-1,4.8865986,2.92621,3,Homeostatic-B,C2,Control,Oxygen control
C2_CAGGGCTTCATGCGGC-1,-0.33867675,2.6251223,1,Transitional-A,C2,Control,Oxygen control
C2_CAGGGCTTCCATATGG-1,-1.6215985,5.9705153,0,Inflammatory,C2,Control,Oxygen control
C2_CAGGGCTTCGTAGAGG-1,2.792355,9.686694,0,Inflammatory,C2,Control,Oxygen control
C2_CAGGGCTTCTGTCAGA-1,10.275995,2.4681673,6,Rare,C2,Control,Oxygen control
C2_CAGGTATCACGTGAGA-1,1.7276471,4.1293893,3,Homeostatic-B,C2,Control,Oxygen control
C2_CAGGTATTCCGTGTCT-1,-0.18269421,9.062537,0,Inflammatory,C2,Control,Oxygen control
C2_CAGTGCGCAAGAGTAT-1,6.8934884,2.9915128,2,Homeostatic-A,C2,Control,Oxygen control
C2_CAGTTAGGTATGGTAA-1,4.325329,9.769752,0,Inflammatory,C2,Control,Oxygen control
C2_CAGTTAGGTCTGTGAT-1,4.6328673,7.9801407,2,Homeostatic-A,C2,Control,Oxygen control
C2_CATACAGCAAGTGGTG-1,5.3111596,3.5422268,2,Homeostatic-A,C2,Control,Oxygen control
C2_CATACTTGTTTAGACC-1,2.983095,11.386829,0,Inflammatory,C2,Control,Oxygen control
C2_CATAGACAGGTCCTGC-1,1.0334246,3.867603,3,Homeostatic-B,C2,Control,Oxygen control
C2_CATCAAGAGCCATTGT-1,4.9101467,8.974235,0,Inflammatory,C2,Control,Oxygen control
C2_CATCAAGGTCCCACGA-1,4.3149233,-1.8780869,4,Homeostatic-C,C2,Control,Oxygen control
C2_CATCCACTCCATTGGA-1,4.694896,2.9792604,3,Homeostatic-B,C2,Control,Oxygen control
C2_CATCCCAGTACTGCGC-1,0.5164374,3.4439602,1,Transitional-A,C2,Control,Oxygen control
C2_CATCGCTTCCACCTCA-1,1.6430452,5.719865,3,Homeostatic-B,C2,Control,Oxygen control
C2_CATGCAACATGGCTAT-1,2.9318564,-1.5402554,4,Homeostatic-C,C2,Control,Oxygen control
C2_CATGCCTCAGCGACAA-1,5.3129125,9.827392,0,Inflammatory,C2,Control,Oxygen control
C2_CATGCGGAGGACAAGA-1,2.8831105,7.706406,0,Inflammatory,C2,Control,Oxygen control
C2_CATGCGGCAAGAAACT-1,1.9173708,10.722538,0,Inflammatory,C2,Control,Oxygen control
C2_CATGGTAAGCTAGAGC-1,5.9865847,1.4261883,5,Transitional-B,C2,Control,Oxygen control
C2_CATGGTACAGGATTCT-1,5.2415686,1.4372509,3,Homeostatic-B,C2,Control,Oxygen control
C2_CATGGTAGTCTCAAGT-1,4.479028,0.2899282,4,Homeostatic-C,C2,Control,Oxygen control
C2_CATTTCACACCCATAA-1,4.2900844,2.6177816,3,Homeostatic-B,C2,Control,Oxygen control
C2_CCAATGAAGCCTCTCT-1,2.4448965,10.870071,0,Inflammatory,C2,Control,Oxygen control
C2_CCACACTAGTTACGTC-1,4.7561464,8.320732,2,Homeostatic-A,C2,Control,Oxygen control
C2_CCACGTTAGGCTTAGG-1,5.332697,8.702483,0,Inflammatory,C2,Control,Oxygen control
C2_CCACGTTGTTTACCAG-1,5.4165673,5.066133,2,Homeostatic-A,C2,Control,Oxygen control
C2_CCACTTGAGCAATAAC-1,3.1777742,4.9727335,2,Homeostatic-A,C2,Control,Oxygen control
C2_CCACTTGAGGTCCAGA-1,2.1941514,6.815308,2,Homeostatic-A,C2,Control,Oxygen control
C2_CCACTTGCATATCTGG-1,3.0110865000000002,-2.2750127,4,Homeostatic-C,C2,Control,Oxygen control
C2_CCACTTGGTTTGCCGG-1,2.8038383,2.71001,3,Homeostatic-B,C2,Control,Oxygen control
C2_CCATCACGTTATGACC-1,0.33801067,3.609939,1,Transitional-A,C2,Control,Oxygen control
C2_CCCGAAGCAAATCAAG-1,7.6652856,-1.4825468,5,Transitional-B,C2,Control,Oxygen control
C2_CCCTAACAGAGTCAAT-1,2.8358963,9.385273,0,Inflammatory,C2,Control,Oxygen control
C2_CCCTAACGTTTATGCG-1,-1.8245317,4.0080886,1,Transitional-A,C2,Control,Oxygen control
C2_CCCTAACTCTTCTTCC-1,7.5633216,3.0663493,2,Homeostatic-A,C2,Control,Oxygen control
C2_CCCTCAATCCACGTCT-1,4.688196,-1.4577981,4,Homeostatic-C,C2,Control,Oxygen control
C2_CCCTCTCGTTTCGTTT-1,6.6615243,-0.21832277,5,Transitional-B,C2,Control,Oxygen control
C2_CCCTGATCATGCAGCC-1,-1.2032712,6.2969866,0,Inflammatory,C2,Control,Oxygen control
C2_CCCTTAGAGAGGTGCT-1,0.40218502,5.032392,3,Homeostatic-B,C2,Control,Oxygen control
C2_CCCTTAGGTCCGCAGT-1,1.4288515,1.3066651,4,Homeostatic-C,C2,Control,Oxygen control
C2_CCGAACGAGGTAGCCA-1,2.3895962,1.6549542,4,Homeostatic-C,C2,Control,Oxygen control
C2_CCGATGGAGCATTTGC-1,2.0188494,7.2129893,0,Inflammatory,C2,Control,Oxygen control
C2_CCGATGGGTTGCCGCA-1,4.7840405,8.361892,2,Homeostatic-A,C2,Control,Oxygen control
C2_CCGCAAGAGGAAAGAC-1,4.157394,9.815816,0,Inflammatory,C2,Control,Oxygen control
C2_CCGGACACACAGAAGC-1,0.72066015,9.812865,0,Inflammatory,C2,Control,Oxygen control
C2_CCGGACAGTCCTGTCT-1,4.505069,10.43803,0,Inflammatory,C2,Control,Oxygen control
C2_CCGGGTAGTATACCTG-1,3.6880114,6.7795596,2,Homeostatic-A,C2,Control,Oxygen control
C2_CCGGGTAGTCCTGAAT-1,7.180456,-1.0083195,5,Transitional-B,C2,Control,Oxygen control
C2_CCGTGAGGTGTCCAAT-1,5.0398846,8.139139,2,Homeostatic-A,C2,Control,Oxygen control
C2_CCGTGAGTCGCTTGAA-1,6.6019936,-0.733558,5,Transitional-B,C2,Control,Oxygen control
C2_CCGTTCAAGTCGCTAT-1,3.6784265,6.874312,2,Homeostatic-A,C2,Control,Oxygen control
C2_CCGTTCAAGTGGCGAT-1,1.0699365,8.782888,0,Inflammatory,C2,Control,Oxygen control
C2_CCGTTCATCTAAACGC-1,3.9625466,10.153557,0,Inflammatory,C2,Control,Oxygen control
C2_CCGTTCATCTCCTGTG-1,4.5905824,8.413427,2,Homeostatic-A,C2,Control,Oxygen control
C2_CCTAAGAAGGGCAACT-1,6.2778063,1.1339778,5,Transitional-B,C2,Control,Oxygen control
C2_CCTAAGAGTGTATCCA-1,0.343598,-1.2313008,4,Homeostatic-C,C2,Control,Oxygen control
C2_CCTACGTCACCTGATA-1,6.4655943,0.93688625,5,Transitional-B,C2,Control,Oxygen control
C2_CCTCAACCAGAGCGTA-1,2.7581384,-0.19664752,4,Homeostatic-C,C2,Control,Oxygen control
C2_CCTCAACGTTAGAGAT-1,3.966732,9.43353,0,Inflammatory,C2,Control,Oxygen control
C2_CCTCACAGTAACAAGT-1,4.394243,-0.60371655,4,Homeostatic-C,C2,Control,Oxygen control
C2_CCTCACATCGATTTCT-1,0.94600636,7.2443576,0,Inflammatory,C2,Control,Oxygen control
C2_CCTCAGTTCTACCACC-1,2.466714,11.993784,0,Inflammatory,C2,Control,Oxygen control
C2_CCTCATGAGCAATTCC-1,4.9781485,10.954266,0,Inflammatory,C2,Control,Oxygen control
C2_CCTCATGAGCCTAACT-1,-1.9302313,3.9321423,1,Transitional-A,C2,Control,Oxygen control
C2_CCTCATGCATCCGGTG-1,4.807076,9.469745,0,Inflammatory,C2,Control,Oxygen control
C2_CCTCATGTCTAGTACG-1,-0.8403573,5.2144856,1,Transitional-A,C2,Control,Oxygen control
C2_CCTCCTCTCGGTTAGT-1,2.6271749,11.316244,0,Inflammatory,C2,Control,Oxygen control
C2_CCTCTAGCAGACCATT-1,4.1975913,9.566285,0,Inflammatory,C2,Control,Oxygen control
C2_CCTCTAGTCCGCACTT-1,1.6576524,-1.8127683,4,Homeostatic-C,C2,Control,Oxygen control
C2_CCTCTCCCATGTAACC-1,-1.117921,3.3405347,1,Transitional-A,C2,Control,Oxygen control
C2_CCTCTCCGTACAGTAA-1,4.3360825,10.932822,0,Inflammatory,C2,Control,Oxygen control
C2_CCTGCATCAACCGACC-1,6.370795,-1.6501865,5,Transitional-B,C2,Control,Oxygen control
C2_CCTGCATGTGCATCTA-1,-0.70733047,6.487962,0,Inflammatory,C2,Control,Oxygen control
C2_CCTTCAGTCGGCATAT-1,4.4591928,9.682628,0,Inflammatory,C2,Control,Oxygen control
C2_CCTTGTGAGCTCGACC-1,5.295759,4.148994,2,Homeostatic-A,C2,Control,Oxygen control
C2_CCTTTGGGTCAAGTTC-1,2.7117243,8.02948,0,Inflammatory,C2,Control,Oxygen control
C2_CCTTTGGTCGCTCCTA-1,3.622379,9.048143,0,Inflammatory,C2,Control,Oxygen control
C2_CGAAGGAGTTGAAGTA-1,4.764878,7.547985,2,Homeostatic-A,C2,Control,Oxygen control
C2_CGAATTGCATGGCCAC-1,10.841012,2.0903273000000002,6,Rare,C2,Control,Oxygen control
C2_CGAATTGCATTGTGCA-1,-2.506666,0.25739715,1,Transitional-A,C2,Control,Oxygen control
C2_CGAGAAGCACTGTGAT-1,1.0410851,9.8031435,0,Inflammatory,C2,Control,Oxygen control
C2_CGAGTGCAGTTGCTGT-1,5.064738,8.156359,2,Homeostatic-A,C2,Control,Oxygen control
C2_CGAGTTACAGCGTATT-1,6.7112722,6.3801084,2,Homeostatic-A,C2,Control,Oxygen control
C2_CGATCGGCATTGCAAC-1,6.331846,6.2239485,2,Homeostatic-A,C2,Control,Oxygen control
C2_CGATCGGGTCAACATC-1,4.471338,6.1758733,2,Homeostatic-A,C2,Control,Oxygen control
C2_CGATGCGAGCATAGGC-1,5.115552,8.785771,2,Homeostatic-A,C2,Control,Oxygen control
C2_CGATGCGCATTCACCC-1,2.1862602,4.3745556,3,Homeostatic-B,C2,Control,Oxygen control
C2_CGCATAACATAATGCC-1,3.763009,-0.03034044,4,Homeostatic-C,C2,Control,Oxygen control
C2_CGCATGGCAAGATTGA-1,4.2575974,13.201904,0,Inflammatory,C2,Control,Oxygen control
C2_CGCCAGATCGGAAACG-1,5.298846,6.5712223,2,Homeostatic-A,C2,Control,Oxygen control
C2_CGGAATTAGATGCGAC-1,0.4216108,2.6876848,1,Transitional-A,C2,Control,Oxygen control
C2_CGGAATTGTTAACAGA-1,2.3806791,6.235156,2,Homeostatic-A,C2,Control,Oxygen control
C2_CGGACACAGACCACGA-1,2.3385828,1.232634,4,Homeostatic-C,C2,Control,Oxygen control
C2_CGGAGAATCCGTATAG-1,-0.28564972,5.4542117,1,Transitional-A,C2,Control,Oxygen control
C2_CGGCAGTAGAGATGCC-1,-0.8193822,4.827497,1,Transitional-A,C2,Control,Oxygen control
C2_CGGCAGTAGATCGCTT-1,2.3695297,11.211819,0,Inflammatory,C2,Control,Oxygen control
C2_CGGCAGTGTAGATTAG-1,5.2304983,9.088967,0,Inflammatory,C2,Control,Oxygen control
C2_CGGGTCATCGCTATTT-1,6.495564,3.2704031,2,Homeostatic-A,C2,Control,Oxygen control
C2_CGGGTGTCACCCTTGT-1,0.65804774,8.719116,0,Inflammatory,C2,Control,Oxygen control
C2_CGGTCAGCAGGCGAAT-1,3.905069,4.662241,2,Homeostatic-A,C2,Control,Oxygen control
C2_CGGTCAGCATGCAGCC-1,6.2451043,1.4294899,5,Transitional-B,C2,Control,Oxygen control
C2_CGTAATGAGTGGACGT-1,6.21438,6.3920307,2,Homeostatic-A,C2,Control,Oxygen control
C2_CGTAATGAGTGGTGAC-1,7.3986554,-0.6792691,5,Transitional-B,C2,Control,Oxygen control
C2_CGTAATGGTGGAACAC-1,7.4244404,-0.36081234,5,Transitional-B,C2,Control,Oxygen control
C2_CGTAGTAGTTACCCTC-1,1.9232142,5.779181,2,Homeostatic-A,C2,Control,Oxygen control
C2_CGTCAAACAAGTGGGT-1,0.34894013,-0.27821386,1,Transitional-A,C2,Control,Oxygen control
C2_CGTCCATAGAATCTAG-1,-1.0456325,2.9323995,1,Transitional-A,C2,Control,Oxygen control
C2_CGTGAATCAGTCCCGA-1,5.3474717,0.85019064,5,Transitional-B,C2,Control,Oxygen control
C2_CGTGATAGTTTAGAGA-1,4.707465,-1.957672,4,Homeostatic-C,C2,Control,Oxygen control
C2_CGTTAGAGTATGAGGC-1,-0.27871653,5.0116463,1,Transitional-A,C2,Control,Oxygen control
C2_CGTTAGAGTCACCACG-1,4.89662,9.162142,0,Inflammatory,C2,Control,Oxygen control
C2_CGTTAGATCGTGGGAA-1,4.5129433,9.530284,0,Inflammatory,C2,Control,Oxygen control
C2_CTAACTTAGTTGCATC-1,4.4565597,11.517899,0,Inflammatory,C2,Control,Oxygen control
C2_CTACATTCAACAGATA-1,6.49705,5.2127137,2,Homeostatic-A,C2,Control,Oxygen control
C2_CTACCCACACAACATC-1,3.1112635,5.8789067,2,Homeostatic-A,C2,Control,Oxygen control
C2_CTACCCAGTCGTAATC-1,1.871773,9.934825,0,Inflammatory,C2,Control,Oxygen control
C2_CTACGGGCATGTCAGT-1,7.168997,4.4425435,2,Homeostatic-A,C2,Control,Oxygen control
C2_CTACTATTCATGGTAC-1,4.253932,-2.0440197,4,Homeostatic-C,C2,Control,Oxygen control
C2_CTAGACACACGGTCTG-1,4.3405285,-1.0153439,4,Homeostatic-C,C2,Control,Oxygen control
C2_CTAGACATCCTCAGAA-1,3.32979,9.510213,0,Inflammatory,C2,Control,Oxygen control
C2_CTAGGTACAGGTGTGA-1,3.5532234,10.90079,0,Inflammatory,C2,Control,Oxygen control
C2_CTATAGGCACATGAAA-1,4.9399896,10.09054,0,Inflammatory,C2,Control,Oxygen control
C2_CTATAGGGTATCGCAT-1,4.352919,11.530072,0,Inflammatory,C2,Control,Oxygen control
C2_CTATCCGTCTCCTACG-1,0.954562,8.999678,0,Inflammatory,C2,Control,Oxygen control
C2_CTCAATTCAGAATGTA-1,6.09339,-1.7771223,5,Transitional-B,C2,Control,Oxygen control
C2_CTCAATTTCTGCGGAC-1,1.8554678,4.5248904,3,Homeostatic-B,C2,Control,Oxygen control
C2_CTCACTGTCTGCTAGA-1,4.772402,8.339133,2,Homeostatic-A,C2,Control,Oxygen control
C2_CTCAGGGCACTGCGTG-1,4.5177226,11.5168295,0,Inflammatory,C2,Control,Oxygen control
C2_CTCATCGGTGTTACTG-1,-1.568443,3.2605786,1,Transitional-A,C2,Control,Oxygen control
C2_CTCATCGTCCAACCGG-1,2.0501328,-2.368496,4,Homeostatic-C,C2,Control,Oxygen control
C2_CTCATTACAAAGACTA-1,0.6981392,7.7865124,0,Inflammatory,C2,Control,Oxygen control
C2_CTCATTACATTATGCG-1,-0.90536106,4.905007,1,Transitional-A,C2,Control,Oxygen control
C2_CTCCAACCAAAGACGC-1,5.19885,8.08093,2,Homeostatic-A,C2,Control,Oxygen control
C2_CTCCAACTCTGGTGCG-1,1.0397494,-1.9428306,4,Homeostatic-C,C2,Control,Oxygen control
C2_CTCCACAGTACCGTGC-1,0.38224202,-1.8624516,4,Homeostatic-C,C2,Control,Oxygen control
C2_CTCCACAGTGGTTTAC-1,6.364144,1.2996922,5,Transitional-B,C2,Control,Oxygen control
C2_CTCCCTCAGACGCCAA-1,6.3833756,-0.6044621,5,Transitional-B,C2,Control,Oxygen control
C2_CTCCCTCAGCATCAAA-1,2.3342955,9.048512,0,Inflammatory,C2,Control,Oxygen control
C2_CTCCCTCAGTCTTCCC-1,3.0381093,9.248244,0,Inflammatory,C2,Control,Oxygen control
C2_CTCCTCCAGAGGCCAT-1,10.597892,1.828276,6,Rare,C2,Control,Oxygen control
C2_CTCCTTTGTACTTGTG-1,0.8515481,-1.1152579,4,Homeostatic-C,C2,Control,Oxygen control
C2_CTCGAGGCAGTATACC-1,-1.4724259,3.4659576,1,Transitional-A,C2,Control,Oxygen control
C2_CTCTCAGAGGTAAACT-1,2.217648,6.182188,2,Homeostatic-A,C2,Control,Oxygen control
C2_CTCTCAGGTGTACATC-1,3.81784,2.1253085,3,Homeostatic-B,C2,Control,Oxygen control
C2_CTCTCGAAGCAGCCTC-1,5.435651,6.882073,2,Homeostatic-A,C2,Control,Oxygen control
C2_CTGAATGCACCAACAT-1,3.978956,11.395991,0,Inflammatory,C2,Control,Oxygen control
C2_CTGAATGTCTTTACAC-1,0.80194074,9.41553,0,Inflammatory,C2,Control,Oxygen control
C2_CTGAGCGTCAGACCTA-1,-0.54578876,5.1887364,1,Transitional-A,C2,Control,Oxygen control
C2_CTGAGGCTCGTAATGC-1,5.2753177000000004,8.432693,2,Homeostatic-A,C2,Control,Oxygen control
C2_CTGCCTAAGAGCTGAC-1,5.2808523,-0.67154074,5,Transitional-B,C2,Control,Oxygen control
C2_CTGCGAGGTGGCTGCT-1,3.6025474,7.3147283,2,Homeostatic-A,C2,Control,Oxygen control
C2_CTGGTCTCAACTACGT-1,-2.3204503,2.452864,1,Transitional-A,C2,Control,Oxygen control
C2_CTGGTCTGTCCACTCT-1,4.797561,2.1740158,3,Homeostatic-B,C2,Control,Oxygen control
C2_CTGTACCTCCACGGAC-1,3.4470184,5.8824663,2,Homeostatic-A,C2,Control,Oxygen control
C2_CTGTAGAAGCCTGAAG-1,0.26324153,8.153954,0,Inflammatory,C2,Control,Oxygen control
C2_CTGTAGAGTCCCGGTA-1,4.9648747,10.883446,0,Inflammatory,C2,Control,Oxygen control
C2_CTGTCGTCATAGGCGA-1,3.5369813,9.114123,0,Inflammatory,C2,Control,Oxygen control
C2_CTGTGAAAGCCTCAGC-1,-1.5803505,-1.2401947,1,Transitional-A,C2,Control,Oxygen control
C2_CTGTGGGTCCACACAA-1,4.0303006,-0.44180146,4,Homeostatic-C,C2,Control,Oxygen control
C2_CTGTGGGTCCCGTTGT-1,3.4172893,9.508053,0,Inflammatory,C2,Control,Oxygen control
C2_CTTACCGGTCAAAGTA-1,2.105278,8.551097,0,Inflammatory,C2,Control,Oxygen control
C2_CTTACCGTCCCAGGCA-1,-2.3356376,-0.46462414,1,Transitional-A,C2,Control,Oxygen control
C2_CTTAGGAAGCGTCGAA-1,4.6065125,11.039524,0,Inflammatory,C2,Control,Oxygen control
C2_CTTCAATTCCGAAGGA-1,4.348083,0.00964847,4,Homeostatic-C,C2,Control,Oxygen control
C2_CTTCCGAAGACGTCGA-1,3.2748375,6.593874,2,Homeostatic-A,C2,Control,Oxygen control
C2_CTTCCGAGTCGCATCG-1,5.1520863,3.9713132,2,Homeostatic-A,C2,Control,Oxygen control
C2_CTTCCTTAGGTCCAGA-1,5.0029984,7.1947618,2,Homeostatic-A,C2,Control,Oxygen control
C2_CTTCCTTAGTAGGGTC-1,10.303882,1.6821088,6,Rare,C2,Control,Oxygen control
C2_CTTCCTTTCGTGTCAA-1,5.6044745,10.235616,0,Inflammatory,C2,Control,Oxygen control
C2_CTTCTCTCAGTATACC-1,0.6502667,3.3409684,1,Transitional-A,C2,Control,Oxygen control
C2_CTTGAGAGTACCGTCG-1,6.0849395,6.053733,2,Homeostatic-A,C2,Control,Oxygen control
C2_CTTGATTAGCTACGTT-1,6.4991283,2.484419,5,Transitional-B,C2,Control,Oxygen control
C2_CTTTCGGAGGCCTTGC-1,4.265857,4.9536085,2,Homeostatic-A,C2,Control,Oxygen control
C2_CTTTCGGGTTCGGCCA-1,0.07026126,9.816892,0,Inflammatory,C2,Control,Oxygen control
C2_GAAACCTAGCAAGGAA-1,3.513669,6.3709507,2,Homeostatic-A,C2,Control,Oxygen control
C2_GAAATGACACTGGCCA-1,3.6849267,-0.04248875,4,Homeostatic-C,C2,Control,Oxygen control
C2_GAACACTAGGCCTAAG-1,4.0821075,6.355894,2,Homeostatic-A,C2,Control,Oxygen control
C2_GAACGTTAGTCGCGAA-1,3.2280529,8.802683,0,Inflammatory,C2,Control,Oxygen control
C2_GAACGTTGTTTAAGGA-1,4.26985,-0.07182006,4,Homeostatic-C,C2,Control,Oxygen control
C2_GAACTGTTCATTCACT-1,4.4486485,7.683493,2,Homeostatic-A,C2,Control,Oxygen control
C2_GAAGAATAGGGTACGT-1,10.389354,1.8262359,6,Rare,C2,Control,Oxygen control
C2_GAAGAATTCGGTAGGA-1,4.132988,0.8367031,3,Homeostatic-B,C2,Control,Oxygen control
C2_GAAGCCCAGGCTTTCA-1,3.530165,1.5438313,3,Homeostatic-B,C2,Control,Oxygen control
C2_GAAGGACAGGCTTCCG-1,7.4780145,3.6599452,2,Homeostatic-A,C2,Control,Oxygen control
C2_GAAGGACTCTGGGTCG-1,4.2213855,-1.0105871,4,Homeostatic-C,C2,Control,Oxygen control
C2_GAAGTAAAGACCAACG-1,4.5845447,6.3158884,2,Homeostatic-A,C2,Control,Oxygen control
C2_GAAGTAACAGCAGGAT-1,2.8003263,11.5145855,0,Inflammatory,C2,Control,Oxygen control
C2_GAATAGAAGATGCTGG-1,3.4457285,7.835874,2,Homeostatic-A,C2,Control,Oxygen control
C2_GAATAGATCATGCCGG-1,2.137797,9.939743,0,Inflammatory,C2,Control,Oxygen control
C2_GAATAGATCATGGATC-1,0.9253998,8.45634,0,Inflammatory,C2,Control,Oxygen control
C2_GAATAGATCGAAGAAT-1,2.001221,5.098878,3,Homeostatic-B,C2,Control,Oxygen control
C2_GAATCACGTCGAATGG-1,2.4609861,7.1564593,0,Inflammatory,C2,Control,Oxygen control
C2_GAATCACGTGAATTAG-1,6.7160916,1.3576665,5,Transitional-B,C2,Control,Oxygen control
C2_GACACGCCATCAGTGT-1,5.3563147,-0.48020083,5,Transitional-B,C2,Control,Oxygen control
C2_GACAGCCTCAACACGT-1,5.3374248,9.937593,0,Inflammatory,C2,Control,Oxygen control
C2_GACATCACACTGAATC-1,3.9896665,11.664419,0,Inflammatory,C2,Control,Oxygen control
C2_GACATCAGTTACTCAG-1,4.89697,3.2565691,2,Homeostatic-A,C2,Control,Oxygen control
C2_GACCAATAGCGAGTAC-1,2.6117098,6.589581,2,Homeostatic-A,C2,Control,Oxygen control
C2_GACCAATTCATGCGGC-1,7.045188,-0.60603946,5,Transitional-B,C2,Control,Oxygen control
C2_GACCCTTCAAAGCTAA-1,3.3872712,10.262655,0,Inflammatory,C2,Control,Oxygen control
C2_GACCGTGAGGCACAAC-1,1.2770636,5.541306,0,Inflammatory,C2,Control,Oxygen control
C2_GACCGTGGTCATGCAT-1,4.522074,-0.88830763,4,Homeostatic-C,C2,Control,Oxygen control
C2_GACCGTGTCGCATAGT-1,1.9644543,7.8655715,0,Inflammatory,C2,Control,Oxygen control
C2_GACCTTCTCATAGGCT-1,5.5799446,0.3647723,5,Transitional-B,C2,Control,Oxygen control
C2_GACTATGAGACGGTCA-1,3.9046519,6.6915374,2,Homeostatic-A,C2,Control,Oxygen control
C2_GACTATGCACGCTGTG-1,-2.60471,0.3945394,1,Transitional-A,C2,Control,Oxygen control
C2_GACTATGTCAAGAAAC-1,0.19047555,9.974685,0,Inflammatory,C2,Control,Oxygen control
C2_GACTCTCCAGGCACTC-1,-1.631601,2.7944396,1,Transitional-A,C2,Control,Oxygen control
C2_GACTCTCTCGACCAAT-1,3.1677768,7.5292315,2,Homeostatic-A,C2,Control,Oxygen control
C2_GACTCTCTCTCTCCGA-1,4.4866214,10.493556,0,Inflammatory,C2,Control,Oxygen control
C2_GACTGATGTTGCCATA-1,3.7152176,12.2052,0,Inflammatory,C2,Control,Oxygen control
C2_GACTTCCAGCTGACCC-1,2.9233556,7.2948246,2,Homeostatic-A,C2,Control,Oxygen control
C2_GAGAAATGTATCAGGG-1,2.2713628,9.023598,0,Inflammatory,C2,Control,Oxygen control
C2_GAGAGGTTCATGGAGG-1,7.1564837,4.266718,2,Homeostatic-A,C2,Control,Oxygen control
C2_GAGAGGTTCATTATCC-1,2.1080668,9.877284,0,Inflammatory,C2,Control,Oxygen control
C2_GAGATGGCAACCTAAC-1,3.7513404,-1.6547099,4,Homeostatic-C,C2,Control,Oxygen control
C2_GAGATGGCAACTGAAA-1,6.739252,0.5105192,5,Transitional-B,C2,Control,Oxygen control
C2_GAGCTGCCACGAGAAC-1,2.7512207,12.241834,0,Inflammatory,C2,Control,Oxygen control
C2_GAGCTGCTCTAACGGT-1,-0.13053672,5.3274593,1,Transitional-A,C2,Control,Oxygen control
C2_GAGGCAAAGAGTGTTA-1,4.503332,1.3660378,3,Homeostatic-B,C2,Control,Oxygen control
C2_GAGGCCTTCGACACTA-1,4.3955507,9.896198,0,Inflammatory,C2,Control,Oxygen control
C2_GAGGGATGTACTTCCC-1,2.6662166,9.392147,0,Inflammatory,C2,Control,Oxygen control
C2_GAGGGATGTCTACGAT-1,5.570246,10.18322,0,Inflammatory,C2,Control,Oxygen control
C2_GAGGGTAGTCGTACTA-1,0.981263,2.8650339,3,Homeostatic-B,C2,Control,Oxygen control
C2_GAGTCATCATCTCAAG-1,4.4590564,11.653494,0,Inflammatory,C2,Control,Oxygen control
C2_GAGTCATTCGTCGACG-1,4.781093,4.6924863,2,Homeostatic-A,C2,Control,Oxygen control
C2_GAGTGAGGTGAGTCAG-1,1.5696458,9.64848,0,Inflammatory,C2,Control,Oxygen control
C2_GAGTGTTCATCGATCA-1,-0.10000261,7.4096775,0,Inflammatory,C2,Control,Oxygen control
C2_GAGTGTTCATGACTAC-1,5.9484735,9.697172,0,Inflammatory,C2,Control,Oxygen control
C2_GAGTTACCATTCCTCG-1,6.8523974,-1.4457648,5,Transitional-B,C2,Control,Oxygen control
C2_GAGTTACGTGAGAGGG-1,0.05912182,7.745351,0,Inflammatory,C2,Control,Oxygen control
C2_GAGTTTGCAGCCGGTT-1,3.4463723,12.496375,0,Inflammatory,C2,Control,Oxygen control
C2_GAGTTTGCATTCGGGC-1,4.933137,7.2494745,2,Homeostatic-A,C2,Control,Oxygen control
C2_GAGTTTGGTTGCTCAA-1,2.39045,5.4750233,2,Homeostatic-A,C2,Control,Oxygen control
C2_GATCACATCAGACTGT-1,5.3770113,-0.9835609,5,Transitional-B,C2,Control,Oxygen control
C2_GATCAGTGTAAGGCTG-1,3.9714992,-1.3428094,4,Homeostatic-C,C2,Control,Oxygen control
C2_GATCATGGTGTTCGAT-1,4.848734,9.6797,0,Inflammatory,C2,Control,Oxygen control
C2_GATCCCTAGCTGACCC-1,2.047479,11.567703,0,Inflammatory,C2,Control,Oxygen control
C2_GATCCCTAGGTTCACT-1,2.861937,4.9992905,2,Homeostatic-A,C2,Control,Oxygen control
C2_GATCCCTCATGTCAGT-1,0.17163764,7.88273,0,Inflammatory,C2,Control,Oxygen control
C2_GATCCCTTCCTTATGT-1,2.9696982,-0.08227499,4,Homeostatic-C,C2,Control,Oxygen control
C2_GATGACTCACGCCAGT-1,0.5526489,8.6499405,0,Inflammatory,C2,Control,Oxygen control
C2_GATGACTTCGTAGGAG-1,4.2449155,-0.55690116,4,Homeostatic-C,C2,Control,Oxygen control
C2_GATGATCCAAATGGTA-1,1.581199,7.5498123,0,Inflammatory,C2,Control,Oxygen control
C2_GATGATCTCTCCGTGT-1,1.5137693,1.49219,1,Transitional-A,C2,Control,Oxygen control
C2_GATGTTGCACTTCCTG-1,0.19129151,3.532676,1,Transitional-A,C2,Control,Oxygen control
C2_GATGTTGGTCCGAAAG-1,3.77242,10.396774,0,Inflammatory,C2,Control,Oxygen control
C2_GATTGGTGTAACGCGA-1,4.5157366,5.6070256,2,Homeostatic-A,C2,Control,Oxygen control
C2_GATTTCTGTATCCCTC-1,3.0920668,12.372403,0,Inflammatory,C2,Control,Oxygen control
C2_GATTTCTTCATGGTAC-1,3.0822976,9.257363,0,Inflammatory,C2,Control,Oxygen control
C2_GCAACATAGAAACTGT-1,0.43248782,1.4812888,1,Transitional-A,C2,Control,Oxygen control
C2_GCAACATTCTGTGCGG-1,3.1583207,2.0730166,3,Homeostatic-B,C2,Control,Oxygen control
C2_GCAACCGCAGGATGAC-1,4.455062,9.340696,0,Inflammatory,C2,Control,Oxygen control
C2_GCACGGTCACCATAAC-1,5.04466,10.478933,0,Inflammatory,C2,Control,Oxygen control
C2_GCACGTGAGATAACAC-1,2.3059025,5.0602984,3,Homeostatic-B,C2,Control,Oxygen control
C2_GCACGTGCACATTCGA-1,0.49315658,-1.0906535,4,Homeostatic-C,C2,Control,Oxygen control
C2_GCACTAACAAGGCGTA-1,7.476168,1.7027448,5,Transitional-B,C2,Control,Oxygen control
C2_GCAGCCATCGTCAGAT-1,1.7856447,-0.029142683,4,Homeostatic-C,C2,Control,Oxygen control
C2_GCAGTTACAAGAATAC-1,3.8426914,-1.352963,4,Homeostatic-C,C2,Control,Oxygen control
C2_GCAGTTATCCTCATAT-1,0.23337801,9.961226,0,Inflammatory,C2,Control,Oxygen control
C2_GCATCGGAGGATACAT-1,3.2252347,4.9872665,2,Homeostatic-A,C2,Control,Oxygen control
C2_GCATCGGCACTCCGGA-1,1.1683503,5.072103,3,Homeostatic-B,C2,Control,Oxygen control
C2_GCATCGGTCACTACTT-1,1.4394754,3.1191907,3,Homeostatic-B,C2,Control,Oxygen control
C2_GCATCTCAGGGTTTCT-1,-1.564413,3.2914245,1,Transitional-A,C2,Control,Oxygen control
C2_GCATGATAGACCTCAT-1,1.3660215,9.632034,0,Inflammatory,C2,Control,Oxygen control
C2_GCATGATAGTGTTCAC-1,5.9965425,7.475994,2,Homeostatic-A,C2,Control,Oxygen control
C2_GCCAACGCATCAGCGC-1,0.6300688,10.189644,0,Inflammatory,C2,Control,Oxygen control
C2_GCCAGGTAGCAATTCC-1,2.5403817,1.4004989,4,Homeostatic-C,C2,Control,Oxygen control
C2_GCCAGGTCACACTGGC-1,0.6987668,2.5621316,1,Transitional-A,C2,Control,Oxygen control
C2_GCCAGGTGTCCAAGAG-1,4.078048,2.4974344,3,Homeostatic-B,C2,Control,Oxygen control
C2_GCCAGGTTCCGATAGT-1,10.694257,2.7746787,6,Rare,C2,Control,Oxygen control
C2_GCCAGTGAGGCATTTC-1,5.471633,4.5802565,2,Homeostatic-A,C2,Control,Oxygen control
C2_GCCAGTGAGTCTTCGA-1,0.2743445,8.735736,0,Inflammatory,C2,Control,Oxygen control
C2_GCCATGGGTGAAGCTG-1,4.4249983,10.115348,0,Inflammatory,C2,Control,Oxygen control
C2_GCCATTCGTTCTCTAT-1,4.156265,11.129907,0,Inflammatory,C2,Control,Oxygen control
C2_GCCATTCTCCATCCGT-1,-1.1972792,7.66849,0,Inflammatory,C2,Control,Oxygen control
C2_GCCCAGACATTCACCC-1,-0.6974708,-0.73898226,1,Transitional-A,C2,Control,Oxygen control
C2_GCCGTGAAGGTCGCCT-1,2.7560496,9.23255,0,Inflammatory,C2,Control,Oxygen control
C2_GCGAGAATCTCTCCGA-1,1.928906,6.698758,0,Inflammatory,C2,Control,Oxygen control
C2_GCGATCGCACTTACAG-1,2.957444,10.2738285,0,Inflammatory,C2,Control,Oxygen control
C2_GCGGAAAAGCCATCCG-1,-0.8059473,0.873043,1,Transitional-A,C2,Control,Oxygen control
C2_GCGGAAATCGATTCCC-1,3.2404745,7.136167,2,Homeostatic-A,C2,Control,Oxygen control
C2_GCGTGCAAGCTCGGCT-1,0.38249254,2.3121045,1,Transitional-A,C2,Control,Oxygen control
C2_GCGTGCAGTAACGTTC-1,3.3366904,0.3239606,4,Homeostatic-C,C2,Control,Oxygen control
C2_GCGTGCAGTCATGACT-1,2.6598964,2.278587,3,Homeostatic-B,C2,Control,Oxygen control
C2_GCGTGCATCATGAGAA-1,-0.2785477,-1.5411055,4,Homeostatic-C,C2,Control,Oxygen control
C2_GCGTTTCAGTCATGCT-1,-0.14708163,4.0709634,1,Transitional-A,C2,Control,Oxygen control
C2_GCTACCTAGCTCGGCT-1,-1.5994883,3.651304,1,Transitional-A,C2,Control,Oxygen control
C2_GCTGAATCATATGCGT-1,2.3045897,7.5142703,0,Inflammatory,C2,Control,Oxygen control
C2_GCTGGGTCAATCGCCG-1,3.7600677,10.978816,0,Inflammatory,C2,Control,Oxygen control
C2_GCTGGGTTCGCTCCTA-1,2.7885087,1.7210902,3,Homeostatic-B,C2,Control,Oxygen control
C2_GCTTCACAGTGGAATT-1,3.9364564,12.754444,0,Inflammatory,C2,Control,Oxygen control
C2_GCTTGGGTCGTGGCTG-1,4.5790815,7.894889,2,Homeostatic-A,C2,Control,Oxygen control
C2_GCTTTCGAGTCTGCGC-1,6.0911837,1.5686848,5,Transitional-B,C2,Control,Oxygen control
C2_GCTTTCGGTTGCCATA-1,6.126472,0.17990562,5,Transitional-B,C2,Control,Oxygen control
C2_GGAACCCGTACTCGCG-1,5.097421,9.395999,0,Inflammatory,C2,Control,Oxygen control
C2_GGAATCTTCCTCTGCA-1,5.405783,-1.3742664,5,Transitional-B,C2,Control,Oxygen control
C2_GGAATGGCAATTGCGT-1,0.12668248,-0.75928867,4,Homeostatic-C,C2,Control,Oxygen control
C2_GGAATGGGTCTGTAGT-1,2.7565424,7.7336307,0,Inflammatory,C2,Control,Oxygen control
C2_GGAGATGAGATGGTAT-1,7.026865,0.8431345,5,Transitional-B,C2,Control,Oxygen control
C2_GGAGATGAGCAACAGC-1,0.7482279,-0.97199893,4,Homeostatic-C,C2,Control,Oxygen control
C2_GGAGGTACAGTAACAA-1,3.961944,7.0766087,2,Homeostatic-A,C2,Control,Oxygen control
C2_GGATCTAAGGGTAGCT-1,7.3545384,-0.7002346,5,Transitional-B,C2,Control,Oxygen control
C2_GGATCTAAGTACGAGC-1,0.93394387,3.982866,3,Homeostatic-B,C2,Control,Oxygen control
C2_GGATCTAGTGCTGCAC-1,7.3900537,1.5326794,5,Transitional-B,C2,Control,Oxygen control
C2_GGATGTTAGATGGGCT-1,2.4973524,10.236831,0,Inflammatory,C2,Control,Oxygen control
C2_GGATGTTGTAGTCCTA-1,5.941057,6.299619,2,Homeostatic-A,C2,Control,Oxygen control
C2_GGCACGTAGTCATCGT-1,3.071739,2.731968,3,Homeostatic-B,C2,Control,Oxygen control
C2_GGCACGTCAATCCTAG-1,5.577479,7.4412994,2,Homeostatic-A,C2,Control,Oxygen control
C2_GGCACGTCACATATCG-1,0.2941885,4.879933,1,Transitional-A,C2,Control,Oxygen control
C2_GGCACGTTCCAGCAAT-1,10.573855,2.7290883,6,Rare,C2,Control,Oxygen control
C2_GGCAGTCCACATGAAA-1,-0.38892695,1.2843022,1,Transitional-A,C2,Control,Oxygen control
C2_GGCAGTCCACCGGTCA-1,4.3514256,12.058019,0,Inflammatory,C2,Control,Oxygen control
C2_GGCTTTCAGTAGGCCA-1,1.8937533,1.2675383,4,Homeostatic-C,C2,Control,Oxygen control
C2_GGGAAGTTCCACAGGC-1,-0.13386367,2.249475,1,Transitional-A,C2,Control,Oxygen control
C2_GGGACTCGTTTGAAAG-1,4.936246,2.3790858,3,Homeostatic-B,C2,Control,Oxygen control
C2_GGGAGATCACCAATTG-1,2.9365916,11.4638605,0,Inflammatory,C2,Control,Oxygen control
C2_GGGATCCAGTGGAAGA-1,1.895154,1.6533195,3,Homeostatic-B,C2,Control,Oxygen control
C2_GGGATCCTCCACAGGC-1,-0.16250157,7.2094975,0,Inflammatory,C2,Control,Oxygen control
C2_GGGATGAGTTGAATCC-1,1.869974,5.8159676,3,Homeostatic-B,C2,Control,Oxygen control
C2_GGGCGTTAGTCGCCAC-1,6.938974,3.2898083,2,Homeostatic-A,C2,Control,Oxygen control
C2_GGGCGTTCAGAGATTA-1,1.2159765,5.0438113,3,Homeostatic-B,C2,Control,Oxygen control
C2_GGGCTACCATTCATCT-1,5.7460556,7.973729,2,Homeostatic-A,C2,Control,Oxygen control
C2_GGGTAGAAGTGAGTTA-1,4.7345686,9.85437,0,Inflammatory,C2,Control,Oxygen control
C2_GGGTAGACAGCACACC-1,-0.10760568,-0.6914284,4,Homeostatic-C,C2,Control,Oxygen control
C2_GGGTAGAGTTGCCTAA-1,4.7912965,10.603506,0,Inflammatory,C2,Control,Oxygen control
C2_GGGTAGATCAACTACG-1,3.902154,6.256875,2,Homeostatic-A,C2,Control,Oxygen control
C2_GGGTATTTCCGCTAGG-1,4.162218,12.551373,0,Inflammatory,C2,Control,Oxygen control
C2_GGGTCACCAGCTATTG-1,6.4851713,3.1007476,2,Homeostatic-A,C2,Control,Oxygen control
C2_GGGTCACGTACATTGC-1,6.1554203,1.4368206,5,Transitional-B,C2,Control,Oxygen control
C2_GGGTCTGTCTAGTTCT-1,9.366453,2.4935412,6,Rare,C2,Control,Oxygen control
C2_GGGTGTCGTAGCACGA-1,3.7235315,2.4039493,3,Homeostatic-B,C2,Control,Oxygen control
C2_GGGTGTCTCGAACACT-1,4.6913495,-1.8691198,4,Homeostatic-C,C2,Control,Oxygen control
C2_GGGTTATCATGACGAG-1,0.57270354,4.9477353,3,Homeostatic-B,C2,Control,Oxygen control
C2_GGGTTTATCGCTACGG-1,4.9708085,2.9197233,3,Homeostatic-B,C2,Control,Oxygen control
C2_GGGTTTATCTCTTCAA-1,2.602395,3.371382,3,Homeostatic-B,C2,Control,Oxygen control
C2_GGTAACTAGAGACAAG-1,3.0807283,8.040074,0,Inflammatory,C2,Control,Oxygen control
C2_GGTAACTCAATGGCAG-1,2.9024851,8.137529,0,Inflammatory,C2,Control,Oxygen control
C2_GGTAATCAGCGACTTT-1,-0.90482885,7.679967,0,Inflammatory,C2,Control,Oxygen control
C2_GGTCACGCACCAGACC-1,3.6813362,-1.9671063,4,Homeostatic-C,C2,Control,Oxygen control
C2_GGTCTGGCAATTTCTC-1,1.933577,10.363001,0,Inflammatory,C2,Control,Oxygen control
C2_GGTGAAGAGCGAAACC-1,-0.37904698,-0.9120738,4,Homeostatic-C,C2,Control,Oxygen control
C2_GGTGAAGCAACCAACT-1,-1.6935693,1.4082688,1,Transitional-A,C2,Control,Oxygen control
C2_GGTGATTAGGGCTGAT-1,1.5626324,10.094574,0,Inflammatory,C2,Control,Oxygen control
C2_GGTGATTCATGTTACG-1,-0.15192954,2.407641,1,Transitional-A,C2,Control,Oxygen control
C2_GGTGGCTGTCTACAGT-1,-0.37241212,5.0816064,1,Transitional-A,C2,Control,Oxygen control
C2_GGTGTCGGTTGTATGC-1,0.068507284,5.117815,1,Transitional-A,C2,Control,Oxygen control
C2_GGTGTTAAGAAGCCAC-1,5.9291263,6.5512605,2,Homeostatic-A,C2,Control,Oxygen control
C2_GGTTAACAGTTAGTGA-1,3.6017773,6.613644,2,Homeostatic-A,C2,Control,Oxygen control
C2_GGTTGTAAGGACGGAG-1,-0.016742485,5.8599257,0,Inflammatory,C2,Control,Oxygen control
C2_GGTTGTATCATCTACT-1,7.8134055,0.3350446,5,Transitional-B,C2,Control,Oxygen control
C2_GTAACACTCGCGTGAC-1,3.4305098,9.261735,0,Inflammatory,C2,Control,Oxygen control
C2_GTAACCACAGACAAAT-1,4.8836308,10.912559,0,Inflammatory,C2,Control,Oxygen control
C2_GTAACCATCTAGTTCT-1,4.8972816,4.032672,2,Homeostatic-A,C2,Control,Oxygen control
C2_GTAAGTCAGGCGCTCT-1,2.850112,12.086134,0,Inflammatory,C2,Control,Oxygen control
C2_GTACAACGTTTGGGTT-1,2.4962058,2.9584997,3,Homeostatic-B,C2,Control,Oxygen control
C2_GTAGAAAAGAAGAGCA-1,4.6415753,10.179165,0,Inflammatory,C2,Control,Oxygen control
C2_GTAGAGGCAGGCCTGT-1,3.837147,1.4960108,3,Homeostatic-B,C2,Control,Oxygen control
C2_GTAGAGGGTGAATAAC-1,4.190028,5.6660066,2,Homeostatic-A,C2,Control,Oxygen control
C2_GTAGAGGGTTGGCCTG-1,4.0526834,7.0365252,2,Homeostatic-A,C2,Control,Oxygen control
C2_GTAGAGGTCTCCGAGG-1,2.446198,1.8976201,3,Homeostatic-B,C2,Control,Oxygen control
C2_GTAGGAGCACTCCTTG-1,3.0868335,6.259265,2,Homeostatic-A,C2,Control,Oxygen control
C2_GTAGGTTTCCGTATGA-1,1.9808664,-1.7425117,4,Homeostatic-C,C2,Control,Oxygen control
C2_GTAGTACCAAGTCATC-1,4.3285,7.5577536,2,Homeostatic-A,C2,Control,Oxygen control
C2_GTATTTCAGAAGCTGC-1,-1.6514593,5.7633243,1,Transitional-A,C2,Control,Oxygen control
C2_GTATTTCAGAGCTTTC-1,3.7285497,4.7332306,2,Homeostatic-A,C2,Control,Oxygen control
C2_GTCAAACTCATTTCGT-1,4.832898,9.686693,0,Inflammatory,C2,Control,Oxygen control
C2_GTCAAGTCAGATCCTA-1,5.3168054,8.13644,2,Homeostatic-A,C2,Control,Oxygen control
C2_GTCAAGTTCTAGTACG-1,1.6698694,2.5293748,3,Homeostatic-B,C2,Control,Oxygen control
C2_GTCACGGCAAAGGTTA-1,8.1098995,0.29450443,5,Transitional-B,C2,Control,Oxygen control
C2_GTCACGGGTAAGCTCT-1,6.760769,-1.110163,5,Transitional-B,C2,Control,Oxygen control
C2_GTCACGGTCGCTTAAG-1,4.429711,8.667548,2,Homeostatic-A,C2,Control,Oxygen control
C2_GTCACTCGTCAACGCC-1,0.7172092,5.4026585,1,Transitional-A,C2,Control,Oxygen control
C2_GTCACTCGTGATACAA-1,2.9773064,9.197151,0,Inflammatory,C2,Control,Oxygen control
C2_GTCAGCGTCCCTTGGT-1,3.8145328,5.718775,2,Homeostatic-A,C2,Control,Oxygen control
C2_GTCATCCTCCAACACA-1,0.44571137,6.8587227,0,Inflammatory,C2,Control,Oxygen control
C2_GTCATGAGTCACCCTT-1,3.2439678,4.2617173,2,Homeostatic-A,C2,Control,Oxygen control
C2_GTCATTTGTGACTAAA-1,2.9944866,1.7928749,3,Homeostatic-B,C2,Control,Oxygen control
C2_GTCCACTAGTGTACAA-1,3.4609056,-1.4386972,4,Homeostatic-C,C2,Control,Oxygen control
C2_GTCCTCAGTTGCAAGG-1,4.859225,11.264006,0,Inflammatory,C2,Control,Oxygen control
C2_GTCGAATTCAGGAAAT-1,0.63885194,10.036124,0,Inflammatory,C2,Control,Oxygen control
C2_GTCGCGAGTACAATAG-1,4.456224,6.2256985,2,Homeostatic-A,C2,Control,Oxygen control
C2_GTCGCGAGTCTCCCTA-1,1.1046567,2.28984,1,Transitional-A,C2,Control,Oxygen control
C2_GTCGTAAAGTAAACTG-1,6.1320925,-0.2344831,5,Transitional-B,C2,Control,Oxygen control
C2_GTCGTAAGTTGCGTAT-1,4.1971655,5.611563,2,Homeostatic-A,C2,Control,Oxygen control
C2_GTCGTAATCGCTCATC-1,0.9142506,1.7156497,1,Transitional-A,C2,Control,Oxygen control
C2_GTCGTTCTCGGAGTGA-1,6.7378335,-0.88542104,5,Transitional-B,C2,Control,Oxygen control
C2_GTCTCACTCACTGGGC-1,2.3163257,11.432162,0,Inflammatory,C2,Control,Oxygen control
C2_GTCTGTCAGAATACAC-1,5.0859947,5.3008456,2,Homeostatic-A,C2,Control,Oxygen control
C2_GTCTTTAGTTCACGAT-1,9.63253,2.2353551,6,Rare,C2,Control,Oxygen control
C2_GTGACGCAGAGCAAGA-1,6.1818204,6.5803185,2,Homeostatic-A,C2,Control,Oxygen control
C2_GTGAGCCAGCGTGAGT-1,8.004864,-1.4197743,5,Transitional-B,C2,Control,Oxygen control
C2_GTGAGTTAGTTGTAAG-1,5.4460435,7.668561,2,Homeostatic-A,C2,Control,Oxygen control
C2_GTGAGTTTCATTTGTC-1,3.3531337,4.1444955,2,Homeostatic-A,C2,Control,Oxygen control
C2_GTGCGTGTCTCTATAC-1,2.7172258,11.026607,0,Inflammatory,C2,Control,Oxygen control
C2_GTGCTGGCAAGTGGAC-1,4.7708917,8.722511,2,Homeostatic-A,C2,Control,Oxygen control
C2_GTGCTGGCAATGAACA-1,7.557287,2.7839777,2,Homeostatic-A,C2,Control,Oxygen control
C2_GTGCTTCAGTCGTTAC-1,3.7407894,2.91461,3,Homeostatic-B,C2,Control,Oxygen control
C2_GTGCTTCGTTATAGAG-1,4.857181,7.9363427,2,Homeostatic-A,C2,Control,Oxygen control
C2_GTGGAAGGTATTTCGG-1,6.118675,2.095935,5,Transitional-B,C2,Control,Oxygen control
C2_GTGGAGATCCACGAAT-1,3.8790367,9.052276,0,Inflammatory,C2,Control,Oxygen control
C2_GTGGGAATCGACGATT-1,4.8279343,10.069175,0,Inflammatory,C2,Control,Oxygen control
C2_GTGGTTAGTATGAAGT-1,0.4880828,1.4625957,1,Transitional-A,C2,Control,Oxygen control
C2_GTGTAACGTACTAAGA-1,7.194306,1.016021,5,Transitional-B,C2,Control,Oxygen control
C2_GTGTGGCAGGTCACTT-1,2.4559748,9.880311,0,Inflammatory,C2,Control,Oxygen control
C2_GTGTTAGGTTCTCCTG-1,4.870139,7.4076433,2,Homeostatic-A,C2,Control,Oxygen control
C2_GTGTTAGTCCATAGGT-1,-1.80388,1.2657158,1,Transitional-A,C2,Control,Oxygen control
C2_GTTACAGAGAAACTGT-1,2.5395195,-1.8401132,4,Homeostatic-C,C2,Control,Oxygen control
C2_GTTACAGTCCTTGGAA-1,5.0737224,6.0340066,2,Homeostatic-A,C2,Control,Oxygen control
C2_GTTACCCAGAATAACC-1,-0.45714682,2.7279084,1,Transitional-A,C2,Control,Oxygen control
C2_GTTAGACGTTTGATCG-1,1.2673548,10.199522,0,Inflammatory,C2,Control,Oxygen control
C2_GTTATGGAGATAGTGT-1,4.4874206,12.659664,0,Inflammatory,C2,Control,Oxygen control
C2_GTTCCGTAGACGTCCC-1,2.6019197,0.96560717,4,Homeostatic-C,C2,Control,Oxygen control
C2_GTTCCGTGTATCGAAA-1,0.6110629,1.109739,1,Transitional-A,C2,Control,Oxygen control
C2_GTTCGCTCAGGTTCAT-1,4.214441,11.433093,0,Inflammatory,C2,Control,Oxygen control
C2_GTTCGCTTCGTGACTA-1,3.1259696,8.39095,0,Inflammatory,C2,Control,Oxygen control
C2_GTTCTATGTGCTATTG-1,2.6621668,-1.3028342,4,Homeostatic-C,C2,Control,Oxygen control
C2_GTTCTATGTGTCACAT-1,4.240669,6.5929546,2,Homeostatic-A,C2,Control,Oxygen control
C2_GTTGCGGGTTCGTGCG-1,3.135049,9.825295,0,Inflammatory,C2,Control,Oxygen control
C2_GTTGCTCCACAGTATC-1,0.6506892,3.5814846,3,Homeostatic-B,C2,Control,Oxygen control
C2_GTTGTAGGTTGTAGCT-1,1.113889,3.8147523,3,Homeostatic-B,C2,Control,Oxygen control
C2_GTTTACTGTGGAAGTC-1,4.7516723,8.3777895,2,Homeostatic-A,C2,Control,Oxygen control
C2_TAACACGAGGTCCCTG-1,-1.7998178,3.2463183,1,Transitional-A,C2,Control,Oxygen control
C2_TAACGACAGGGTTAGC-1,1.9941716,8.334353,0,Inflammatory,C2,Control,Oxygen control
C2_TAACTTCGTTATCCAG-1,6.2442703,-0.48818287,5,Transitional-B,C2,Control,Oxygen control
C2_TAAGCACAGGTTGCCC-1,2.322445,8.262036,0,Inflammatory,C2,Control,Oxygen control
C2_TAAGCGTTCTGTTGGA-1,5.4715724,9.355793,0,Inflammatory,C2,Control,Oxygen control
C2_TAAGTCGAGCCTGAGA-1,4.647563,7.1151605,2,Homeostatic-A,C2,Control,Oxygen control
C2_TAATCTCTCGTCCTCA-1,4.576473,11.0148115,0,Inflammatory,C2,Control,Oxygen control
C2_TACAACGAGAGTGTTA-1,3.7463214,10.76128,0,Inflammatory,C2,Control,Oxygen control
C2_TACCCACTCATGAAAG-1,4.308216,-2.1493516,4,Homeostatic-C,C2,Control,Oxygen control
C2_TACCCGTAGAAGTCCG-1,1.1809269,8.62473,0,Inflammatory,C2,Control,Oxygen control
C2_TACCGAATCAAAGAAC-1,7.857508,0.4334251,5,Transitional-B,C2,Control,Oxygen control
C2_TACCGAATCACAAGAA-1,3.5267122,0.85690403,4,Homeostatic-C,C2,Control,Oxygen control
C2_TACCGAATCCTGCCAT-1,1.8065073,11.3744,0,Inflammatory,C2,Control,Oxygen control
C2_TACCGGGAGGTCCTGC-1,6.6301413,5.8717346,2,Homeostatic-A,C2,Control,Oxygen control
C2_TACCTCGAGAGTCAAT-1,10.687767,2.2244616,6,Rare,C2,Control,Oxygen control
C2_TACCTCGCACTGGACC-1,3.21959,2.7841153,3,Homeostatic-B,C2,Control,Oxygen control
C2_TACGGTAAGCATCAGG-1,1.4562172,10.2312155,0,Inflammatory,C2,Control,Oxygen control
C2_TACGGTAGTGCCCAGT-1,-0.93679774,2.0842109,1,Transitional-A,C2,Control,Oxygen control
C2_TACGTCCGTGGCTCTG-1,2.2192314,7.131183,0,Inflammatory,C2,Control,Oxygen control
C2_TACTGCCTCCGTAGTA-1,5.198384,5.5790734,2,Homeostatic-A,C2,Control,Oxygen control
C2_TACTTACCAATTTCTC-1,0.7125958,0.53968364,4,Homeostatic-C,C2,Control,Oxygen control
C2_TACTTCACAATGTGGG-1,3.1420605,1.6000737,3,Homeostatic-B,C2,Control,Oxygen control
C2_TAGACTGCACTAACGT-1,-1.4823582,5.9450183,0,Inflammatory,C2,Control,Oxygen control
C2_TAGACTGCAGATCCTA-1,2.2696633,9.646863,0,Inflammatory,C2,Control,Oxygen control
C2_TAGCACAAGTGGAATT-1,-0.8262289,-0.10026809,1,Transitional-A,C2,Control,Oxygen control
C2_TAGGGTTGTAGCGCTC-1,4.3342147,12.587065,0,Inflammatory,C2,Control,Oxygen control
C2_TATACCTAGTCACGAG-1,5.711022,-0.12915798,5,Transitional-B,C2,Control,Oxygen control
C2_TATATCCCAAGGGCAT-1,5.548347,3.2505445,2,Homeostatic-A,C2,Control,Oxygen control
C2_TATATCCGTGTCCCTT-1,-2.1146038,3.1813784,1,Transitional-A,C2,Control,Oxygen control
C2_TATCGCCAGCTGGAGT-1,6.8005643,4.168508,2,Homeostatic-A,C2,Control,Oxygen control
C2_TATCTTGCACCCATAA-1,3.0988963,0.6797763,4,Homeostatic-C,C2,Control,Oxygen control
C2_TATCTTGGTACTGGGA-1,2.960621,3.7068884,3,Homeostatic-B,C2,Control,Oxygen control
C2_TATTCCAGTACTGACT-1,4.267392,-0.54993063,4,Homeostatic-C,C2,Control,Oxygen control
C2_TATTCCATCAGCCCAG-1,0.9990386,10.321176,0,Inflammatory,C2,Control,Oxygen control
C2_TATTCCATCTGCCCTA-1,4.0441556,9.448629,0,Inflammatory,C2,Control,Oxygen control
C2_TATTGCTAGGGTCTTT-1,-0.94494027,6.459954,0,Inflammatory,C2,Control,Oxygen control
C2_TATTTCGTCAGCGTCG-1,2.551058,11.720231,0,Inflammatory,C2,Control,Oxygen control
C2_TCAAGACTCCAGTGCG-1,3.6915207,9.497653,0,Inflammatory,C2,Control,Oxygen control
C2_TCAAGCACAACCAGAG-1,6.395175,1.6057539,5,Transitional-B,C2,Control,Oxygen control
C2_TCAATCTAGCGGATCA-1,0.53915614,2.7944765,1,Transitional-A,C2,Control,Oxygen control
C2_TCAATCTGTAGTTCCA-1,1.0953381,8.904202,0,Inflammatory,C2,Control,Oxygen control
C2_TCAATCTTCCTCGATC-1,3.6465514,4.385924,3,Homeostatic-B,C2,Control,Oxygen control
C2_TCAATTCAGTAAGAGG-1,4.1987805,2.7492049,3,Homeostatic-B,C2,Control,Oxygen control
C2_TCAATTCGTAACATGA-1,3.9487534,8.0644045,2,Homeostatic-A,C2,Control,Oxygen control
C2_TCACAAGTCTTGGAAC-1,4.706881,9.466956,0,Inflammatory,C2,Control,Oxygen control
C2_TCACATTTCATTTGCT-1,0.6090234,10.052254,0,Inflammatory,C2,Control,Oxygen control
C2_TCACGCTGTCCCAAAT-1,-1.4513646,6.8563695,0,Inflammatory,C2,Control,Oxygen control
C2_TCACGGGAGATGTTAG-1,-1.7769169,6.15527,0,Inflammatory,C2,Control,Oxygen control
C2_TCACGGGCAAAGAGTT-1,5.3968697,7.148871,2,Homeostatic-A,C2,Control,Oxygen control
C2_TCACTCGAGGCGATAC-1,0.34226432,0.37602988,1,Transitional-A,C2,Control,Oxygen control
C2_TCACTCGTCCAACTGA-1,-0.4989102,6.7480206,0,Inflammatory,C2,Control,Oxygen control
C2_TCAGCCTCAGAGATTA-1,3.6821823,11.118654,0,Inflammatory,C2,Control,Oxygen control
C2_TCAGGGCGTAATGTGA-1,2.183009,9.770605,0,Inflammatory,C2,Control,Oxygen control
C2_TCAGGGCTCCGTCACT-1,0.17693846,9.482999,0,Inflammatory,C2,Control,Oxygen control
C2_TCAGTCCAGTAGGGTC-1,5.0589943,-1.3963368,5,Transitional-B,C2,Control,Oxygen control
C2_TCAGTCCGTATACGGG-1,3.2736104,10.05492,0,Inflammatory,C2,Control,Oxygen control
C2_TCAGTCCTCAGTGTGT-1,6.696158,2.7843246,2,Homeostatic-A,C2,Control,Oxygen control
C2_TCAGTGATCTAGAGCT-1,3.6133645,2.346831,3,Homeostatic-B,C2,Control,Oxygen control
C2_TCAGTGATCTTTCGAT-1,0.52594143,8.899011,0,Inflammatory,C2,Control,Oxygen control
C2_TCAGTTTCAACGATCT-1,8.362972,-0.6033637,5,Transitional-B,C2,Control,Oxygen control
C2_TCATATCTCTTCGTGC-1,-0.37547207,1.996399,1,Transitional-A,C2,Control,Oxygen control
C2_TCATCATAGTCCCAAT-1,7.156732,1.3164519,5,Transitional-B,C2,Control,Oxygen control
C2_TCATCATTCATCTACT-1,3.8979554,9.29451,0,Inflammatory,C2,Control,Oxygen control
C2_TCATGGAAGGGAGGGT-1,6.62542,3.649047,2,Homeostatic-A,C2,Control,Oxygen control
C2_TCATGTTCATAGTCGT-1,5.9017973,7.2911835,2,Homeostatic-A,C2,Control,Oxygen control
C2_TCATTCATCGCAATGT-1,2.344701,11.184936,0,Inflammatory,C2,Control,Oxygen control
C2_TCATTGTAGCTCACTA-1,2.383565,4.3770847,3,Homeostatic-B,C2,Control,Oxygen control
C2_TCATTGTAGGGCCAAT-1,2.6897988,8.153399,0,Inflammatory,C2,Control,Oxygen control
C2_TCATTTGTCTTGGATG-1,4.9637723,7.452313,2,Homeostatic-A,C2,Control,Oxygen control
C2_TCCACGTTCAAGATAG-1,5.8083186,9.421775,0,Inflammatory,C2,Control,Oxygen control
C2_TCCCACACAGCTATAC-1,3.552892,-0.12119344,4,Homeostatic-C,C2,Control,Oxygen control
C2_TCCGAAAAGATGTAGT-1,1.7774569,7.330811,0,Inflammatory,C2,Control,Oxygen control
C2_TCCGAAAAGCCTGTGC-1,2.8109148,5.3550925,2,Homeostatic-A,C2,Control,Oxygen control
C2_TCCGATCGTCTTAGTG-1,5.474865,9.851947,0,Inflammatory,C2,Control,Oxygen control
C2_TCCGTGTGTATTCTCT-1,7.1084685,4.6906295,2,Homeostatic-A,C2,Control,Oxygen control
C2_TCCGTGTGTTCCTTGC-1,4.2174444,7.5646825,2,Homeostatic-A,C2,Control,Oxygen control
C2_TCCTAATAGCGCTGAA-1,-0.90814275,-0.27026844,1,Transitional-A,C2,Control,Oxygen control
C2_TCCTCCCAGGTCGCCT-1,3.0572326,10.047632,0,Inflammatory,C2,Control,Oxygen control
C2_TCCTCCCCAGTTAAAG-1,3.9849823,-0.36218604,4,Homeostatic-C,C2,Control,Oxygen control
C2_TCCTCGAGTCCGATCG-1,4.097055,12.103901,0,Inflammatory,C2,Control,Oxygen control
C2_TCCTCTTAGAACCGCA-1,1.8935632,7.7871103,0,Inflammatory,C2,Control,Oxygen control
C2_TCCTGCAAGCCTTTCC-1,3.9610765,6.0726233,2,Homeostatic-A,C2,Control,Oxygen control
C2_TCCTTCTAGACGCAGT-1,10.128113,2.3460758,6,Rare,C2,Control,Oxygen control
C2_TCCTTCTAGGCTCCCA-1,-1.9111978,-0.55716074,1,Transitional-A,C2,Control,Oxygen control
C2_TCCTTCTCAACACACT-1,1.1694481,-1.8358442,4,Homeostatic-C,C2,Control,Oxygen control
C2_TCGAACACACGATAGG-1,5.27522,6.3122134,2,Homeostatic-A,C2,Control,Oxygen control
C2_TCGAACACAGCCCAGT-1,3.4381359,1.2484498,3,Homeostatic-B,C2,Control,Oxygen control
C2_TCGAAGTAGTTCCAGT-1,4.0865173,10.813513,0,Inflammatory,C2,Control,Oxygen control
C2_TCGACGGTCCTCACCA-1,6.4545655,0.2747454,5,Transitional-B,C2,Control,Oxygen control
C2_TCGATTTGTCGAATGG-1,6.1876855,3.4075027,2,Homeostatic-A,C2,Control,Oxygen control
C2_TCGCAGGCAGGTTACT-1,3.313531,9.400487,0,Inflammatory,C2,Control,Oxygen control
C2_TCGCAGGTCCCGTTGT-1,-0.5243843,8.203181,0,Inflammatory,C2,Control,Oxygen control
C2_TCGCAGGTCTAGACCA-1,-0.15126751,1.8661333,1,Transitional-A,C2,Control,Oxygen control
C2_TCGGATAAGCTCTGTA-1,1.6817341,8.415113,0,Inflammatory,C2,Control,Oxygen control
C2_TCGGATAAGCTTGTTG-1,5.6583114,9.520447,0,Inflammatory,C2,Control,Oxygen control
C2_TCGGATACATGACCCG-1,5.404486,4.0632634,2,Homeostatic-A,C2,Control,Oxygen control
C2_TCGGATATCCCTATTA-1,2.0466807,5.2552285,3,Homeostatic-B,C2,Control,Oxygen control
C2_TCGGGCACAGACGGAT-1,5.0730767,8.79283,0,Inflammatory,C2,Control,Oxygen control
C2_TCGGGCACAGCGGTCT-1,3.685654,-0.8838545,4,Homeostatic-C,C2,Control,Oxygen control
C2_TCGGGCATCTACGGTA-1,6.069011,-1.9181988,5,Transitional-B,C2,Control,Oxygen control
C2_TCGGTCTCATCGCTGG-1,2.6601558,10.340075,0,Inflammatory,C2,Control,Oxygen control
C2_TCGGTCTGTCGCCACA-1,6.506803,-1.6664163,5,Transitional-B,C2,Control,Oxygen control
C2_TCGGTCTGTCGTTGGC-1,4.7586865,10.049635,0,Inflammatory,C2,Control,Oxygen control
C2_TCGTGGGCAATACCCA-1,4.327877,9.367068,0,Inflammatory,C2,Control,Oxygen control
C2_TCTAACTCAGAGAGGG-1,5.660088,-0.38563365,5,Transitional-B,C2,Control,Oxygen control
C2_TCTACATCATTGGGAG-1,2.023078,9.60088,0,Inflammatory,C2,Control,Oxygen control
C2_TCTACATGTTGCTGAT-1,5.9631996,0.18130903,5,Transitional-B,C2,Control,Oxygen control
C2_TCTACATTCGAACCTA-1,1.1252165,5.6672416,3,Homeostatic-B,C2,Control,Oxygen control
C2_TCTACCGCACGTCGGT-1,2.9393477,11.342668,0,Inflammatory,C2,Control,Oxygen control
C2_TCTACCGCATGTTCGA-1,1.0482402,9.971457,0,Inflammatory,C2,Control,Oxygen control
C2_TCTATCATCTGACAGT-1,7.3907657,2.509028,5,Transitional-B,C2,Control,Oxygen control
C2_TCTCACGCATTGCCGG-1,2.6264756,8.389524,0,Inflammatory,C2,Control,Oxygen control
C2_TCTCACGGTGCCTTTC-1,5.215197,1.8914219,5,Transitional-B,C2,Control,Oxygen control
C2_TCTCAGCAGGCACAAC-1,-0.76274306,4.4031234,1,Transitional-A,C2,Control,Oxygen control
C2_TCTCCGAAGTTCCATG-1,5.0919666,10.350271,0,Inflammatory,C2,Control,Oxygen control
C2_TCTCCGACAAGAGGCT-1,5.0497427,3.7448766,2,Homeostatic-A,C2,Control,Oxygen control
C2_TCTCTGGGTAGGAGTC-1,3.5020149,6.2852845,2,Homeostatic-A,C2,Control,Oxygen control
C2_TCTCTGGGTCCAGGTC-1,2.5758147,2.759962,3,Homeostatic-B,C2,Control,Oxygen control
C2_TCTGCCAGTTCGAACT-1,1.0803676,-1.525044,4,Homeostatic-C,C2,Control,Oxygen control
C2_TCTGGCTCAAGTTGGG-1,4.4186454,9.8512745,0,Inflammatory,C2,Control,Oxygen control
C2_TCTGTCGTCGGCACTG-1,7.3744054,-0.35225305,5,Transitional-B,C2,Control,Oxygen control
C2_TCTTAGTGTGTTGCCG-1,7.172208,-0.5270766,5,Transitional-B,C2,Control,Oxygen control
C2_TCTTCCTAGATACAGT-1,2.0719123,2.7811792,3,Homeostatic-B,C2,Control,Oxygen control
C2_TCTTGCGTCTTTCCGG-1,5.1765175,2.1346762,3,Homeostatic-B,C2,Control,Oxygen control
C2_TCTTTGATCAGCCTCT-1,1.547191,7.832792,0,Inflammatory,C2,Control,Oxygen control
C2_TGAACGTAGCGCCTCA-1,4.828222,10.570175,0,Inflammatory,C2,Control,Oxygen control
C2_TGAACGTGTGTACGCC-1,2.2465782,7.6645246,2,Homeostatic-A,C2,Control,Oxygen control
C2_TGAATCGAGTGGACGT-1,-0.04358109,7.352413,0,Inflammatory,C2,Control,Oxygen control
C2_TGACAGTGTCAGGCAA-1,1.7962302,4.7929697000000004,3,Homeostatic-B,C2,Control,Oxygen control
C2_TGACCCTAGATACTGA-1,2.9355552,11.233672,0,Inflammatory,C2,Control,Oxygen control
C2_TGACCCTAGTAGGCCA-1,3.4773834,6.318541,2,Homeostatic-A,C2,Control,Oxygen control
C2_TGACGCGGTCGCTGCA-1,3.7349436,5.278457,2,Homeostatic-A,C2,Control,Oxygen control
C2_TGACTCCAGCGATGAC-1,0.79891896,7.5298123,0,Inflammatory,C2,Control,Oxygen control
C2_TGAGACTGTACGAGTG-1,8.779295,2.407123,6,Rare,C2,Control,Oxygen control
C2_TGAGCATTCCGCTTAC-1,3.2734632,4.3680396,2,Homeostatic-A,C2,Control,Oxygen control
C2_TGAGCGCAGTTCAACC-1,1.3325546,5.085961,3,Homeostatic-B,C2,Control,Oxygen control
C2_TGAGTCAAGTCATGGG-1,4.7708917,10.794286,0,Inflammatory,C2,Control,Oxygen control
C2_TGATCAGGTTGTACGT-1,0.34495252,6.350945,0,Inflammatory,C2,Control,Oxygen control
C2_TGATGCAAGGACCCAA-1,1.2993009,1.0968778,1,Transitional-A,C2,Control,Oxygen control
C2_TGATGCACACGCGCAT-1,2.9406765,5.512006,2,Homeostatic-A,C2,Control,Oxygen control
C2_TGATGGTTCCAGTTCC-1,4.425259,8.242204,2,Homeostatic-A,C2,Control,Oxygen control
C2_TGATTCTAGCCACCGT-1,3.5599172,9.37178,0,Inflammatory,C2,Control,Oxygen control
C2_TGCACGGCATAGAGGC-1,5.9112463,6.2051725,2,Homeostatic-A,C2,Control,Oxygen control
C2_TGCACGGTCTCTATGT-1,5.5819287,9.510124,0,Inflammatory,C2,Control,Oxygen control
C2_TGCAGATAGGTACAAT-1,5.4405346,8.074612,2,Homeostatic-A,C2,Control,Oxygen control
C2_TGCAGGCAGGCGTTAG-1,6.820007,5.0476837,2,Homeostatic-A,C2,Control,Oxygen control
C2_TGCATCCGTCATGGCC-1,3.334811,1.9711342,3,Homeostatic-B,C2,Control,Oxygen control
C2_TGCGATAAGGGAGGGT-1,1.8625625,4.706823,3,Homeostatic-B,C2,Control,Oxygen control
C2_TGCGGCACATGATGCT-1,6.611024,-1.8515738,5,Transitional-B,C2,Control,Oxygen control
C2_TGCTCCAGTCTGCCTT-1,5.5328436,2.829346,3,Homeostatic-B,C2,Control,Oxygen control
C2_TGCTGAAAGCTAATCC-1,3.5038407,11.289073,0,Inflammatory,C2,Control,Oxygen control
C2_TGCTGAATCCTGTTAT-1,5.668805,7.009326,2,Homeostatic-A,C2,Control,Oxygen control
C2_TGCTTCGTCACCTCGT-1,-1.7847995,0.03454056,1,Transitional-A,C2,Control,Oxygen control
C2_TGCTTCGTCGGTGTAT-1,0.45448112,4.009334,3,Homeostatic-B,C2,Control,Oxygen control
C2_TGGAACTCATCGATAC-1,1.9791322,-2.3261952,4,Homeostatic-C,C2,Control,Oxygen control
C2_TGGAACTGTAAGGCCA-1,3.714363,4.347444,2,Homeostatic-A,C2,Control,Oxygen control
C2_TGGAACTTCAAGCGTT-1,5.3443747,1.9581175,3,Homeostatic-B,C2,Control,Oxygen control
C2_TGGAGAGAGGTAATCA-1,7.2898784,3.025795,2,Homeostatic-A,C2,Control,Oxygen control
C2_TGGATGTTCCTGATAG-1,3.3110576,9.127974,0,Inflammatory,C2,Control,Oxygen control
C2_TGGCGTGGTATCACCA-1,1.0374644,4.8633513,3,Homeostatic-B,C2,Control,Oxygen control
C2_TGGGAGAAGTACTGGG-1,0.2959857,1.9074099,1,Transitional-A,C2,Control,Oxygen control
C2_TGGGATTGTCTTCATT-1,0.67555964,7.881999,0,Inflammatory,C2,Control,Oxygen control
C2_TGGGCGTGTCATCCCT-1,5.631977,7.5557876,2,Homeostatic-A,C2,Control,Oxygen control
C2_TGGGTTAAGGTTGGTG-1,6.6272755,5.44757,2,Homeostatic-A,C2,Control,Oxygen control
C2_TGGGTTACAGAGGACT-1,1.3774972,10.524504,0,Inflammatory,C2,Control,Oxygen control
C2_TGGTTAGGTCTGTAGT-1,7.30659,1.8568299,5,Transitional-B,C2,Control,Oxygen control
C2_TGTAACGCATCCGGTG-1,1.7783581,6.956889,0,Inflammatory,C2,Control,Oxygen control
C2_TGTAAGCAGACTAGAT-1,4.051704,-0.43663564,4,Homeostatic-C,C2,Control,Oxygen control
C2_TGTAAGCGTAGTCTTG-1,3.7242088,10.189231,0,Inflammatory,C2,Control,Oxygen control
C2_TGTAAGCTCCATTTCA-1,-0.26332027,1.89624,1,Transitional-A,C2,Control,Oxygen control
C2_TGTAGACGTCAGGCAA-1,2.205057,3.990388,3,Homeostatic-B,C2,Control,Oxygen control
C2_TGTCAGAAGGGCAATC-1,3.6368153,4.507448,2,Homeostatic-A,C2,Control,Oxygen control
C2_TGTCAGACAATCCAGT-1,3.9777138,-0.25390628,4,Homeostatic-C,C2,Control,Oxygen control
C2_TGTCCACGTTGTCAGT-1,3.8232827,0.89349055,3,Homeostatic-B,C2,Control,Oxygen control
C2_TGTCCACTCGACCTAA-1,3.2939932,11.024752,0,Inflammatory,C2,Control,Oxygen control
C2_TGTCCACTCGATACGT-1,0.043322533,3.0623622,1,Transitional-A,C2,Control,Oxygen control
C2_TGTCCCAGTGTTAAAG-1,2.049741,0.003610855,4,Homeostatic-C,C2,Control,Oxygen control
C2_TGTGAGTTCGCGATCG-1,5.126585,-1.3772968,5,Transitional-B,C2,Control,Oxygen control
C2_TGTGATGAGAGCCCAA-1,4.2113433,12.16335,0,Inflammatory,C2,Control,Oxygen control
C2_TGTGCGGCAGAAGTGC-1,7.1072154,-0.62567115,5,Transitional-B,C2,Control,Oxygen control
C2_TGTGCGGGTACAGTCT-1,2.9899971,8.549005,0,Inflammatory,C2,Control,Oxygen control
C2_TGTGCGGTCCTCACGT-1,3.626541,-0.80628365,4,Homeostatic-C,C2,Control,Oxygen control
C2_TGTGGCGCATGTCGTA-1,4.4114575,-1.8594539,4,Homeostatic-C,C2,Control,Oxygen control
C2_TGTTACTAGCGTGAGT-1,4.8468165,-0.8257199,5,Transitional-B,C2,Control,Oxygen control
C2_TGTTCATCAGGCAATG-1,0.4457555,3.1915514,1,Transitional-A,C2,Control,Oxygen control
C2_TGTTCATGTGTAGCAG-1,7.3077087,-0.5846901,5,Transitional-B,C2,Control,Oxygen control
C2_TGTTCATTCTAGCCAA-1,1.4635657,4.430825,3,Homeostatic-B,C2,Control,Oxygen control
C2_TGTTCCGCAAATGGAT-1,7.180056,-1.265724,5,Transitional-B,C2,Control,Oxygen control
C2_TGTTCTAGTGTCGATT-1,5.434281,10.571685,0,Inflammatory,C2,Control,Oxygen control
C2_TGTTCTATCTCAACCC-1,2.6485674,5.919604,2,Homeostatic-A,C2,Control,Oxygen control
C2_TGTTGGAAGCGTATGG-1,4.7686896,7.2858925,2,Homeostatic-A,C2,Control,Oxygen control
C2_TGTTGGAAGTCGCCAC-1,4.0578604,12.231821,0,Inflammatory,C2,Control,Oxygen control
C2_TTACCGCAGGCCTTGC-1,0.28688875,3.5838757,1,Transitional-A,C2,Control,Oxygen control
C2_TTACCGCGTGCCGTAC-1,2.986344,12.556731,0,Inflammatory,C2,Control,Oxygen control
C2_TTACGCCAGAAACCCG-1,4.5038595,5.9109335,2,Homeostatic-A,C2,Control,Oxygen control
C2_TTACGCCGTGCACAAG-1,7.3349023,0.91190183,5,Transitional-B,C2,Control,Oxygen control
C2_TTACGTTCAGCGACAA-1,4.5646067,4.682321,2,Homeostatic-A,C2,Control,Oxygen control
C2_TTACTGTTCGAGTCTA-1,6.762992,-1.6813354,5,Transitional-B,C2,Control,Oxygen control
C2_TTAGGGTCAGTTTCAG-1,0.28471178,4.5236044,1,Transitional-A,C2,Control,Oxygen control
C2_TTATTGCTCACATTGG-1,3.11298,11.218968,0,Inflammatory,C2,Control,Oxygen control
C2_TTCAGGAAGAAGAACG-1,2.301905,11.505805,0,Inflammatory,C2,Control,Oxygen control
C2_TTCATGTCAGAGATTA-1,-1.4058791,6.15257,0,Inflammatory,C2,Control,Oxygen control
C2_TTCATTGCAGAAATTG-1,0.99994195,4.544208,3,Homeostatic-B,C2,Control,Oxygen control
C2_TTCATTGTCGACCATA-1,-1.3947958,6.1582294,0,Inflammatory,C2,Control,Oxygen control
C2_TTCCACGTCACGAACT-1,1.3485905,11.129142,0,Inflammatory,C2,Control,Oxygen control
C2_TTCCGTGTCGTCTAAG-1,5.495458,5.4824266,2,Homeostatic-A,C2,Control,Oxygen control
C2_TTCGATTAGGGCCTCT-1,4.5083647,10.754514,0,Inflammatory,C2,Control,Oxygen control
C2_TTCGATTGTCATCGCG-1,4.6331744,4.7137647,2,Homeostatic-A,C2,Control,Oxygen control
C2_TTCGGTCGTAACACGG-1,1.5188923,6.9177504,0,Inflammatory,C2,Control,Oxygen control
C2_TTCTAGTAGGAACATT-1,6.9402924,3.4729257,2,Homeostatic-A,C2,Control,Oxygen control
C2_TTCTAGTAGTTAGTGA-1,0.82181054,2.8582838,3,Homeostatic-B,C2,Control,Oxygen control
C2_TTCTAGTCAATCAAGA-1,3.430185,7.5679,2,Homeostatic-A,C2,Control,Oxygen control
C2_TTCTTGAAGCGCTTCG-1,3.9479768,9.670154,0,Inflammatory,C2,Control,Oxygen control
C2_TTGAACGCACTACCGG-1,-1.5412478,1.3311462,1,Transitional-A,C2,Control,Oxygen control
C2_TTGCCTGAGTCTGGTT-1,4.1069083,11.459881,0,Inflammatory,C2,Control,Oxygen control
C2_TTGGATGGTGGGCTCT-1,1.4559034,10.845092,0,Inflammatory,C2,Control,Oxygen control
C2_TTGGGATCAAGACAAT-1,3.473221,11.467976,0,Inflammatory,C2,Control,Oxygen control
C2_TTGGGTAAGCTACTAC-1,3.0165377,7.8223157,0,Inflammatory,C2,Control,Oxygen control
C2_TTGGGTAAGGGTCTTT-1,3.3688345,2.4429834,3,Homeostatic-B,C2,Control,Oxygen control
C2_TTGGGTATCAGCCCAG-1,-0.034823652,5.019017,1,Transitional-A,C2,Control,Oxygen control
C2_TTGGTTTCACACGCCA-1,2.5946698,9.764669,0,Inflammatory,C2,Control,Oxygen control
C2_TTGTGGAAGATTGGGC-1,1.2119,-1.090916,4,Homeostatic-C,C2,Control,Oxygen control
C2_TTGTGTTCAGCACGAA-1,7.161504,-0.51986647,5,Transitional-B,C2,Control,Oxygen control
C2_TTGTTCAAGACGGAAA-1,5.0892754,5.9408736,2,Homeostatic-A,C2,Control,Oxygen control
C2_TTGTTGTAGCTTCTAG-1,3.1721344,4.7237296,2,Homeostatic-A,C2,Control,Oxygen control
C2_TTTACGTCAGATTTCG-1,2.940659,8.788001,0,Inflammatory,C2,Control,Oxygen control
C2_TTTACTGAGCGTACAG-1,-0.77018225,5.690328,0,Inflammatory,C2,Control,Oxygen control
C2_TTTAGTCAGTTGCCCG-1,-2.8045886,0.555829,1,Transitional-A,C2,Control,Oxygen control
C2_TTTATGCTCCCTAGGG-1,3.251443,-2.163258,4,Homeostatic-C,C2,Control,Oxygen control
C2_TTTGATCTCTAGTCAG-1,5.456407,9.687892,0,Inflammatory,C2,Control,Oxygen control
C2_TTTGTTGGTTAGGGTG-1,7.7211766,-1.4339194,5,Transitional-B,C2,Control,Oxygen control
C2_TTTGTTGTCCTGTTAT-1,5.4083333,10.230162,0,Inflammatory,C2,Control,Oxygen control
C3_AAACGAAAGGTCGAGT-1,-0.8224276,7.75108,0,Inflammatory,C3,Control,Oxygen control
C3_AAACGAACATGCCGCA-1,2.8753715,3.8506927,3,Homeostatic-B,C3,Control,Oxygen control
C3_AAACGAAGTCCCGCAA-1,2.7451277,8.778037,0,Inflammatory,C3,Control,Oxygen control
C3_AAACGCTAGAACTTCC-1,7.392423,0.80627614,5,Transitional-B,C3,Control,Oxygen control
C3_AAACGCTAGTAAGCAT-1,6.4296155,2.51322,2,Homeostatic-A,C3,Control,Oxygen control
C3_AAAGAACCACTTGAAC-1,5.2946486,5.472319,2,Homeostatic-A,C3,Control,Oxygen control
C3_AAAGGATCACTAACCA-1,2.596466,2.481336,3,Homeostatic-B,C3,Control,Oxygen control
C3_AAAGGTATCAGCTTCC-1,7.337125,-1.0053027,5,Transitional-B,C3,Control,Oxygen control
C3_AAAGTCCCATAACTCG-1,5.074827,-0.8916827,5,Transitional-B,C3,Control,Oxygen control
C3_AAAGTGAGTGCATGTT-1,2.9401064,-1.9705845,4,Homeostatic-C,C3,Control,Oxygen control
C3_AACAAAGTCAGATGCT-1,5.6064343,0.02085273,5,Transitional-B,C3,Control,Oxygen control
C3_AACAACCAGGGACTGT-1,0.35597545,0.9444444,1,Transitional-A,C3,Control,Oxygen control
C3_AACAACCTCCGAAATC-1,5.314896,-0.57020694,5,Transitional-B,C3,Control,Oxygen control
C3_AACAGGGGTGGTCTTA-1,2.6190534,2.296341,3,Homeostatic-B,C3,Control,Oxygen control
C3_AACCAACGTAGGCTCC-1,2.7213,1.4251243,4,Homeostatic-C,C3,Control,Oxygen control
C3_AACCAACGTGGAACCA-1,0.38727826,1.1904315,1,Transitional-A,C3,Control,Oxygen control
C3_AACCAACGTTCCGCTT-1,7.5424757,-1.7888091,5,Transitional-B,C3,Control,Oxygen control
C3_AACCATGAGGATGGCT-1,2.5471575,2.5745676,3,Homeostatic-B,C3,Control,Oxygen control
C3_AACCATGCACCAGGTC-1,2.9108248,-0.034209117,4,Homeostatic-C,C3,Control,Oxygen control
C3_AACCCAAAGGACGCTA-1,4.919982,11.436674,0,Inflammatory,C3,Control,Oxygen control
C3_AACCCAAGTGCGTGCT-1,3.4435039,-1.5507526,4,Homeostatic-C,C3,Control,Oxygen control
C3_AACCTGACAACAGCCC-1,4.5368047,1.8942068,3,Homeostatic-B,C3,Control,Oxygen control
C3_AACCTGAGTCGAAGCA-1,5.278989,4.9900417,2,Homeostatic-A,C3,Control,Oxygen control
C3_AACCTGATCGTCCATC-1,4.147731,-2.1310067,4,Homeostatic-C,C3,Control,Oxygen control
C3_AACCTTTAGCGCCCAT-1,0.39461765,4.51289,3,Homeostatic-B,C3,Control,Oxygen control
C3_AACGAAAAGACTGAGC-1,2.0448427,0.7587834,4,Homeostatic-C,C3,Control,Oxygen control
C3_AACGTCACAACGGCTC-1,5.846969,8.609531,2,Homeostatic-A,C3,Control,Oxygen control
C3_AACGTCAGTGCGACAA-1,0.21342082,1.4160801,1,Transitional-A,C3,Control,Oxygen control
C3_AACGTCATCACTGGTA-1,4.68305,4.289473,2,Homeostatic-A,C3,Control,Oxygen control
C3_AAGAACATCGACGATT-1,3.1533350000000002,4.9435506,2,Homeostatic-A,C3,Control,Oxygen control
C3_AAGACTCTCCAAACCA-1,0.20123227,-1.7344102,4,Homeostatic-C,C3,Control,Oxygen control
C3_AAGCATCAGGTAAAGG-1,5.8159847,-1.6429038,5,Transitional-B,C3,Control,Oxygen control
C3_AAGCATCGTCTGGTTA-1,9.214347,2.1219628,6,Rare,C3,Control,Oxygen control
C3_AAGCCATCATTCCTAT-1,2.9796653,1.5996538,3,Homeostatic-B,C3,Control,Oxygen control
C3_AAGCCATGTTCTCCAC-1,3.8380373,-0.31510442,4,Homeostatic-C,C3,Control,Oxygen control
C3_AAGCGAGCACCGTGAC-1,5.3643394,1.8448263,3,Homeostatic-B,C3,Control,Oxygen control
C3_AAGCGAGGTTTGGCTA-1,1.532241,9.441154,0,Inflammatory,C3,Control,Oxygen control
C3_AAGCGTTAGAGTCACG-1,3.8226848,5.3467255,2,Homeostatic-A,C3,Control,Oxygen control
C3_AAGCGTTTCCTAGCGG-1,3.620936,0.23280211,4,Homeostatic-C,C3,Control,Oxygen control
C3_AAGGAATGTCCGCAGT-1,1.710172,8.9576025,0,Inflammatory,C3,Control,Oxygen control
C3_AAGGTAAGTGGACAGT-1,-0.15375976,4.989908,1,Transitional-A,C3,Control,Oxygen control
C3_AAGTACCCATCGATCA-1,5.9898076,1.6304306,5,Transitional-B,C3,Control,Oxygen control
C3_AAGTCGTAGCGAATGC-1,3.7039218,4.0471325,3,Homeostatic-B,C3,Control,Oxygen control
C3_AAGTCGTTCTTGTTAC-1,5.0735207,6.009784,2,Homeostatic-A,C3,Control,Oxygen control
C3_AATCACGCAAGACGGT-1,4.0159454,7.668571,2,Homeostatic-A,C3,Control,Oxygen control
C3_AATCGACTCACACGAT-1,4.743795,8.797439,2,Homeostatic-A,C3,Control,Oxygen control
C3_AATCGTGAGGCTGGAT-1,3.7044892,-1.8081411,4,Homeostatic-C,C3,Control,Oxygen control
C3_AATCGTGGTCCTACGG-1,4.5101094,11.701852,0,Inflammatory,C3,Control,Oxygen control
C3_AATGCCAAGTAAATGC-1,-0.053203914,1.1407462,1,Transitional-A,C3,Control,Oxygen control
C3_AATGGAAAGGCCCAAA-1,-1.5134218,1.5998852,1,Transitional-A,C3,Control,Oxygen control
C3_AATGGCTAGCAGCGAT-1,1.1944053,6.932044,0,Inflammatory,C3,Control,Oxygen control
C3_AATTCCTAGAATGTTG-1,5.5753965,-0.7902936,5,Transitional-B,C3,Control,Oxygen control
C3_AATTTCCTCCGCACGA-1,-1.7283076,5.681696,0,Inflammatory,C3,Control,Oxygen control
C3_AATTTCCTCTGGGATT-1,5.6329865,4.1169395,2,Homeostatic-A,C3,Control,Oxygen control
C3_ACAAAGAAGGACTATA-1,7.168124,-1.0360852,5,Transitional-B,C3,Control,Oxygen control
C3_ACAAAGAGTGACGCCT-1,5.320164,2.4228246,3,Homeostatic-B,C3,Control,Oxygen control
C3_ACAAAGATCAGCTAGT-1,2.7305038,0.47331813,4,Homeostatic-C,C3,Control,Oxygen control
C3_ACAACCAAGAGACAAG-1,-1.7924252,3.6998997,1,Transitional-A,C3,Control,Oxygen control
C3_ACAACCAGTATCACCA-1,1.1536608,5.1078434,3,Homeostatic-B,C3,Control,Oxygen control
C3_ACAACCAGTTGGGACA-1,5.6735544,4.173016,2,Homeostatic-A,C3,Control,Oxygen control
C3_ACAACCATCCGCTTAC-1,3.1106942,8.601326,0,Inflammatory,C3,Control,Oxygen control
C3_ACAACCATCCGTAGTA-1,0.6976462,-1.2593223,4,Homeostatic-C,C3,Control,Oxygen control
C3_ACAAGCTAGGTTACAA-1,2.8924077,2.771211,3,Homeostatic-B,C3,Control,Oxygen control
C3_ACACCAAAGAGACAAG-1,3.8684492,2.7973886,3,Homeostatic-B,C3,Control,Oxygen control
C3_ACACCAAGTATCACGT-1,4.5072255,2.4506147,3,Homeostatic-B,C3,Control,Oxygen control
C3_ACACGCGAGACGACTG-1,0.73324436,4.986549,1,Transitional-A,C3,Control,Oxygen control
C3_ACACGCGTCCATTCAT-1,5.8975797,0.6507513,5,Transitional-B,C3,Control,Oxygen control
C3_ACACTGAAGGGTTTCT-1,-1.3621068,0.8651178,1,Transitional-A,C3,Control,Oxygen control
C3_ACACTGACAACGATCT-1,-1.7718879,6.2379065,0,Inflammatory,C3,Control,Oxygen control
C3_ACACTGAGTCGTCGGT-1,2.5895524,-0.34575436,4,Homeostatic-C,C3,Control,Oxygen control
C3_ACACTGATCAACACGT-1,0.04964361,7.2541256,0,Inflammatory,C3,Control,Oxygen control
C3_ACAGGGAAGTCAAGCG-1,4.2501173,13.163932,0,Inflammatory,C3,Control,Oxygen control
C3_ACATCCCCACAGCCAC-1,0.18910599,7.4742985,0,Inflammatory,C3,Control,Oxygen control
C3_ACATGCAAGGCTGGAT-1,0.89230645,3.2957191,3,Homeostatic-B,C3,Control,Oxygen control
C3_ACATGCAGTGATTAGA-1,3.7087622,-1.3086067,4,Homeostatic-C,C3,Control,Oxygen control
C3_ACATGCATCATCTCTA-1,5.240878,7.754264,2,Homeostatic-A,C3,Control,Oxygen control
C3_ACCAAACTCCATTGCC-1,1.3404851,3.2873137,3,Homeostatic-B,C3,Control,Oxygen control
C3_ACCAACACAGGACTAG-1,-2.5273857,0.2236449,1,Transitional-A,C3,Control,Oxygen control
C3_ACCAACACATTACGGT-1,-0.45176634,-0.9214101,1,Transitional-A,C3,Control,Oxygen control
C3_ACCAACATCTAGCCAA-1,0.54932797,2.2433739,1,Transitional-A,C3,Control,Oxygen control
C3_ACCACAACAACCGCCA-1,8.309382,-1.12301,5,Transitional-B,C3,Control,Oxygen control
C3_ACCACAACAAGTGACG-1,5.3505454,3.2108912,2,Homeostatic-A,C3,Control,Oxygen control
C3_ACCATTTCACACCAGC-1,1.7620813,6.3244615,0,Inflammatory,C3,Control,Oxygen control
C3_ACCCAAAAGGCGTTGA-1,6.3971453,1.3211249,5,Transitional-B,C3,Control,Oxygen control
C3_ACCCTCATCAAACGTC-1,4.5998006,11.954775,0,Inflammatory,C3,Control,Oxygen control
C3_ACCCTCATCGGACGTC-1,3.1564562,-2.3419552,4,Homeostatic-C,C3,Control,Oxygen control
C3_ACCCTTGTCTTAGCAG-1,2.2779083,3.8271747,3,Homeostatic-B,C3,Control,Oxygen control
C3_ACCGTTCCATCCGTGG-1,5.2087445,3.645322,2,Homeostatic-A,C3,Control,Oxygen control
C3_ACCTACCTCCTTACCG-1,-1.7138072,3.9940202,1,Transitional-A,C3,Control,Oxygen control
C3_ACCTGAAGTGGCTTGC-1,1.0779992,4.6901417,3,Homeostatic-B,C3,Control,Oxygen control
C3_ACGATCAAGAACTGAT-1,3.0889924,-1.3484222,4,Homeostatic-C,C3,Control,Oxygen control
C3_ACGATCACACAGCCAC-1,-0.05193354,1.2068098,1,Transitional-A,C3,Control,Oxygen control
C3_ACGATGTAGACTTCGT-1,3.6253324,4.1403704,3,Homeostatic-B,C3,Control,Oxygen control
C3_ACGCACGAGACCAAAT-1,2.2123072,4.7040305,3,Homeostatic-B,C3,Control,Oxygen control
C3_ACGGGTCTCGAAGCAG-1,0.72954416,1.6106715,1,Transitional-A,C3,Control,Oxygen control
C3_ACGGTTAGTTGATGTC-1,6.5176287,-1.5299246,5,Transitional-B,C3,Control,Oxygen control
C3_ACGTAGTAGACATACA-1,4.118862,-1.3289325,4,Homeostatic-C,C3,Control,Oxygen control
C3_ACGTAGTTCTGTCTCG-1,3.3002212,2.1139412,3,Homeostatic-B,C3,Control,Oxygen control
C3_ACGTCCTAGTCAACAA-1,2.5526938,2.6978364,3,Homeostatic-B,C3,Control,Oxygen control
C3_ACTATCTCATTGTAGC-1,2.19219,0.9396995,4,Homeostatic-C,C3,Control,Oxygen control
C3_ACTATGGTCGCGAAGA-1,4.976581,5.1865005,2,Homeostatic-A,C3,Control,Oxygen control
C3_ACTCTCGTCCGATTAG-1,2.8807797,10.958873,0,Inflammatory,C3,Control,Oxygen control
C3_ACTGATGAGCGTGAGT-1,4.380627,5.2136393,2,Homeostatic-A,C3,Control,Oxygen control
C3_ACTGCAAAGACGACGT-1,3.37134,4.2274776,3,Homeostatic-B,C3,Control,Oxygen control
C3_ACTGTCCCATAACCCA-1,-1.9591639,2.6205993,1,Transitional-A,C3,Control,Oxygen control
C3_ACTGTGAAGTGGTCAG-1,1.9689033,1.9192566,3,Homeostatic-B,C3,Control,Oxygen control
C3_ACTGTGAGTATCAAGA-1,2.22457,4.29796,3,Homeostatic-B,C3,Control,Oxygen control
C3_ACTTAGGGTAAGAACT-1,0.53785086,-1.444062,4,Homeostatic-C,C3,Control,Oxygen control
C3_ACTTCCGAGCAGCAGT-1,2.9069552,-1.2166208,4,Homeostatic-C,C3,Control,Oxygen control
C3_ACTTCCGAGGGATCTG-1,2.5221865,10.083615,0,Inflammatory,C3,Control,Oxygen control
C3_ACTTCCGGTACAACGG-1,3.786735,7.037801,2,Homeostatic-A,C3,Control,Oxygen control
C3_ACTTCCGTCATTCACT-1,1.7199798,0.9149187,4,Homeostatic-C,C3,Control,Oxygen control
C3_ACTTCGCCACGCGCAT-1,2.236133,3.6118114,3,Homeostatic-B,C3,Control,Oxygen control
C3_ACTTCGCGTACCTAGT-1,4.56495,2.5533452,3,Homeostatic-B,C3,Control,Oxygen control
C3_ACTTTCACAACAAGTA-1,4.0593348,6.4537826,2,Homeostatic-A,C3,Control,Oxygen control
C3_ACTTTCACAATGCTCA-1,1.8559026,9.1995735,0,Inflammatory,C3,Control,Oxygen control
C3_ACTTTGTCATCGAAGG-1,5.457933,1.4177905,3,Homeostatic-B,C3,Control,Oxygen control
C3_ACTTTGTGTACAAACA-1,3.1680846,-1.9957844,4,Homeostatic-C,C3,Control,Oxygen control
C3_AGAAATGAGTAGCATA-1,3.5895922,3.9349203,3,Homeostatic-B,C3,Control,Oxygen control
C3_AGAAATGCAAGCCTGC-1,3.7239568,6.7212763,2,Homeostatic-A,C3,Control,Oxygen control
C3_AGAACAAAGATGGCGT-1,4.4154863,1.0563444,3,Homeostatic-B,C3,Control,Oxygen control
C3_AGAACAAGTAATACCC-1,4.0110893,5.002114,2,Homeostatic-A,C3,Control,Oxygen control
C3_AGAACCTAGGTACTGG-1,2.0459225,6.4550934,2,Homeostatic-A,C3,Control,Oxygen control
C3_AGAAGCGAGTCAGAGC-1,2.7052639,3.1761744,3,Homeostatic-B,C3,Control,Oxygen control
C3_AGAAGCGCAACGTAAA-1,3.010328,7.426214,2,Homeostatic-A,C3,Control,Oxygen control
C3_AGAAGCGTCCGTAGTA-1,4.0858784,-0.2445298,4,Homeostatic-C,C3,Control,Oxygen control
C3_AGAAGTACAGCTGTAT-1,0.3309896,2.4767888,1,Transitional-A,C3,Control,Oxygen control
C3_AGACAAATCATTGAGC-1,0.6792447,-2.185266,4,Homeostatic-C,C3,Control,Oxygen control
C3_AGACACTCATAACTCG-1,3.7357454,4.4445996,2,Homeostatic-A,C3,Control,Oxygen control
C3_AGACACTGTCACAGAG-1,1.5441065,3.137031,3,Homeostatic-B,C3,Control,Oxygen control
C3_AGACACTGTCCTGAAT-1,0.507124,4.9761157,3,Homeostatic-B,C3,Control,Oxygen control
C3_AGACAGGCATAGGTTC-1,1.230177,-0.24435282,4,Homeostatic-C,C3,Control,Oxygen control
C3_AGACCATGTGTTACAC-1,4.349619,13.048919,0,Inflammatory,C3,Control,Oxygen control
C3_AGACCCGAGCACTCGC-1,4.29589,6.564888,2,Homeostatic-A,C3,Control,Oxygen control
C3_AGACCCGTCAACACGT-1,2.913148,-0.12405082,4,Homeostatic-C,C3,Control,Oxygen control
C3_AGACTCACAGGAATCG-1,6.528533,2.8962672,2,Homeostatic-A,C3,Control,Oxygen control
C3_AGACTCAGTGTTTGCA-1,0.22489533,1.9393276,1,Transitional-A,C3,Control,Oxygen control
C3_AGAGAATTCGTTATCT-1,4.5706244,-1.460393,4,Homeostatic-C,C3,Control,Oxygen control
C3_AGAGAGCCAGTCTACA-1,5.2223825,-0.0564956,5,Transitional-B,C3,Control,Oxygen control
C3_AGAGCAGCAAGTACCT-1,5.0371213,5.74748,2,Homeostatic-A,C3,Control,Oxygen control
C3_AGAGCAGCATACAGGG-1,4.420128,6.268691,2,Homeostatic-A,C3,Control,Oxygen control
C3_AGATAGAAGGCACTCC-1,1.6810106,2.1087403,3,Homeostatic-B,C3,Control,Oxygen control
C3_AGATAGAGTGAGGATC-1,2.8452442,1.7219245,3,Homeostatic-B,C3,Control,Oxygen control
C3_AGATCCATCGCGTCGA-1,-0.2969805,7.3970304,0,Inflammatory,C3,Control,Oxygen control
C3_AGATCGTAGCATGGGT-1,4.1133423,2.150593,3,Homeostatic-B,C3,Control,Oxygen control
C3_AGATCGTCAAATGGCG-1,2.5450747,1.0034013,4,Homeostatic-C,C3,Control,Oxygen control
C3_AGATGAAGTGGACAGT-1,4.8245397,4.9782586,2,Homeostatic-A,C3,Control,Oxygen control
C3_AGATGCTAGAGTGGCT-1,1.356176,6.1803126,0,Inflammatory,C3,Control,Oxygen control
C3_AGATGCTAGCGAACTG-1,5.491524,-0.55039734,5,Transitional-B,C3,Control,Oxygen control
C3_AGCCAATAGACCAAGC-1,3.8100939,3.9480596,3,Homeostatic-B,C3,Control,Oxygen control
C3_AGCCAATAGGTGATAT-1,3.7471595,3.729087,3,Homeostatic-B,C3,Control,Oxygen control
C3_AGCCAATCACTCTAGA-1,-1.4579191,5.393539,0,Inflammatory,C3,Control,Oxygen control
C3_AGCCAATCATATGCGT-1,2.1846254,-0.6109213,4,Homeostatic-C,C3,Control,Oxygen control
C3_AGCCAATTCCAAGGGA-1,2.6685312,0.90251404,4,Homeostatic-C,C3,Control,Oxygen control
C3_AGCCAGCAGAGGCGGA-1,-1.1164094,4.4540496,1,Transitional-A,C3,Control,Oxygen control
C3_AGCGATTAGAATCGCG-1,6.6287613,4.3474483,2,Homeostatic-A,C3,Control,Oxygen control
C3_AGCGCCAGTAGCTGCC-1,7.984255,-0.0022871855,5,Transitional-B,C3,Control,Oxygen control
C3_AGCGCTGCACTTGGCG-1,2.8396819,-1.1247451,4,Homeostatic-C,C3,Control,Oxygen control
C3_AGCGTATAGCGTTCCG-1,1.906442,7.274878,0,Inflammatory,C3,Control,Oxygen control
C3_AGCGTCGTCCAACTGA-1,5.0507116,10.003992,0,Inflammatory,C3,Control,Oxygen control
C3_AGCTCAACAAGAGAGA-1,1.598063,0.015956597,4,Homeostatic-C,C3,Control,Oxygen control
C3_AGCTTCCCAACCTATG-1,1.5487834,4.188368,3,Homeostatic-B,C3,Control,Oxygen control
C3_AGGAAATGTAAGACCG-1,-2.2227588,0.6285753,1,Transitional-A,C3,Control,Oxygen control
C3_AGGAATACACTGCACG-1,0.18621464,-0.90284365,4,Homeostatic-C,C3,Control,Oxygen control
C3_AGGAATACAGGTGGAT-1,1.18998,1.873012,1,Transitional-A,C3,Control,Oxygen control
C3_AGGACGACAGCACAGA-1,-0.11878255,1.4688578,1,Transitional-A,C3,Control,Oxygen control
C3_AGGACGAGTGGACAGT-1,3.579296,2.5992782,3,Homeostatic-B,C3,Control,Oxygen control
C3_AGGACGATCGCAAGAG-1,3.552608,2.9000773,3,Homeostatic-B,C3,Control,Oxygen control
C3_AGGAGGTAGCAGCCCT-1,-0.31053308,2.3839908,1,Transitional-A,C3,Control,Oxygen control
C3_AGGAGGTGTGCTGTCG-1,0.17046024,0.12569238,4,Homeostatic-C,C3,Control,Oxygen control
C3_AGGAGGTTCACTGTCC-1,2.2714598,2.9335792,3,Homeostatic-B,C3,Control,Oxygen control
C3_AGGATAATCTCACGAA-1,3.6399808,12.138361,0,Inflammatory,C3,Control,Oxygen control
C3_AGGATCTAGATCGCCC-1,-1.0862272,-0.4620247,1,Transitional-A,C3,Control,Oxygen control
C3_AGGATCTAGTGGAATT-1,2.4688911,9.890214,0,Inflammatory,C3,Control,Oxygen control
C3_AGGATCTCATCTGCGG-1,2.961889,1.802099,3,Homeostatic-B,C3,Control,Oxygen control
C3_AGGCATTGTGTGTGGA-1,3.5918736,3.173014,3,Homeostatic-B,C3,Control,Oxygen control
C3_AGGCATTTCCCATTTA-1,3.891468,0.326542,4,Homeostatic-C,C3,Control,Oxygen control
C3_AGGCTGCGTCTCGCGA-1,2.4728096,1.4200717,4,Homeostatic-C,C3,Control,Oxygen control
C3_AGGCTGCGTCTTCAAG-1,2.5225716,4.0818815,3,Homeostatic-B,C3,Control,Oxygen control
C3_AGGGAGTCACAGACGA-1,3.9604795,4.956288,3,Homeostatic-B,C3,Control,Oxygen control
C3_AGGGAGTGTTCAACGT-1,5.563777,0.6277688,5,Transitional-B,C3,Control,Oxygen control
C3_AGGGCCTAGACATATG-1,4.2297864,0.83439696,4,Homeostatic-C,C3,Control,Oxygen control
C3_AGGGCTCCAATGTCTG-1,0.14595303,4.7328095,3,Homeostatic-B,C3,Control,Oxygen control
C3_AGGGTCCAGAGCTGCA-1,0.57660013,6.3530493,0,Inflammatory,C3,Control,Oxygen control
C3_AGGGTCCCAGAATGTA-1,2.9167097,-1.7822676,4,Homeostatic-C,C3,Control,Oxygen control
C3_AGGGTCCCATTCACCC-1,6.27392,0.3490821,5,Transitional-B,C3,Control,Oxygen control
C3_AGGGTTTGTTACCGTA-1,1.3713542,6.6086407,0,Inflammatory,C3,Control,Oxygen control
C3_AGGGTTTTCACTTGGA-1,4.0157185,0.06950376,4,Homeostatic-C,C3,Control,Oxygen control
C3_AGGGTTTTCATTCGTT-1,6.929371,0.0058425837,5,Transitional-B,C3,Control,Oxygen control
C3_AGGTAGGCAAAGCGTG-1,-1.2891243,0.47038373,1,Transitional-A,C3,Control,Oxygen control
C3_AGGTCATAGACCAGCA-1,2.2596238,-1.6517572,4,Homeostatic-C,C3,Control,Oxygen control
C3_AGGTCATCACGTCGTG-1,3.7311769,2.7219021,3,Homeostatic-B,C3,Control,Oxygen control
C3_AGGTGTTAGAAACTAC-1,1.7584591,0.93338215,4,Homeostatic-C,C3,Control,Oxygen control
C3_AGGTTACTCGCTGACG-1,5.8630557,4.209631,2,Homeostatic-A,C3,Control,Oxygen control
C3_AGGTTGTAGTCAACAA-1,3.9330416,7.5697064,2,Homeostatic-A,C3,Control,Oxygen control
C3_AGGTTGTGTGATACTC-1,2.68453,1.9045953,3,Homeostatic-B,C3,Control,Oxygen control
C3_AGTACCATCGCGTTTC-1,5.1772203,6.332063,2,Homeostatic-A,C3,Control,Oxygen control
C3_AGTACTGAGCAATTCC-1,1.3427533,-0.25505096,4,Homeostatic-C,C3,Control,Oxygen control
C3_AGTACTGAGTCTACCA-1,4.0801425,7.951071,2,Homeostatic-A,C3,Control,Oxygen control
C3_AGTACTGTCAAGTTGC-1,2.3615417,-0.07707461,4,Homeostatic-C,C3,Control,Oxygen control
C3_AGTAGCTGTTCCAGGC-1,4.3550725,3.3672745,3,Homeostatic-B,C3,Control,Oxygen control
C3_AGTAGTCCATCGGATT-1,2.4598489,5.673884,2,Homeostatic-A,C3,Control,Oxygen control
C3_AGTAGTCGTCCAAATC-1,4.6481237,2.8782501,3,Homeostatic-B,C3,Control,Oxygen control
C3_AGTAGTCTCATGAGAA-1,2.3713726999999998,8.575617,0,Inflammatory,C3,Control,Oxygen control
C3_AGTCAACAGGTAGGCT-1,5.001942,3.5585997,2,Homeostatic-A,C3,Control,Oxygen control
C3_AGTCACACAGGTCAGA-1,3.966703,3.833717,3,Homeostatic-B,C3,Control,Oxygen control
C3_AGTCACATCCTATTGT-1,2.816302,-0.38363278,4,Homeostatic-C,C3,Control,Oxygen control
C3_AGTGACTCAGAGGCTA-1,0.95641017,4.326865,3,Homeostatic-B,C3,Control,Oxygen control
C3_AGTGACTTCCTAGCGG-1,3.4373798,5.94065,2,Homeostatic-A,C3,Control,Oxygen control
C3_AGTTAGCAGAAGGGAT-1,7.2378736,-0.2452184,5,Transitional-B,C3,Control,Oxygen control
C3_AGTTAGCCAGAGTTCT-1,5.217137,4.955915,2,Homeostatic-A,C3,Control,Oxygen control
C3_AGTTAGCCATAGGAGC-1,3.3437707,6.5852127,2,Homeostatic-A,C3,Control,Oxygen control
C3_AGTTCCCAGAGTGACC-1,5.9632206,-1.4488716,5,Transitional-B,C3,Control,Oxygen control
C3_AGTTCCCGTTCGATTG-1,1.2619998,3.7452154,3,Homeostatic-B,C3,Control,Oxygen control
C3_AGTTCGAGTTGGGTTT-1,2.1507115,2.2216673,3,Homeostatic-B,C3,Control,Oxygen control
C3_ATACCGAAGGTGATAT-1,4.2073007,3.0525677,3,Homeostatic-B,C3,Control,Oxygen control
C3_ATAGACCTCATTCTTG-1,7.2643533,0.6008583,5,Transitional-B,C3,Control,Oxygen control
C3_ATAGAGAAGCATATGA-1,6.516427,-1.265201,5,Transitional-B,C3,Control,Oxygen control
C3_ATAGAGAGTCTTCTAT-1,1.7581933,4.043598,3,Homeostatic-B,C3,Control,Oxygen control
C3_ATAGGCTGTTAAACAG-1,-1.1364973,5.9316964,0,Inflammatory,C3,Control,Oxygen control
C3_ATATCCTCATCCTGTC-1,2.7579155,5.715914,2,Homeostatic-A,C3,Control,Oxygen control
C3_ATCACGAAGTATGACA-1,2.0608814,6.772529,0,Inflammatory,C3,Control,Oxygen control
C3_ATCACGAGTCTAGATC-1,0.7537961,3.7364569,3,Homeostatic-B,C3,Control,Oxygen control
C3_ATCACTTCAGACTGCC-1,1.2695953,8.268697,0,Inflammatory,C3,Control,Oxygen control
C3_ATCACTTGTACTCGCG-1,5.603191,4.792007,2,Homeostatic-A,C3,Control,Oxygen control
C3_ATCACTTGTAGCCAGA-1,0.18298905,7.404119,0,Inflammatory,C3,Control,Oxygen control
C3_ATCACTTGTCACCGCA-1,-0.40944126,1.3208268,1,Transitional-A,C3,Control,Oxygen control
C3_ATCACTTTCACTGCTC-1,4.050101,7.1511345,2,Homeostatic-A,C3,Control,Oxygen control
C3_ATCACTTTCTAGAGCT-1,6.1912007,0.2043709,5,Transitional-B,C3,Control,Oxygen control
C3_ATCCATTAGTTGTCAC-1,0.07598218,2.190429,1,Transitional-A,C3,Control,Oxygen control
C3_ATCCATTCATCCGCGA-1,4.7547946,3.7018378,2,Homeostatic-A,C3,Control,Oxygen control
C3_ATCCATTTCCTATTTG-1,0.25768438,-1.9903328,4,Homeostatic-C,C3,Control,Oxygen control
C3_ATCCCTGGTACTGTTG-1,1.7352926,1.1017498,4,Homeostatic-C,C3,Control,Oxygen control
C3_ATCCCTGGTGCTATTG-1,-0.7843827,7.8660703,0,Inflammatory,C3,Control,Oxygen control
C3_ATCCGTCAGGGTGGGA-1,-0.1496079,7.749815,0,Inflammatory,C3,Control,Oxygen control
C3_ATCCGTCGTAAGCAAT-1,-1.1606505,-1.9103825,1,Transitional-A,C3,Control,Oxygen control
C3_ATCCTATAGATGCAGC-1,1.890622,-1.3523711,4,Homeostatic-C,C3,Control,Oxygen control
C3_ATCCTATGTCGCTCGA-1,5.188716,2.4079185,3,Homeostatic-B,C3,Control,Oxygen control
C3_ATCCTATGTGCCGAAA-1,1.1643609,2.4987628,1,Transitional-A,C3,Control,Oxygen control
C3_ATCCTATTCTCACCCA-1,1.678752,-2.246132,4,Homeostatic-C,C3,Control,Oxygen control
C3_ATCGATGGTACGATTC-1,3.7694452,-1.1922997,4,Homeostatic-C,C3,Control,Oxygen control
C3_ATCGGATGTGTTCGAT-1,0.82148063,5.185972,3,Homeostatic-B,C3,Control,Oxygen control
C3_ATCGTAGCAGATAAAC-1,0.23831478,-2.6304832,4,Homeostatic-C,C3,Control,Oxygen control
C3_ATCGTCCCAAATACAG-1,1.9300216,3.1470957,3,Homeostatic-B,C3,Control,Oxygen control
C3_ATCTCTAGTAACGCGA-1,3.104293,4.926324,2,Homeostatic-A,C3,Control,Oxygen control
C3_ATCTCTAGTTCAGGTT-1,2.3803413,5.039353,3,Homeostatic-B,C3,Control,Oxygen control
C3_ATCTCTATCTGACGCG-1,3.7991254,7.8320003,2,Homeostatic-A,C3,Control,Oxygen control
C3_ATCTTCACAACCGTGC-1,0.2605343,2.2976496,1,Transitional-A,C3,Control,Oxygen control
C3_ATGAAAGCATGAAAGT-1,6.249929,1.2107173,5,Transitional-B,C3,Control,Oxygen control
C3_ATGAGGGCACTGGCCA-1,6.3332114,-0.37694234,5,Transitional-B,C3,Control,Oxygen control
C3_ATGAGGGCAGAACTAA-1,2.5680666,0.6781194,4,Homeostatic-C,C3,Control,Oxygen control
C3_ATGAGGGTCCGAGATT-1,4.92571,4.3425083,2,Homeostatic-A,C3,Control,Oxygen control
C3_ATGAGTCAGATTGACA-1,4.228456,13.331128,0,Inflammatory,C3,Control,Oxygen control
C3_ATGAGTCCATCACAGT-1,0.6550273,0.9918618,1,Transitional-A,C3,Control,Oxygen control
C3_ATGAGTCTCTGCGGCA-1,6.1418996,4.8173866,2,Homeostatic-A,C3,Control,Oxygen control
C3_ATGATCGCATGTGGCC-1,4.3891716,4.515761,2,Homeostatic-A,C3,Control,Oxygen control
C3_ATGCATGCAGGCACAA-1,3.903196,4.769936,2,Homeostatic-A,C3,Control,Oxygen control
C3_ATGCGATAGCCTCTGG-1,1.9732976,7.5733714,0,Inflammatory,C3,Control,Oxygen control
C3_ATGGATCAGGCTCACC-1,3.4282653,-0.57478887,4,Homeostatic-C,C3,Control,Oxygen control
C3_ATGGATCCATCCTTCG-1,5.6225033,0.2573067,5,Transitional-B,C3,Control,Oxygen control
C3_ATGGATCGTCACTACA-1,2.5003629,-2.3187134,4,Homeostatic-C,C3,Control,Oxygen control
C3_ATGGGTTAGGTTTACC-1,-2.4581697,2.1854460000000002,1,Transitional-A,C3,Control,Oxygen control
C3_ATGGGTTCATGGCTAT-1,4.6744266,-0.48398417,4,Homeostatic-C,C3,Control,Oxygen control
C3_ATGGGTTTCAACCTTT-1,3.3937538,3.5417528,3,Homeostatic-B,C3,Control,Oxygen control
C3_ATGGTTGCACTTGAAC-1,-1.720933,2.5276532,1,Transitional-A,C3,Control,Oxygen control
C3_ATGGTTGTCAGCAGAG-1,1.6418579,-0.48681173,4,Homeostatic-C,C3,Control,Oxygen control
C3_ATGTCCCGTTTCGGCG-1,4.04853,-0.7607661,4,Homeostatic-C,C3,Control,Oxygen control
C3_ATGTCCCTCAGCATTG-1,6.063786,-0.83673626,5,Transitional-B,C3,Control,Oxygen control
C3_ATGTCTTCAAGCGATG-1,0.09258762,5.1400023,1,Transitional-A,C3,Control,Oxygen control
C3_ATTACCTCAACGTAAA-1,-0.00537639,1.1451797,1,Transitional-A,C3,Control,Oxygen control
C3_ATTACCTCACGAGAAC-1,-0.081828214,2.2690063,1,Transitional-A,C3,Control,Oxygen control
C3_ATTATCCAGCGGACAT-1,1.7791144,6.0596185,0,Inflammatory,C3,Control,Oxygen control
C3_ATTATCCCACTTTAGG-1,3.1751926,11.144284,0,Inflammatory,C3,Control,Oxygen control
C3_ATTATCCTCAGCGGAA-1,6.712574,-0.4617481,5,Transitional-B,C3,Control,Oxygen control
C3_ATTCACTCATAACCCA-1,5.8080870000000004,4.381124,2,Homeostatic-A,C3,Control,Oxygen control
C3_ATTCACTGTGACTCTA-1,3.2839615,3.640664,3,Homeostatic-B,C3,Control,Oxygen control
C3_ATTCACTTCGTGTCAA-1,5.255845,4.707134,2,Homeostatic-A,C3,Control,Oxygen control
C3_ATTCATCGTATACCCA-1,-0.504162,4.634596,1,Transitional-A,C3,Control,Oxygen control
C3_ATTCCATAGGTCCCGT-1,1.5489709,4.7647924,3,Homeostatic-B,C3,Control,Oxygen control
C3_ATTCCATCAATGAACA-1,2.8748071,7.015421,0,Inflammatory,C3,Control,Oxygen control
C3_ATTCCATGTCCCTGTT-1,6.9705577,-0.7171273,5,Transitional-B,C3,Control,Oxygen control
C3_ATTCCCGTCCATGATG-1,8.281183,-1.1873581,5,Transitional-B,C3,Control,Oxygen control
C3_ATTCCTAAGGTTGCCC-1,2.6554863,-1.4874496,4,Homeostatic-C,C3,Control,Oxygen control
C3_ATTCCTACAATCACGT-1,-0.7894651,7.3653436,0,Inflammatory,C3,Control,Oxygen control
C3_ATTCCTACATAATCGC-1,2.4635837,8.485137,0,Inflammatory,C3,Control,Oxygen control
C3_ATTCCTACATAGCACT-1,5.007945,5.586361,2,Homeostatic-A,C3,Control,Oxygen control
C3_ATTCCTAGTGGCTACC-1,2.9983015,3.6499527,3,Homeostatic-B,C3,Control,Oxygen control
C3_ATTCGTTAGCGGCTCT-1,0.42307422,7.4745502,0,Inflammatory,C3,Control,Oxygen control
C3_ATTCTACGTAACGTTC-1,3.4946299,5.8439846,2,Homeostatic-A,C3,Control,Oxygen control
C3_ATTCTACTCGTAGAGG-1,3.8315778,2.5847886,3,Homeostatic-B,C3,Control,Oxygen control
C3_ATTGGGTCAACCCGCA-1,0.41349787,3.601541,3,Homeostatic-B,C3,Control,Oxygen control
C3_ATTGGGTTCAGTGTTG-1,0.0036156257,-0.49676105,4,Homeostatic-C,C3,Control,Oxygen control
C3_ATTGTTCCACCATAAC-1,1.4592861,3.1272058,3,Homeostatic-B,C3,Control,Oxygen control
C3_ATTTACCGTACCGGAA-1,5.313967,4.725927,2,Homeostatic-A,C3,Control,Oxygen control
C3_ATTTCACGTTCCACAA-1,-2.470186,0.10140699,1,Transitional-A,C3,Control,Oxygen control
C3_CAAAGAAGTCAACATC-1,5.277112,1.1573645,3,Homeostatic-B,C3,Control,Oxygen control
C3_CAACAACAGACATGCG-1,1.6298689,-0.22563452,4,Homeostatic-C,C3,Control,Oxygen control
C3_CAACAACGTTATGTGC-1,2.5827472,1.8876419,3,Homeostatic-B,C3,Control,Oxygen control
C3_CAACAACGTTGGCCGT-1,1.4932135,6.9972057,0,Inflammatory,C3,Control,Oxygen control
C3_CAACAGTTCAATCTCT-1,0.17209122,5.4945016,3,Homeostatic-B,C3,Control,Oxygen control
C3_CAACCAAGTCACGTGC-1,1.8525211,5.82934,2,Homeostatic-A,C3,Control,Oxygen control
C3_CAACCTCGTCTCTCAC-1,3.928844,3.8910875,3,Homeostatic-B,C3,Control,Oxygen control
C3_CAACGATTCGACGCGT-1,1.3161556,2.5553722,3,Homeostatic-B,C3,Control,Oxygen control
C3_CAACGGCCAGACCAGA-1,3.510304,1.9913087,3,Homeostatic-B,C3,Control,Oxygen control
C3_CAACGGCTCACGACTA-1,-0.3709718,6.399893,0,Inflammatory,C3,Control,Oxygen control
C3_CAAGACTTCCTAGCGG-1,2.7231717,4.331194,3,Homeostatic-B,C3,Control,Oxygen control
C3_CAAGAGGAGACCATGG-1,3.6748953,1.4567053,3,Homeostatic-B,C3,Control,Oxygen control
C3_CAAGAGGGTTTCACTT-1,4.4131904,-1.2003949,4,Homeostatic-C,C3,Control,Oxygen control
C3_CAAGAGGTCTAACGGT-1,-1.610814,3.3701494,1,Transitional-A,C3,Control,Oxygen control
C3_CAAGGGACAGCTGTCG-1,3.4097478,5.986126,2,Homeostatic-A,C3,Control,Oxygen control
C3_CAAGGGATCGCCAGAC-1,3.8197303,5.937979,2,Homeostatic-A,C3,Control,Oxygen control
C3_CAATACGTCGCAGATT-1,1.7291288,10.448964,0,Inflammatory,C3,Control,Oxygen control
C3_CAATCGATCTTGTTAC-1,0.12438058,1.1787134,1,Transitional-A,C3,Control,Oxygen control
C3_CAATGACCAACCACGC-1,1.2873828,-1.4250414,4,Homeostatic-C,C3,Control,Oxygen control
C3_CAATTTCAGGTCCAGA-1,1.8464743,1.1492347,4,Homeostatic-C,C3,Control,Oxygen control
C3_CAATTTCCATCTCAAG-1,6.552854,-0.9890227,5,Transitional-B,C3,Control,Oxygen control
C3_CAATTTCGTAACAGTA-1,3.4875188,10.356922,0,Inflammatory,C3,Control,Oxygen control
C3_CACAACAAGGCCTTGC-1,3.328651,6.7432814,2,Homeostatic-A,C3,Control,Oxygen control
C3_CACAACAGTATTAAGG-1,5.8061447,-1.1787622,5,Transitional-B,C3,Control,Oxygen control
C3_CACAACATCTAAGAAG-1,7.615401,-1.0753502,5,Transitional-B,C3,Control,Oxygen control
C3_CACACAAAGATGACCG-1,0.2659854,7.3459644,0,Inflammatory,C3,Control,Oxygen control
C3_CACACAAGTGTTAGCT-1,-0.35620043,1.6989313,1,Transitional-A,C3,Control,Oxygen control
C3_CACAGATGTCAGATTC-1,3.8095012,9.190138,0,Inflammatory,C3,Control,Oxygen control
C3_CACAGGCAGAGGCTGT-1,4.433474,2.5897162,3,Homeostatic-B,C3,Control,Oxygen control
C3_CACATGATCTCTCAAT-1,1.6861746,6.186419,0,Inflammatory,C3,Control,Oxygen control
C3_CACCAAATCCTGTAGA-1,-0.46878338,6.868408,0,Inflammatory,C3,Control,Oxygen control
C3_CACGGGTCATTGCTTT-1,3.6317255,1.9483893,3,Homeostatic-B,C3,Control,Oxygen control
C3_CACGTGGCACGACAAG-1,0.3123602,4.633052,3,Homeostatic-B,C3,Control,Oxygen control
C3_CACGTGGGTCGAAGCA-1,3.1913426,2.9167888,3,Homeostatic-B,C3,Control,Oxygen control
C3_CACGTTCGTGCGTTTA-1,0.09257327,2.1255133,1,Transitional-A,C3,Control,Oxygen control
C3_CACTAAGGTGCCGTTG-1,1.2138723,6.0463924,0,Inflammatory,C3,Control,Oxygen control
C3_CACTGAAAGAGTATAC-1,-0.51609135,6.337476,0,Inflammatory,C3,Control,Oxygen control
C3_CACTGGGCACCATTCC-1,-1.4228832,7.358593,0,Inflammatory,C3,Control,Oxygen control
C3_CACTGGGCAGCAAGAC-1,7.401379,3.9807236,2,Homeostatic-A,C3,Control,Oxygen control
C3_CACTGGGCAGTGTACT-1,3.746407,-0.48375505,4,Homeostatic-C,C3,Control,Oxygen control
C3_CACTGTCTCCGACAGC-1,3.466679,-1.9813162,4,Homeostatic-C,C3,Control,Oxygen control
C3_CACTTCGCACAGACGA-1,0.49878198,1.2874831,1,Transitional-A,C3,Control,Oxygen control
C3_CAGAGCCAGTTGTACC-1,4.5584426,3.061187,3,Homeostatic-B,C3,Control,Oxygen control
C3_CAGAGCCCAACGACTT-1,-0.1170618,5.139988,1,Transitional-A,C3,Control,Oxygen control
C3_CAGATACCAATGCTCA-1,10.831377,2.1782227,6,Rare,C3,Control,Oxygen control
C3_CAGATACTCGGAATGG-1,2.9533336,5.7543535,2,Homeostatic-A,C3,Control,Oxygen control
C3_CAGATCACATGACACT-1,-0.4021202,2.9682333,1,Transitional-A,C3,Control,Oxygen control
C3_CAGATTGCAATTGTGC-1,6.8885439999999996,-1.3042017,5,Transitional-B,C3,Control,Oxygen control
C3_CAGATTGGTGTGACCC-1,1.5262911,4.6851816,3,Homeostatic-B,C3,Control,Oxygen control
C3_CAGATTGTCGTAGCTA-1,2.4191456,3.7665799,3,Homeostatic-B,C3,Control,Oxygen control
C3_CAGCAATGTACGACAG-1,3.0756562,7.5654836,2,Homeostatic-A,C3,Control,Oxygen control
C3_CAGCAATTCTAAACGC-1,4.5060387,2.4598503,3,Homeostatic-B,C3,Control,Oxygen control
C3_CAGCCAGCATGATAGA-1,2.8060262,-0.29622966,4,Homeostatic-C,C3,Control,Oxygen control
C3_CAGCGTGAGCGTCTCG-1,3.9093666,4.8162327,2,Homeostatic-A,C3,Control,Oxygen control
C3_CAGCGTGCAGCTGTCG-1,5.6012235,0.8500086,5,Transitional-B,C3,Control,Oxygen control
C3_CAGCGTGTCGAGCTGC-1,1.1407965,-1.0121617,4,Homeostatic-C,C3,Control,Oxygen control
C3_CAGTTAGAGTGTTCCA-1,4.4933953,4.908627,2,Homeostatic-A,C3,Control,Oxygen control
C3_CAGTTAGCATCGATGT-1,5.054235,8.674871,2,Homeostatic-A,C3,Control,Oxygen control
C3_CAGTTCCAGACGTCGA-1,-1.3138121,1.7310733,1,Transitional-A,C3,Control,Oxygen control
C3_CATAAGCCACGGTGCT-1,-0.5656765,1.5649577,1,Transitional-A,C3,Control,Oxygen control
C3_CATAAGCGTCCAAATC-1,3.113609,3.4463356,3,Homeostatic-B,C3,Control,Oxygen control
C3_CATACAGGTGGTCCGT-1,1.1812478,-2.0020287,4,Homeostatic-C,C3,Control,Oxygen control
C3_CATACTTGTCCTCCAT-1,1.6608859,3.5224342,3,Homeostatic-B,C3,Control,Oxygen control
C3_CATACTTTCCTACGGG-1,0.471271,2.0515296,1,Transitional-A,C3,Control,Oxygen control
C3_CATAGACTCACCCTGT-1,3.8840683,1.6865076,3,Homeostatic-B,C3,Control,Oxygen control
C3_CATCCACAGATTACCC-1,0.38497937,1.4349997,1,Transitional-A,C3,Control,Oxygen control
C3_CATCCACCAGAGTCAG-1,6.70943,-0.7407214,5,Transitional-B,C3,Control,Oxygen control
C3_CATCCACGTCCCGCAA-1,1.6884271,6.798484,0,Inflammatory,C3,Control,Oxygen control
C3_CATCCCACATAACAGA-1,1.6804956,7.4277897,0,Inflammatory,C3,Control,Oxygen control
C3_CATCCCAGTACGTGTT-1,6.841733,4.4846807,2,Homeostatic-A,C3,Control,Oxygen control
C3_CATCCGTGTGAATGTA-1,5.434561,4.724529,2,Homeostatic-A,C3,Control,Oxygen control
C3_CATCGGGAGAACCCGA-1,5.2971883,-0.4465658,5,Transitional-B,C3,Control,Oxygen control
C3_CATGAGTAGATGACCG-1,6.354918,-1.2783643,5,Transitional-B,C3,Control,Oxygen control
C3_CATGCCTGTAGGATAT-1,2.315925,5.074046,2,Homeostatic-A,C3,Control,Oxygen control
C3_CATGCGGGTGAAGCGT-1,1.3720834,5.40983,3,Homeostatic-B,C3,Control,Oxygen control
C3_CATGCGGTCCACGGAC-1,-1.7369257,1.9113854,1,Transitional-A,C3,Control,Oxygen control
C3_CATGCTCGTCTTTATC-1,1.1502118,-0.6078311,4,Homeostatic-C,C3,Control,Oxygen control
C3_CATGGATAGCAGAAAG-1,-1.1935707,2.5515265,1,Transitional-A,C3,Control,Oxygen control
C3_CATGGATAGCGATGGT-1,6.0431886,1.0976288,5,Transitional-B,C3,Control,Oxygen control
C3_CATTCATCATACGCAT-1,3.7179248,3.9869695,2,Homeostatic-A,C3,Control,Oxygen control
C3_CATTCCGTCGGTCTAA-1,1.1417059,0.72979105,4,Homeostatic-C,C3,Control,Oxygen control
C3_CATTCTAGTTTGACAC-1,3.1400006,3.7720716,3,Homeostatic-B,C3,Control,Oxygen control
C3_CATTCTATCGTAATGC-1,1.9938209,4.2433543,3,Homeostatic-B,C3,Control,Oxygen control
C3_CATTGCCAGCGCTGCT-1,2.841508,3.6332839,3,Homeostatic-B,C3,Control,Oxygen control
C3_CATTGCCCAGCCCAGT-1,3.9007113,0.25367376,4,Homeostatic-C,C3,Control,Oxygen control
C3_CATTGTTAGAGTTGAT-1,4.068257,0.59130484,4,Homeostatic-C,C3,Control,Oxygen control
C3_CCAATGACAGCTTTGA-1,2.1247602,1.5374,3,Homeostatic-B,C3,Control,Oxygen control
C3_CCAATGATCACGGACC-1,1.5484748,2.0916657,3,Homeostatic-B,C3,Control,Oxygen control
C3_CCAATGATCCATCCGT-1,4.0397882,7.4673414,2,Homeostatic-A,C3,Control,Oxygen control
C3_CCAATGATCGTGTGAT-1,-0.15281734,0.18360403,4,Homeostatic-C,C3,Control,Oxygen control
C3_CCAATTTCATCAGTCA-1,4.839631,-0.8217423,5,Transitional-B,C3,Control,Oxygen control
C3_CCAATTTTCAGCATTG-1,0.9310199,9.891137,0,Inflammatory,C3,Control,Oxygen control
C3_CCACAAATCAGGTAAA-1,4.1438875,3.2049606,3,Homeostatic-B,C3,Control,Oxygen control
C3_CCACAAATCTATGTGG-1,1.8385439,6.0465984,2,Homeostatic-A,C3,Control,Oxygen control
C3_CCACCATAGACAACTA-1,3.8099494,3.1536622,3,Homeostatic-B,C3,Control,Oxygen control
C3_CCACCATTCATTTGGG-1,7.251502,-0.078201525,5,Transitional-B,C3,Control,Oxygen control
C3_CCACGTTAGTTGGACG-1,8.297635,-0.65221065,5,Transitional-B,C3,Control,Oxygen control
C3_CCACTTGTCACTTTGT-1,1.3190219,-0.35697827,4,Homeostatic-C,C3,Control,Oxygen control
C3_CCATAAGCATAGGTTC-1,0.92461747,-1.3314959,4,Homeostatic-C,C3,Control,Oxygen control
C3_CCATAAGGTCGACTGC-1,1.5989408,5.6861444,3,Homeostatic-B,C3,Control,Oxygen control
C3_CCATAAGTCTGAATCG-1,4.8646317,11.005437,0,Inflammatory,C3,Control,Oxygen control
C3_CCATAAGTCTTTGCAT-1,2.0885127,-0.47054645,4,Homeostatic-C,C3,Control,Oxygen control
C3_CCATCACCAAACCATC-1,1.1872882,-1.8273346,4,Homeostatic-C,C3,Control,Oxygen control
C3_CCCAACTCAACAAGAT-1,0.90740913,0.17970103,4,Homeostatic-C,C3,Control,Oxygen control
C3_CCCATTGTCATTTACC-1,2.6015775,0.052650418,4,Homeostatic-C,C3,Control,Oxygen control
C3_CCCGAAGTCCATCACC-1,2.1213453,-1.6780736,4,Homeostatic-C,C3,Control,Oxygen control
C3_CCCGGAAGTGACTCGC-1,7.7235565,-1.5042119,5,Transitional-B,C3,Control,Oxygen control
C3_CCCGGAATCTGGGAGA-1,4.316689,7.9052362,2,Homeostatic-A,C3,Control,Oxygen control
C3_CCCTAACAGAGGCCAT-1,3.2085452,5.229863,2,Homeostatic-A,C3,Control,Oxygen control
C3_CCCTAACAGGTACTGG-1,2.0556612,5.782446,2,Homeostatic-A,C3,Control,Oxygen control
C3_CCCTAACGTCACTCTC-1,1.3466551,-0.26863557,4,Homeostatic-C,C3,Control,Oxygen control
C3_CCCTGATCACCGTCTT-1,0.20580146,2.8853908,1,Transitional-A,C3,Control,Oxygen control
C3_CCCTGATTCCAAGGGA-1,2.5498571,2.6107478,3,Homeostatic-B,C3,Control,Oxygen control
C3_CCCTTAGTCAGCGTCG-1,0.61650425,-0.57290006,4,Homeostatic-C,C3,Control,Oxygen control
C3_CCGATCTCAGAATCGG-1,3.518475,9.736981,0,Inflammatory,C3,Control,Oxygen control
C3_CCGCAAGAGAGTTGCG-1,-0.11588761,6.261556,0,Inflammatory,C3,Control,Oxygen control
C3_CCGCAAGAGCGAGTAC-1,4.1506653,3.902096,2,Homeostatic-A,C3,Control,Oxygen control
C3_CCGCAAGGTTGAATCC-1,0.6511414,7.293412,0,Inflammatory,C3,Control,Oxygen control
C3_CCGCAAGGTTTGGCTA-1,4.569135,7.2724357,2,Homeostatic-A,C3,Control,Oxygen control
C3_CCGCAAGTCTGTACAG-1,3.6831238,9.606511,0,Inflammatory,C3,Control,Oxygen control
C3_CCGGACACAACTAGAA-1,3.5897086,9.2089205,0,Inflammatory,C3,Control,Oxygen control
C3_CCGGGTAAGATAGCTA-1,-0.25122777,5.6832576,0,Inflammatory,C3,Control,Oxygen control
C3_CCGGGTATCACCATAG-1,1.8332456,3.482528,3,Homeostatic-B,C3,Control,Oxygen control
C3_CCGGGTATCGGTTGTA-1,0.61208487,9.420326,0,Inflammatory,C3,Control,Oxygen control
C3_CCGGTAGAGAGAAGGT-1,3.3144262,12.320085,0,Inflammatory,C3,Control,Oxygen control
C3_CCGGTAGCATGAGTAA-1,4.2138186,5.051672,2,Homeostatic-A,C3,Control,Oxygen control
C3_CCGGTGAAGCCGATTT-1,7.044759,-0.6193862,5,Transitional-B,C3,Control,Oxygen control
C3_CCGGTGACAGCTTTGA-1,3.7831821,3.4278271,3,Homeostatic-B,C3,Control,Oxygen control
C3_CCGTAGGCAAACTGCT-1,7.239439,0.07139252,5,Transitional-B,C3,Control,Oxygen control
C3_CCGTGAGAGCCGAACA-1,3.4181795,-1.2225016,4,Homeostatic-C,C3,Control,Oxygen control
C3_CCGTGAGAGCGTGAAC-1,7.0313040000000004,0.048361402,5,Transitional-B,C3,Control,Oxygen control
C3_CCGTGAGAGGCTTCCG-1,3.7352312,1.7807492,3,Homeostatic-B,C3,Control,Oxygen control
C3_CCGTTCAGTGTTACAC-1,0.9850433,2.5117042,1,Transitional-A,C3,Control,Oxygen control
C3_CCTAACCTCGGCTTGG-1,-0.3125613,-0.31912988,4,Homeostatic-C,C3,Control,Oxygen control
C3_CCTAAGATCCAAGAGG-1,2.5237997,8.425552,0,Inflammatory,C3,Control,Oxygen control
C3_CCTACGTGTAAGATCA-1,2.9364777,4.279574,3,Homeostatic-B,C3,Control,Oxygen control
C3_CCTACGTGTGTTCAGT-1,1.1433934,1.4914421,1,Transitional-A,C3,Control,Oxygen control
C3_CCTACGTGTTCTCCCA-1,5.6894813,-0.42314,5,Transitional-B,C3,Control,Oxygen control
C3_CCTATCGTCCCATTTA-1,5.463279,1.5508379,5,Transitional-B,C3,Control,Oxygen control
C3_CCTCACAGTGCTATTG-1,1.2160302,-0.18365681,4,Homeostatic-C,C3,Control,Oxygen control
C3_CCTCAGTAGCCATATC-1,3.2174208,3.020722,3,Homeostatic-B,C3,Control,Oxygen control
C3_CCTCAGTGTACGAAAT-1,6.5056553,-1.6271691,5,Transitional-B,C3,Control,Oxygen control
C3_CCTCAGTGTCGTTGGC-1,8.199055,-0.23646244,5,Transitional-B,C3,Control,Oxygen control
C3_CCTCATGAGTCATGGG-1,1.2906609,4.1110086,3,Homeostatic-B,C3,Control,Oxygen control
C3_CCTCATGTCGGTCATA-1,4.9462695,1.7422674,3,Homeostatic-B,C3,Control,Oxygen control
C3_CCTCCAAAGCAATAGT-1,3.9311647,1.9026141,3,Homeostatic-B,C3,Control,Oxygen control
C3_CCTCCTCCAGTTTCAG-1,3.769005,3.430257,3,Homeostatic-B,C3,Control,Oxygen control
C3_CCTCCTCTCGCGCTGA-1,-0.4871827,5.0554256,1,Transitional-A,C3,Control,Oxygen control
C3_CCTCTAGAGAAGGATG-1,4.477451,12.355175,0,Inflammatory,C3,Control,Oxygen control
C3_CCTCTCCAGTGCAACG-1,4.652998,8.146896,2,Homeostatic-A,C3,Control,Oxygen control
C3_CCTCTCCCAGCGTTTA-1,4.606274,2.717557,3,Homeostatic-B,C3,Control,Oxygen control
C3_CCTGCATGTCGTATGT-1,0.9050977,3.9013906,3,Homeostatic-B,C3,Control,Oxygen control
C3_CCTGTTGTCCTGTACC-1,2.7913914,2.1741982,3,Homeostatic-B,C3,Control,Oxygen control
C3_CCTTGTGTCGATGGAG-1,1.4318293,4.6542606,3,Homeostatic-B,C3,Control,Oxygen control
C3_CCTTTGGGTCCATCTC-1,0.006072868,-0.7122812,4,Homeostatic-C,C3,Control,Oxygen control
C3_CCTTTGGTCTCCGAGG-1,7.6493907,-0.031015776,5,Transitional-B,C3,Control,Oxygen control
C3_CGAAGGAAGCCATATC-1,3.03994,1.0334933,3,Homeostatic-B,C3,Control,Oxygen control
C3_CGAAGGACAAACACCT-1,4.3165717,4.253476,2,Homeostatic-A,C3,Control,Oxygen control
C3_CGAAGGAGTTACGTAC-1,-1.843865,-0.80465084,1,Transitional-A,C3,Control,Oxygen control
C3_CGAATTGGTACTGACT-1,2.2431211,2.417584,3,Homeostatic-B,C3,Control,Oxygen control
C3_CGAATTGGTTAGCGGA-1,1.0808496,0.1319394,4,Homeostatic-C,C3,Control,Oxygen control
C3_CGAATTGTCAGTGTCA-1,2.2865357,-0.5681874,4,Homeostatic-C,C3,Control,Oxygen control
C3_CGAGAAGTCCAGCAAT-1,0.31043872,4.435969,3,Homeostatic-B,C3,Control,Oxygen control
C3_CGAGGAAAGACCATTC-1,0.29122886,1.1019295,1,Transitional-A,C3,Control,Oxygen control
C3_CGAGGAATCATTTCCA-1,2.8794115,0.46575165,4,Homeostatic-C,C3,Control,Oxygen control
C3_CGAGGCTAGGATGAGA-1,3.781006,0.3312793,4,Homeostatic-C,C3,Control,Oxygen control
C3_CGAGGCTTCTTTCAGT-1,-0.9956824,0.43530545,1,Transitional-A,C3,Control,Oxygen control
C3_CGAGTGCCACGACCTG-1,5.2879853,-0.616243,5,Transitional-B,C3,Control,Oxygen control
C3_CGAGTGCGTGCGACAA-1,4.8015103,9.516281,0,Inflammatory,C3,Control,Oxygen control
C3_CGAGTGCTCATCCTAT-1,0.3583652,2.8497066,1,Transitional-A,C3,Control,Oxygen control
C3_CGAGTTACATTGCCTC-1,8.243773,-0.9058684,5,Transitional-B,C3,Control,Oxygen control
C3_CGATCGGAGGTCATCT-1,3.2890236,1.9967085,3,Homeostatic-B,C3,Control,Oxygen control
C3_CGATCGGTCTTACTGT-1,1.1812414,-1.5460256000000001,4,Homeostatic-C,C3,Control,Oxygen control
C3_CGATGCGAGCAACCAG-1,-0.72282505,-1.1161704,1,Transitional-A,C3,Control,Oxygen control
C3_CGATGGCAGAACGCGT-1,4.9787216,-0.6697397,5,Transitional-B,C3,Control,Oxygen control
C3_CGATGGCAGGTTATAG-1,0.66687495,2.3935149,1,Transitional-A,C3,Control,Oxygen control
C3_CGATGGCGTCCATAGT-1,-1.8773628,-0.9192225,1,Transitional-A,C3,Control,Oxygen control
C3_CGCATAAGTAGCTAAA-1,2.4970777,0.77953106,4,Homeostatic-C,C3,Control,Oxygen control
C3_CGCCAGAAGCTAGTTC-1,3.1266775,3.2659922,3,Homeostatic-B,C3,Control,Oxygen control
C3_CGCCAGATCCTCGCAT-1,1.4301178,-0.087036654,4,Homeostatic-C,C3,Control,Oxygen control
C3_CGGAACCAGAAACTGT-1,2.4056695,11.0353775,0,Inflammatory,C3,Control,Oxygen control
C3_CGGAACCTCTTAGTTC-1,4.851896,2.7997959,3,Homeostatic-B,C3,Control,Oxygen control
C3_CGGAATTCAACCAATC-1,10.710426,1.9314741,6,Rare,C3,Control,Oxygen control
C3_CGGAATTCAGGTTTAC-1,-0.7377832,4.440532,1,Transitional-A,C3,Control,Oxygen control
C3_CGGACACTCAACCTTT-1,-0.28658792,1.4271237,1,Transitional-A,C3,Control,Oxygen control
C3_CGGGACTAGTGAGCCA-1,-0.032443024,-2.5477026,4,Homeostatic-C,C3,Control,Oxygen control
C3_CGGGCATTCCTAGCCT-1,-1.9905164,3.4466343,1,Transitional-A,C3,Control,Oxygen control
C3_CGGTCAGCAACGACAG-1,3.9846861,7.125535,2,Homeostatic-A,C3,Control,Oxygen control
C3_CGTAATGCAATGGGTG-1,4.0307064,0.9218635,3,Homeostatic-B,C3,Control,Oxygen control
C3_CGTAGTAAGATAACAC-1,3.773329,10.752852,0,Inflammatory,C3,Control,Oxygen control
C3_CGTAGTAGTGGACCTC-1,0.81718147,2.4273648,1,Transitional-A,C3,Control,Oxygen control
C3_CGTCAAAAGACCCGCT-1,0.75313985,3.634773,3,Homeostatic-B,C3,Control,Oxygen control
C3_CGTCAAAGTGGAGGTT-1,2.027421,3.938384,3,Homeostatic-B,C3,Control,Oxygen control
C3_CGTCAAATCGGTCTAA-1,10.2221575,2.082072,6,Rare,C3,Control,Oxygen control
C3_CGTCCATTCAAACCTG-1,3.165156,1.7742105,3,Homeostatic-B,C3,Control,Oxygen control
C3_CGTGAATAGCCACTCG-1,1.0527241,-0.757302,4,Homeostatic-C,C3,Control,Oxygen control
C3_CGTGATAAGTGCTACT-1,6.1677184,0.6874346,5,Transitional-B,C3,Control,Oxygen control
C3_CGTGATAGTTAAGGAT-1,4.626323,9.711209,0,Inflammatory,C3,Control,Oxygen control
C3_CGTGATATCCTCAGGG-1,0.74067664,1.756821,1,Transitional-A,C3,Control,Oxygen control
C3_CGTTAGAAGCTACGTT-1,0.2667428,8.90562,0,Inflammatory,C3,Control,Oxygen control
C3_CGTTAGAAGTGGTGGT-1,-0.7094085,4.9350047,1,Transitional-A,C3,Control,Oxygen control
C3_CGTTAGAGTCCGGACT-1,1.3391358,9.817821,0,Inflammatory,C3,Control,Oxygen control
C3_CGTTAGAGTCTGATAC-1,4.5879307,7.001926,2,Homeostatic-A,C3,Control,Oxygen control
C3_CGTTAGATCCATCTCG-1,1.443772,5.2848783,3,Homeostatic-B,C3,Control,Oxygen control
C3_CGTTCTGTCGTCCATC-1,2.819413,4.8476286,2,Homeostatic-A,C3,Control,Oxygen control
C3_CGTTGGGTCAATGCAC-1,1.5229408,5.4848394,2,Homeostatic-A,C3,Control,Oxygen control
C3_CTAACCCAGGCCCGTT-1,2.2241025,0.92435515,4,Homeostatic-C,C3,Control,Oxygen control
C3_CTAAGTGCACATTCTT-1,4.028084,1.470173,3,Homeostatic-B,C3,Control,Oxygen control
C3_CTACAGACATAGCACT-1,2.058505,0.4647514,4,Homeostatic-C,C3,Control,Oxygen control
C3_CTACATTAGGTACAAT-1,6.505014,-1.5206938,5,Transitional-B,C3,Control,Oxygen control
C3_CTACATTGTAAGATTG-1,4.683994,3.0107358,3,Homeostatic-B,C3,Control,Oxygen control
C3_CTACCCAAGCAAATCA-1,-1.1214666,-1.4901013,1,Transitional-A,C3,Control,Oxygen control
C3_CTACCCACAACGGTAG-1,4.255661,-1.7846884,4,Homeostatic-C,C3,Control,Oxygen control
C3_CTACCCAGTTTGCAGT-1,2.8871174,7.0471797,2,Homeostatic-A,C3,Control,Oxygen control
C3_CTACCCATCTTCGGTC-1,3.9893486,1.6537796,3,Homeostatic-B,C3,Control,Oxygen control
C3_CTACCTGGTGCCTACG-1,2.8207638,-1.6313187,4,Homeostatic-C,C3,Control,Oxygen control
C3_CTACGGGTCCGTGGCA-1,1.4866519,-1.5383519,4,Homeostatic-C,C3,Control,Oxygen control
C3_CTACTATCAAATGAAC-1,4.1961565,0.24081907,4,Homeostatic-C,C3,Control,Oxygen control
C3_CTACTATGTACGCGTC-1,4.624686,-0.93196017,4,Homeostatic-C,C3,Control,Oxygen control
C3_CTAGACAAGCATGGGT-1,4.7228003,11.159861,0,Inflammatory,C3,Control,Oxygen control
C3_CTAGGTATCATGGTAC-1,5.1269755,3.6068637,2,Homeostatic-A,C3,Control,Oxygen control
C3_CTATAGGGTGGGTATG-1,4.1225324,0.1565873,4,Homeostatic-C,C3,Control,Oxygen control
C3_CTATCCGCAGACCTGC-1,2.5029125,6.419521,2,Homeostatic-A,C3,Control,Oxygen control
C3_CTATCCGGTTCCGGTG-1,3.4625785,2.6545217,3,Homeostatic-B,C3,Control,Oxygen control
C3_CTATCCGTCGGCGATC-1,0.665672,0.15467405,4,Homeostatic-C,C3,Control,Oxygen control
C3_CTATCTAGTGTGTGGA-1,0.74150246,-2.1913486,4,Homeostatic-C,C3,Control,Oxygen control
C3_CTCAAGATCGCCATAA-1,-1.0544822,0.5408782,1,Transitional-A,C3,Control,Oxygen control
C3_CTCAAGATCGCGGACT-1,0.4608779,-1.9817065,4,Homeostatic-C,C3,Control,Oxygen control
C3_CTCACTGAGCGCGTTC-1,1.0350513,5.456156,3,Homeostatic-B,C3,Control,Oxygen control
C3_CTCACTGCATTGAGCT-1,0.25983414,0.75704825,1,Transitional-A,C3,Control,Oxygen control
C3_CTCAGAACAAACAGGC-1,0.5970461,6.743551,0,Inflammatory,C3,Control,Oxygen control
C3_CTCAGAACACTTCAGA-1,0.47994417,5.0900865,1,Transitional-A,C3,Control,Oxygen control
C3_CTCAGGGAGTCATGAA-1,1.1105641,6.944862,0,Inflammatory,C3,Control,Oxygen control
C3_CTCAGGGGTCGCTTGG-1,3.9166644,12.131276,0,Inflammatory,C3,Control,Oxygen control
C3_CTCAGGGGTTTCCATT-1,0.9099437,2.6640947,1,Transitional-A,C3,Control,Oxygen control
C3_CTCAGGGTCTACCTTA-1,1.8623338,8.129827,0,Inflammatory,C3,Control,Oxygen control
C3_CTCAGTCCATCTAGAC-1,4.0368195,-0.12840399,4,Homeostatic-C,C3,Control,Oxygen control
C3_CTCAGTCGTGATGTAA-1,1.1287324,0.56745005,4,Homeostatic-C,C3,Control,Oxygen control
C3_CTCATTACAAAGCGTG-1,3.206452,2.4272923,3,Homeostatic-B,C3,Control,Oxygen control
C3_CTCATTACAACAAGTA-1,4.88157,4.9422693,2,Homeostatic-A,C3,Control,Oxygen control
C3_CTCATTAGTCCACGCA-1,3.7584147,1.1020614,4,Homeostatic-C,C3,Control,Oxygen control
C3_CTCCAACGTTCTCGCT-1,3.9310446,-2.0488808,4,Homeostatic-C,C3,Control,Oxygen control
C3_CTCCAACTCAGCGTCG-1,2.8916695,3.4327893,3,Homeostatic-B,C3,Control,Oxygen control
C3_CTCCAACTCCAGTGCG-1,3.866851,3.6569571,3,Homeostatic-B,C3,Control,Oxygen control
C3_CTCCACACAGCCTTCT-1,4.846962,0.9802053,3,Homeostatic-B,C3,Control,Oxygen control
C3_CTCCACAGTGGCTGCT-1,-1.6781949,5.47989,1,Transitional-A,C3,Control,Oxygen control
C3_CTCCACATCAAACCTG-1,2.3274417,5.026904,3,Homeostatic-B,C3,Control,Oxygen control
C3_CTCCACATCCTCTCTT-1,4.6802697,-2.2205892,4,Homeostatic-C,C3,Control,Oxygen control
C3_CTCCATGCATGGCTAT-1,-0.07688907,5.720112,0,Inflammatory,C3,Control,Oxygen control
C3_CTCCATGCATTAGGAA-1,3.7359533,3.3203623,3,Homeostatic-B,C3,Control,Oxygen control
C3_CTCCCTCCAAATGGCG-1,3.8624017,7.7211156,2,Homeostatic-A,C3,Control,Oxygen control
C3_CTCCCTCGTCGAGATG-1,2.78747,4.261618,3,Homeostatic-B,C3,Control,Oxygen control
C3_CTCCTCCCAGAAATCA-1,-1.5176282,1.7476958,1,Transitional-A,C3,Control,Oxygen control
C3_CTCCTTTCATGCGTGC-1,-0.0868491,1.1312755,1,Transitional-A,C3,Control,Oxygen control
C3_CTCGAGGTCCGTTTCG-1,5.1131763,-1.0073119,5,Transitional-B,C3,Control,Oxygen control
C3_CTCGAGGTCGGCCTTT-1,-1.0923507,5.6517057,0,Inflammatory,C3,Control,Oxygen control
C3_CTCTCAGGTCTACAAC-1,1.6200466,8.3079815,0,Inflammatory,C3,Control,Oxygen control
C3_CTCTGGTGTTTGATCG-1,-0.92167354,0.18165347,1,Transitional-A,C3,Control,Oxygen control
C3_CTGAATGGTGTGTCCG-1,1.4810565,1.3515457,1,Transitional-A,C3,Control,Oxygen control
C3_CTGAGCGAGGTAGACC-1,2.2788298,7.095702,2,Homeostatic-A,C3,Control,Oxygen control
C3_CTGAGCGGTGAGCCAA-1,1.975836,-0.50153613,4,Homeostatic-C,C3,Control,Oxygen control
C3_CTGAGGCAGTAGTGCG-1,-0.37444696,6.791515,0,Inflammatory,C3,Control,Oxygen control
C3_CTGAGGCCAGTCTCTC-1,-2.038307,-0.9116572,1,Transitional-A,C3,Control,Oxygen control
C3_CTGAGGCTCCGCGAGT-1,-0.20916256,6.4646983,0,Inflammatory,C3,Control,Oxygen control
C3_CTGATCCGTCAACCAT-1,-0.1997603,6.598766,0,Inflammatory,C3,Control,Oxygen control
C3_CTGATCCGTGTAGCAG-1,3.3166573,-1.845529,4,Homeostatic-C,C3,Control,Oxygen control
C3_CTGCAGGAGGTCGTCC-1,4.4122868,-1.524623,4,Homeostatic-C,C3,Control,Oxygen control
C3_CTGCAGGAGGTGATAT-1,0.97265154,-0.82351345,4,Homeostatic-C,C3,Control,Oxygen control
C3_CTGCAGGCAAAGGATT-1,1.9737841,3.4399126,3,Homeostatic-B,C3,Control,Oxygen control
C3_CTGCATCCAGTATACC-1,-0.037922554,7.2408047,0,Inflammatory,C3,Control,Oxygen control
C3_CTGCCATCATCTAGAC-1,1.9468001,4.2088027,3,Homeostatic-B,C3,Control,Oxygen control
C3_CTGCCTAAGACGCCCT-1,0.16817662,5.052584,0,Inflammatory,C3,Control,Oxygen control
C3_CTGCCTACAAGGTTGG-1,0.5650711,-1.1544884,4,Homeostatic-C,C3,Control,Oxygen control
C3_CTGCCTATCGTGGACC-1,-1.1478403,2.40234,1,Transitional-A,C3,Control,Oxygen control
C3_CTGCCTATCTCATGCC-1,-2.947403,2.8574448,1,Transitional-A,C3,Control,Oxygen control
C3_CTGTACCGTCAGGTGA-1,-1.0173892,2.4666438,1,Transitional-A,C3,Control,Oxygen control
C3_CTGTAGACAGGAAGTC-1,6.535536,-1.4318358,5,Transitional-B,C3,Control,Oxygen control
C3_CTGTAGATCCTTATCA-1,0.5877706,1.1615034,1,Transitional-A,C3,Control,Oxygen control
C3_CTGTAGATCCTTGAAG-1,2.3088994,-0.47911373,4,Homeostatic-C,C3,Control,Oxygen control
C3_CTGTATTGTGTATACC-1,-2.3275037,2.2608116,1,Transitional-A,C3,Control,Oxygen control
C3_CTGTGAATCTACTATC-1,4.097178,-0.69636214,4,Homeostatic-C,C3,Control,Oxygen control
C3_CTGTGGGAGCTCAGAG-1,-0.91091603,0.7136181,1,Transitional-A,C3,Control,Oxygen control
C3_CTGTGGGAGTCAATCC-1,2.0290601,4.931877,3,Homeostatic-B,C3,Control,Oxygen control
C3_CTGTGGGCAATCACGT-1,3.1193578,0.0627648,4,Homeostatic-C,C3,Control,Oxygen control
C3_CTGTGGGCATGGGTCC-1,5.540534,4.618618,2,Homeostatic-A,C3,Control,Oxygen control
C3_CTGTGGGGTTGCCATA-1,5.219895,8.27649,2,Homeostatic-A,C3,Control,Oxygen control
C3_CTGTGGGTCTAGTACG-1,2.5020409,2.0166597,3,Homeostatic-B,C3,Control,Oxygen control
C3_CTTACCGCACAAAGCG-1,3.6959734,5.078507,2,Homeostatic-A,C3,Control,Oxygen control
C3_CTTACCGGTTACGTAC-1,2.761003,-1.6254979,4,Homeostatic-C,C3,Control,Oxygen control
C3_CTTAGGAAGTCTAACC-1,3.4432046,9.424657,0,Inflammatory,C3,Control,Oxygen control
C3_CTTAGGACAGGTCAGA-1,3.248164,11.579886,0,Inflammatory,C3,Control,Oxygen control
C3_CTTCAATGTAAGACCG-1,3.4327068,12.3608055,0,Inflammatory,C3,Control,Oxygen control
C3_CTTCCTTAGCCTGACC-1,-0.23465814,5.9193897,0,Inflammatory,C3,Control,Oxygen control
C3_CTTCCTTTCCGTGACG-1,6.715932,-1.1452868,5,Transitional-B,C3,Control,Oxygen control
C3_CTTCTCTCAGAGATTA-1,2.634522,2.5003831,3,Homeostatic-B,C3,Control,Oxygen control
C3_CTTGAGACACTAACGT-1,0.8512834,2.5619004,1,Transitional-A,C3,Control,Oxygen control
C3_CTTGATTGTTCGTTCC-1,2.278913,5.7682385,2,Homeostatic-A,C3,Control,Oxygen control
C3_CTTGATTTCGAGAAGC-1,-0.4798225,4.6899295,1,Transitional-A,C3,Control,Oxygen control
C3_CTTGATTTCTACCCAC-1,2.5085962,9.093592,0,Inflammatory,C3,Control,Oxygen control
C3_GAACGTTGTTAGCGGA-1,4.3971004,9.005842,0,Inflammatory,C3,Control,Oxygen control
C3_GAACTGTCAGGCATGA-1,3.9383774,9.984522,0,Inflammatory,C3,Control,Oxygen control
C3_GAAGCCCGTCAGTCGC-1,-2.510303,-0.4516863,1,Transitional-A,C3,Control,Oxygen control
C3_GAAGCCCTCATGGAGG-1,3.487509,6.4331007,2,Homeostatic-A,C3,Control,Oxygen control
C3_GAAGCCCTCCGTTTCG-1,2.0704618,0.40612686,4,Homeostatic-C,C3,Control,Oxygen control
C3_GAAGCGATCACTACGA-1,3.5840135,2.5390508,3,Homeostatic-B,C3,Control,Oxygen control
C3_GAAGGACCAGGCTCTG-1,-1.9623114,4.3684173,1,Transitional-A,C3,Control,Oxygen control
C3_GAAGGGTTCGCATTAG-1,3.0572238,6.129158,2,Homeostatic-A,C3,Control,Oxygen control
C3_GAAGTAATCTTCGGTC-1,3.3294473,2.8069549,3,Homeostatic-B,C3,Control,Oxygen control
C3_GAATAGAAGCCTTTGA-1,3.001237,0.54443586,4,Homeostatic-C,C3,Control,Oxygen control
C3_GAATAGACAACTCATG-1,2.2010982,-1.1273655,4,Homeostatic-C,C3,Control,Oxygen control
C3_GAATAGACAGGCAATG-1,0.39832595,0.68741167,1,Transitional-A,C3,Control,Oxygen control
C3_GAATAGAGTGAATGTA-1,0.063207224,-0.70516074,4,Homeostatic-C,C3,Control,Oxygen control
C3_GAATAGAGTTTCAGAC-1,5.5759583,1.7717857,3,Homeostatic-B,C3,Control,Oxygen control
C3_GAATCACGTCGACTTA-1,1.9218714,0.95244324,4,Homeostatic-C,C3,Control,Oxygen control
C3_GAATCGTAGTGATAGT-1,5.885978,-1.3244208,5,Transitional-B,C3,Control,Oxygen control
C3_GAATCGTCAACCAGAG-1,0.30312273,3.7456527,1,Transitional-A,C3,Control,Oxygen control
C3_GACACGCCAAGCTACT-1,-0.8509352,0.011107007,1,Transitional-A,C3,Control,Oxygen control
C3_GACACGCCATAGAAAC-1,7.8111963,-1.5798911,5,Transitional-B,C3,Control,Oxygen control
C3_GACAGCCAGGAGCTGT-1,1.7586781,0.011549809,4,Homeostatic-C,C3,Control,Oxygen control
C3_GACAGCCGTGGATTTC-1,3.3557591,4.1353507,3,Homeostatic-B,C3,Control,Oxygen control
C3_GACATCATCCCTCATG-1,2.3489704,3.2712811999999998,3,Homeostatic-B,C3,Control,Oxygen control
C3_GACATCATCGAGCCTG-1,2.5599074,3.57132,3,Homeostatic-B,C3,Control,Oxygen control
C3_GACCAATCATTCTGTT-1,0.4434517,7.682848,0,Inflammatory,C3,Control,Oxygen control
C3_GACCCAGTCAGCGTCG-1,4.518514,-0.71975386,4,Homeostatic-C,C3,Control,Oxygen control
C3_GACCCTTAGTTGTAGA-1,3.216949,1.5284004,3,Homeostatic-B,C3,Control,Oxygen control
C3_GACCCTTCACTCCGAG-1,5.147121,0.7491256,4,Homeostatic-C,C3,Control,Oxygen control
C3_GACCGTGCACGCTGTG-1,1.0285515,1.1655778,1,Transitional-A,C3,Control,Oxygen control
C3_GACCTTCTCCCAATAG-1,3.0491514,9.144646,0,Inflammatory,C3,Control,Oxygen control
C3_GACGCTGGTGCCTGCA-1,5.0343266,10.704131,0,Inflammatory,C3,Control,Oxygen control
C3_GACGCTGTCTTAAGGC-1,5.371289,3.4881039,2,Homeostatic-A,C3,Control,Oxygen control
C3_GACGTTAAGTAAGCAT-1,6.0849137,0.5070012,5,Transitional-B,C3,Control,Oxygen control
C3_GACGTTACACGCAAAG-1,1.580557,-0.976187,4,Homeostatic-C,C3,Control,Oxygen control
C3_GACGTTAGTATACCTG-1,4.7260447,4.5799727,2,Homeostatic-A,C3,Control,Oxygen control
C3_GACGTTATCGGCATTA-1,0.32043403,7.208483,0,Inflammatory,C3,Control,Oxygen control
C3_GACTATGAGTTGCCCG-1,1.575976,-1.1342821,4,Homeostatic-C,C3,Control,Oxygen control
C3_GACTATGGTAGGAGTC-1,5.096952,5.422201,2,Homeostatic-A,C3,Control,Oxygen control
C3_GACTATGTCCTAACAG-1,0.09046914,-0.7540879,4,Homeostatic-C,C3,Control,Oxygen control
C3_GACTCAAGTATACCCA-1,-0.03793241,2.9587438,1,Transitional-A,C3,Control,Oxygen control
C3_GACTCAATCACATTGG-1,4.5818295000000004,10.057135,0,Inflammatory,C3,Control,Oxygen control
C3_GACTGATGTTCGGGTC-1,7.828477,-0.14648148,5,Transitional-B,C3,Control,Oxygen control
C3_GAGAAATAGTGCTAGG-1,4.049444,10.366869,0,Inflammatory,C3,Control,Oxygen control
C3_GAGACCCAGGAATCGC-1,2.8915062,3.527197,3,Homeostatic-B,C3,Control,Oxygen control
C3_GAGAGGTCAGAACGCA-1,2.0858824,3.925744,3,Homeostatic-B,C3,Control,Oxygen control
C3_GAGAGGTGTGATTCTG-1,4.2136683,11.516716,0,Inflammatory,C3,Control,Oxygen control
C3_GAGAGGTTCGACTCCT-1,4.2392583,9.15212,0,Inflammatory,C3,Control,Oxygen control
C3_GAGATGGAGTTTCTTC-1,0.56241316,2.309389,1,Transitional-A,C3,Control,Oxygen control
C3_GAGATGGCATCATGAC-1,6.04769,6.2815003,2,Homeostatic-A,C3,Control,Oxygen control
C3_GAGCCTGAGGGATCAC-1,2.1043272,-1.6285869,4,Homeostatic-C,C3,Control,Oxygen control
C3_GAGCCTGGTTCAACGT-1,3.63557,2.9564447,3,Homeostatic-B,C3,Control,Oxygen control
C3_GAGCCTGTCGCCAACG-1,3.3144367,3.0346656,3,Homeostatic-B,C3,Control,Oxygen control
C3_GAGGCAAGTGGCAACA-1,5.203006,9.636269,0,Inflammatory,C3,Control,Oxygen control
C3_GAGGCAAGTTGCTAGT-1,3.5278497,7.5290513,2,Homeostatic-A,C3,Control,Oxygen control
C3_GAGGCCTAGTGGGAAA-1,10.4840975,2.5159607,6,Rare,C3,Control,Oxygen control
C3_GAGGGATCAGACCATT-1,-1.819571,2.8442647,1,Transitional-A,C3,Control,Oxygen control
C3_GAGGGTAAGGAAAGTG-1,4.2370396,11.400677,0,Inflammatory,C3,Control,Oxygen control
C3_GAGGGTACATTCACAG-1,2.7899137,7.034826,2,Homeostatic-A,C3,Control,Oxygen control
C3_GAGTCATAGGGACTGT-1,4.4126854,6.5969486,2,Homeostatic-A,C3,Control,Oxygen control
C3_GAGTCTATCGAGAAGC-1,2.4132059,0.5741772,4,Homeostatic-C,C3,Control,Oxygen control
C3_GAGTCTATCGGTAACT-1,3.9751976,-1.8788255,4,Homeostatic-C,C3,Control,Oxygen control
C3_GAGTGAGAGTTGGGAC-1,2.3680184,2.889256,3,Homeostatic-B,C3,Control,Oxygen control
C3_GAGTGAGCAGCCATTA-1,6.803126,5.480216,2,Homeostatic-A,C3,Control,Oxygen control
C3_GAGTTGTCAAACAGGC-1,1.3978889,4.068038,3,Homeostatic-B,C3,Control,Oxygen control
C3_GAGTTGTCAGAGGGTT-1,1.5549806,-2.4374394,4,Homeostatic-C,C3,Control,Oxygen control
C3_GAGTTGTTCAATCCAG-1,5.5045767,3.033295,6,Rare,C3,Control,Oxygen control
C3_GAGTTTGTCCAGCAAT-1,4.0231743,2.6954865,3,Homeostatic-B,C3,Control,Oxygen control
C3_GAGTTTGTCCCAGGCA-1,3.863172,-0.44698387,4,Homeostatic-C,C3,Control,Oxygen control
C3_GATAGCTCAATCCTTT-1,3.8297582,7.211928,2,Homeostatic-A,C3,Control,Oxygen control
C3_GATAGCTCACCGGTCA-1,-2.4813142,1.0021334,1,Transitional-A,C3,Control,Oxygen control
C3_GATAGCTGTTACGTAC-1,-0.48598695,-0.0039055538,1,Transitional-A,C3,Control,Oxygen control
C3_GATCAGTAGCCTCAGC-1,2.6060774,10.202403,0,Inflammatory,C3,Control,Oxygen control
C3_GATCAGTAGCGTCAGA-1,6.3204007,4.216911,2,Homeostatic-A,C3,Control,Oxygen control
C3_GATCAGTCACCAGCTG-1,2.7457676,5.310795,2,Homeostatic-A,C3,Control,Oxygen control
C3_GATCAGTGTAGAATGT-1,3.2525756,10.251134,0,Inflammatory,C3,Control,Oxygen control
C3_GATGACTAGCGGCTCT-1,3.5125663,5.7731385,2,Homeostatic-A,C3,Control,Oxygen control
C3_GATGACTTCGTCGGGT-1,6.148575,0.91528434,5,Transitional-B,C3,Control,Oxygen control
C3_GATGAGGAGACCCGCT-1,3.2300584,3.4044309,3,Homeostatic-B,C3,Control,Oxygen control
C3_GATGAGGCAACTTGCA-1,0.8537071,8.415401,0,Inflammatory,C3,Control,Oxygen control
C3_GATGAGGCAATTGCTG-1,1.487288,-2.4564059,4,Homeostatic-C,C3,Control,Oxygen control
C3_GATGATCAGCCGTTAT-1,3.0591452,-2.1513803,4,Homeostatic-C,C3,Control,Oxygen control
C3_GATGCTACACACCTTC-1,0.98851776,8.382117,0,Inflammatory,C3,Control,Oxygen control
C3_GATGCTAGTGTTAACC-1,4.585296,1.1859869,3,Homeostatic-B,C3,Control,Oxygen control
C3_GATGCTATCAAGTAAG-1,3.7239249,7.003452,2,Homeostatic-A,C3,Control,Oxygen control
C3_GATGTTGCATTCTCTA-1,2.7591074,3.132957,3,Homeostatic-B,C3,Control,Oxygen control
C3_GATTCGAAGGAGGCAG-1,3.3870914,3.3428066,3,Homeostatic-B,C3,Control,Oxygen control
C3_GATTCTTAGATACATG-1,3.8075466,-0.5012257,4,Homeostatic-C,C3,Control,Oxygen control
C3_GATTGGTAGTAGGAAG-1,4.3692756,0.8769189,4,Homeostatic-C,C3,Control,Oxygen control
C3_GATTGGTCAGAGAAAG-1,5.7674117,4.2646813,2,Homeostatic-A,C3,Control,Oxygen control
C3_GATTGGTTCTCTCGCA-1,3.795066,-1.6076723,4,Homeostatic-C,C3,Control,Oxygen control
C3_GATTTCTAGGTTCCAT-1,6.7860456,-1.7911737,5,Transitional-B,C3,Control,Oxygen control
C3_GATTTCTAGTCTGCGC-1,4.491532,-1.0576466,4,Homeostatic-C,C3,Control,Oxygen control
C3_GATTTCTGTCCGGCAT-1,4.1798434,-0.74145955,4,Homeostatic-C,C3,Control,Oxygen control
C3_GATTTCTGTGGAGGTT-1,0.46399423,5.8403196,0,Inflammatory,C3,Control,Oxygen control
C3_GCAACATAGTCCCGAC-1,-1.8141003,1.8461245,1,Transitional-A,C3,Control,Oxygen control
C3_GCAACATGTCTGTCAA-1,-1.6994866,6.240971,0,Inflammatory,C3,Control,Oxygen control
C3_GCAACCGAGTAGAATC-1,3.2740378,5.8299274,2,Homeostatic-A,C3,Control,Oxygen control
C3_GCAACCGTCTAAGGAA-1,7.424228,-0.7667537,5,Transitional-B,C3,Control,Oxygen control
C3_GCACATACAGTTACCA-1,1.2285788,3.8192995,3,Homeostatic-B,C3,Control,Oxygen control
C3_GCACATATCGACCATA-1,4.319979,9.016852,2,Homeostatic-A,C3,Control,Oxygen control
C3_GCACATATCTCTGACC-1,4.704392,-0.5758046,5,Transitional-B,C3,Control,Oxygen control
C3_GCACGGTAGTTGAAGT-1,0.20670418,1.9723182,1,Transitional-A,C3,Control,Oxygen control
C3_GCACGGTCACGACGCT-1,0.62340474,9.301179,0,Inflammatory,C3,Control,Oxygen control
C3_GCACGTGAGTCTACCA-1,0.92467815,-1.8195362,4,Homeostatic-C,C3,Control,Oxygen control
C3_GCACTAATCGTCCATC-1,1.7642075,8.461308,0,Inflammatory,C3,Control,Oxygen control
C3_GCAGCCAGTTTCTTAC-1,6.6970744,-1.6331147,5,Transitional-B,C3,Control,Oxygen control
C3_GCAGGCTTCTAGTCAG-1,0.98702884,7.1324544,0,Inflammatory,C3,Control,Oxygen control
C3_GCAGTTAGTCGATTCA-1,0.39135915,0.42129105,1,Transitional-A,C3,Control,Oxygen control
C3_GCATCGGTCCAACTGA-1,5.2043004,3.855436,2,Homeostatic-A,C3,Control,Oxygen control
C3_GCATCTCTCGCGGTAC-1,6.584681,0.69329697,5,Transitional-B,C3,Control,Oxygen control
C3_GCATTAGTCGGATAAA-1,1.2641944,7.1188574,0,Inflammatory,C3,Control,Oxygen control
C3_GCATTAGTCTGGACCG-1,-1.3710966,4.248724,1,Transitional-A,C3,Control,Oxygen control
C3_GCCAGCATCTGACGCG-1,5.9259706,0.5448136,5,Transitional-B,C3,Control,Oxygen control
C3_GCCAGGTCAAGCGAAC-1,3.3004544,7.2096586,2,Homeostatic-A,C3,Control,Oxygen control
C3_GCCAGGTCAGGCGAAT-1,4.159981,7.4020333,2,Homeostatic-A,C3,Control,Oxygen control
C3_GCCAGTGGTGATCATC-1,0.8000152,6.239985,0,Inflammatory,C3,Control,Oxygen control
C3_GCCAGTGTCACTCGAA-1,0.21298796,0.8368263,1,Transitional-A,C3,Control,Oxygen control
C3_GCCAGTGTCTATTTCG-1,2.599122,-0.961169,4,Homeostatic-C,C3,Control,Oxygen control
C3_GCCATGGCAGTTCACA-1,-0.56120455,5.418665,0,Inflammatory,C3,Control,Oxygen control
C3_GCCATGGTCCATTGCC-1,1.0154499,3.099619,3,Homeostatic-B,C3,Control,Oxygen control
C3_GCCATTCCACGGTGAA-1,7.2361054,3.52769,2,Homeostatic-A,C3,Control,Oxygen control
C3_GCCATTCCATTCAGGT-1,1.6883285,1.2024032,4,Homeostatic-C,C3,Control,Oxygen control
C3_GCCATTCTCGTGAGAG-1,-0.6895743,7.066427,0,Inflammatory,C3,Control,Oxygen control
C3_GCCCAGAGTACCTGTA-1,6.267617,-0.778226,5,Transitional-B,C3,Control,Oxygen control
C3_GCCCAGAGTTGGGACA-1,7.9778676,-0.06466911,5,Transitional-B,C3,Control,Oxygen control
C3_GCCGATGCACTTTATC-1,-1.2544103,4.3514547,1,Transitional-A,C3,Control,Oxygen control
C3_GCCGTGATCCCTCTCC-1,6.4283385,-1.0847182,5,Transitional-B,C3,Control,Oxygen control
C3_GCCTGTTGTTCGAAGG-1,8.399198,-0.9769408,5,Transitional-B,C3,Control,Oxygen control
C3_GCGATCGAGTGGTTAA-1,1.2615182,2.400596,1,Transitional-A,C3,Control,Oxygen control
C3_GCGATCGCATTCACAG-1,2.2810416,9.591538,0,Inflammatory,C3,Control,Oxygen control
C3_GCGGATCGTGCATTTG-1,4.5147977,5.2900653,2,Homeostatic-A,C3,Control,Oxygen control
C3_GCGTTTCGTAGTCGTT-1,2.8941243,7.1156206,0,Inflammatory,C3,Control,Oxygen control
C3_GCTACCTAGAGGCGTT-1,4.7662187,0.2913349,4,Homeostatic-C,C3,Control,Oxygen control
C3_GCTACCTAGGGAGGGT-1,0.06995655,5.491202,0,Inflammatory,C3,Control,Oxygen control
C3_GCTCAAAGTTTACCTT-1,1.8680203,1.8275697,3,Homeostatic-B,C3,Control,Oxygen control
C3_GCTGAATAGAAGGATG-1,-0.5242354,3.7728865,1,Transitional-A,C3,Control,Oxygen control
C3_GCTGGGTGTCGTGGTC-1,2.0042512,-2.4947705,4,Homeostatic-C,C3,Control,Oxygen control
C3_GCTTCACCACACCAGC-1,1.7637886,-1.4033132,4,Homeostatic-C,C3,Control,Oxygen control
C3_GCTTCACGTCCCTGAG-1,3.3716094,-0.8124897,4,Homeostatic-C,C3,Control,Oxygen control
C3_GCTTCACGTTAGGAGC-1,-1.3014275,0.12734821,1,Transitional-A,C3,Control,Oxygen control
C3_GCTTGGGCACCAAATC-1,6.544483,2.9887857,2,Homeostatic-A,C3,Control,Oxygen control
C3_GCTTGGGGTGAGCGAT-1,5.717219,1.5106771,5,Transitional-B,C3,Control,Oxygen control
C3_GCTTGGGTCACCCTCA-1,7.764275,-1.0731595,5,Transitional-B,C3,Control,Oxygen control
C3_GCTTTCGAGAGTTGAT-1,4.1126423,7.0060744,2,Homeostatic-A,C3,Control,Oxygen control
C3_GCTTTCGAGTTGCCTA-1,1.9799544,4.5559998,3,Homeostatic-B,C3,Control,Oxygen control
C3_GCTTTCGCAAAGGAGA-1,1.1640549,7.9394383,0,Inflammatory,C3,Control,Oxygen control
C3_GCTTTCGGTGTTCCAA-1,5.875472,-0.14142573,5,Transitional-B,C3,Control,Oxygen control
C3_GGAACCCGTCTCAGAT-1,-0.5193589,6.0172963,0,Inflammatory,C3,Control,Oxygen control
C3_GGAGATGAGATGGTCG-1,3.8457127,8.959425,0,Inflammatory,C3,Control,Oxygen control
C3_GGAGATGGTGTTCCAA-1,-0.5334248,0.36354345,1,Transitional-A,C3,Control,Oxygen control
C3_GGAGATGTCCTACTGC-1,2.701431,-1.7246464,4,Homeostatic-C,C3,Control,Oxygen control
C3_GGAGGATAGAGGCTGT-1,2.2873063,1.5689975,3,Homeostatic-B,C3,Control,Oxygen control
C3_GGATCTACACTAACGT-1,3.0906994,3.9675972,3,Homeostatic-B,C3,Control,Oxygen control
C3_GGATCTAGTAACCAGG-1,2.8744266,2.6643457,3,Homeostatic-B,C3,Control,Oxygen control
C3_GGATCTAGTAGACAAT-1,4.8812475,1.5647557,3,Homeostatic-B,C3,Control,Oxygen control
C3_GGATGTTAGAGTTCGG-1,7.0007234,5.300467,2,Homeostatic-A,C3,Control,Oxygen control
C3_GGCACGTCATGCCGGT-1,0.2895551,1.3789409,1,Transitional-A,C3,Control,Oxygen control
C3_GGCACGTGTCACGCTG-1,5.147569,4.2877016,2,Homeostatic-A,C3,Control,Oxygen control
C3_GGCACGTTCACATCAG-1,0.26894143,-1.9201386,4,Homeostatic-C,C3,Control,Oxygen control
C3_GGCGTCAAGCTCATAC-1,-0.009498531,7.8784246,0,Inflammatory,C3,Control,Oxygen control
C3_GGCTTGGAGCATTGAA-1,0.2539784,2.0124288,1,Transitional-A,C3,Control,Oxygen control
C3_GGCTTGGGTTGTAAAG-1,5.94316,-0.37398577,5,Transitional-B,C3,Control,Oxygen control
C3_GGCTTTCAGCTAGTTC-1,3.4051778,7.1807594,2,Homeostatic-A,C3,Control,Oxygen control
C3_GGCTTTCCAACCTAAC-1,3.9566228,2.5356784,3,Homeostatic-B,C3,Control,Oxygen control
C3_GGCTTTCGTTGTTGAC-1,10.415206,2.4290051,6,Rare,C3,Control,Oxygen control
C3_GGGACAATCCGTATGA-1,-0.8450001,1.2655054,1,Transitional-A,C3,Control,Oxygen control
C3_GGGACCTAGTCATAGA-1,3.1424625,4.5306334,3,Homeostatic-B,C3,Control,Oxygen control
C3_GGGACCTCAGAGCGTA-1,-0.20915692,-0.9210892,4,Homeostatic-C,C3,Control,Oxygen control
C3_GGGACTCGTCCTTTGC-1,0.890818,9.76764,0,Inflammatory,C3,Control,Oxygen control
C3_GGGAGATAGGGACACT-1,0.95300865,3.3736281,3,Homeostatic-B,C3,Control,Oxygen control
C3_GGGAGATCAAGAGTAT-1,4.982679,-0.47628626,5,Transitional-B,C3,Control,Oxygen control
C3_GGGAGATCACATGAAA-1,2.055183,-1.1845473,4,Homeostatic-C,C3,Control,Oxygen control
C3_GGGAGATGTCACTCAA-1,2.5819366,-0.29764885,4,Homeostatic-C,C3,Control,Oxygen control
C3_GGGAGATGTGAAGCTG-1,5.742841,-1.5368341,5,Transitional-B,C3,Control,Oxygen control
C3_GGGAGTACATCGAAGG-1,0.8882985,6.509611,0,Inflammatory,C3,Control,Oxygen control
C3_GGGATCCAGTGGACTG-1,4.1122694,7.183463,2,Homeostatic-A,C3,Control,Oxygen control
C3_GGGATCCGTGGCCTCA-1,7.0570865,-0.95895946,5,Transitional-B,C3,Control,Oxygen control
C3_GGGATCCTCCTACTGC-1,0.49284667,7.084226,0,Inflammatory,C3,Control,Oxygen control
C3_GGGATCCTCGGTGTTA-1,3.0419648,3.4728508,3,Homeostatic-B,C3,Control,Oxygen control
C3_GGGATGAAGACCCTTA-1,3.1641989,10.307796,0,Inflammatory,C3,Control,Oxygen control
C3_GGGATGAAGGTCTACT-1,1.824144,4.8309026,3,Homeostatic-B,C3,Control,Oxygen control
C3_GGGATGATCCGTTTCG-1,-0.4376971,-1.4139868,4,Homeostatic-C,C3,Control,Oxygen control
C3_GGGATGATCTAGATCG-1,5.643615,-0.5996495,5,Transitional-B,C3,Control,Oxygen control
C3_GGGCCATAGCTATCCA-1,3.3377056,3.0636904,3,Homeostatic-B,C3,Control,Oxygen control
C3_GGGCCATAGCTCACTA-1,-0.042456288,5.1291842,1,Transitional-A,C3,Control,Oxygen control
C3_GGGCGTTAGAGAGTGA-1,3.405621,3.9997053,3,Homeostatic-B,C3,Control,Oxygen control
C3_GGGCGTTAGTAGGTTA-1,2.1308372,-0.57967216,4,Homeostatic-C,C3,Control,Oxygen control
C3_GGGCGTTTCACACGAT-1,1.282983,0.51078194,4,Homeostatic-C,C3,Control,Oxygen control
C3_GGGCTACCATAGGTTC-1,4.718037,6.935365,2,Homeostatic-A,C3,Control,Oxygen control
C3_GGGCTACCATCACCAA-1,4.8428984,6.4884953,2,Homeostatic-A,C3,Control,Oxygen control
C3_GGGCTACCATCGGAGA-1,0.018945482,-0.27178675,4,Homeostatic-C,C3,Control,Oxygen control
C3_GGGCTACTCCTCTCGA-1,2.2290044,0.63576335,4,Homeostatic-C,C3,Control,Oxygen control
C3_GGGTCACCAGAGGCAT-1,-0.67798555,3.0998693,1,Transitional-A,C3,Control,Oxygen control
C3_GGGTCACGTCTAATCG-1,1.118341,-0.23330313,4,Homeostatic-C,C3,Control,Oxygen control
C3_GGGTCTGGTGTTGATC-1,5.3953686,8.089354,2,Homeostatic-A,C3,Control,Oxygen control
C3_GGGTCTGGTTGACGGA-1,4.2555437,4.269245,2,Homeostatic-A,C3,Control,Oxygen control
C3_GGGTGAAAGGAGGCAG-1,3.4835775,5.3146677,2,Homeostatic-A,C3,Control,Oxygen control
C3_GGGTGAACAGAGGGTT-1,3.7591038,6.9910154,2,Homeostatic-A,C3,Control,Oxygen control
C3_GGGTGAACATAGACTC-1,4.427703,5.073973,2,Homeostatic-A,C3,Control,Oxygen control
C3_GGGTGTCCATCGGATT-1,4.0512023,4.2806125,2,Homeostatic-A,C3,Control,Oxygen control
C3_GGGTGTCCATGGCACC-1,4.239891,1.9431144,3,Homeostatic-B,C3,Control,Oxygen control
C3_GGGTTATCAGACCTGC-1,5.1230955,4.8912497,2,Homeostatic-A,C3,Control,Oxygen control
C3_GGGTTATTCCAATCCC-1,2.6282477,12.17824,0,Inflammatory,C3,Control,Oxygen control
C3_GGGTTTACAGCGACAA-1,8.001508,-1.0719969,5,Transitional-B,C3,Control,Oxygen control
C3_GGTAACTTCTGCAGCG-1,6.297746,2.0229945,5,Transitional-B,C3,Control,Oxygen control
C3_GGTAATCGTGTGTTTG-1,0.5015923,-0.05840038,4,Homeostatic-C,C3,Control,Oxygen control
C3_GGTAATCTCTGGAGAG-1,0.92863643,2.711754,1,Transitional-A,C3,Control,Oxygen control
C3_GGTAGAGAGCTTAAGA-1,2.3282776,-1.8042485,4,Homeostatic-C,C3,Control,Oxygen control
C3_GGTCACGAGCGCGTTC-1,6.245626,-1.6329403,5,Transitional-B,C3,Control,Oxygen control
C3_GGTCACGCATGAATAG-1,-1.3431242,7.221586,0,Inflammatory,C3,Control,Oxygen control
C3_GGTCTGGCACGACGCT-1,1.3256258,5.7173705,0,Inflammatory,C3,Control,Oxygen control
C3_GGTGAAGGTACACGCC-1,-1.2585721,1.8926604,1,Transitional-A,C3,Control,Oxygen control
C3_GGTGAAGGTTAAGCAA-1,4.8312454,3.1018507,3,Homeostatic-B,C3,Control,Oxygen control
C3_GGTGATTGTACCGTCG-1,3.0530214,4.796645,3,Homeostatic-B,C3,Control,Oxygen control
C3_GGTGATTTCCAACACA-1,5.581954,1.587518,3,Homeostatic-B,C3,Control,Oxygen control
C3_GGTGATTTCTACTGAG-1,2.2678783,4.0090594,3,Homeostatic-B,C3,Control,Oxygen control
C3_GGTGGCTGTACTTGTG-1,6.676536,-1.9578263,5,Transitional-B,C3,Control,Oxygen control
C3_GGTGTCGAGGTTGGTG-1,4.8467536,0.5367679,4,Homeostatic-C,C3,Control,Oxygen control
C3_GGTGTCGCAGACCTGC-1,2.435459,4.5895653,3,Homeostatic-B,C3,Control,Oxygen control
C3_GGTGTCGGTTATGACC-1,-0.0713272,2.0308113,1,Transitional-A,C3,Control,Oxygen control
C3_GGTGTCGTCGGCACTG-1,2.336622,1.8873425,3,Homeostatic-B,C3,Control,Oxygen control
C3_GGTGTTAGTTCACCGG-1,0.9819544,1.0863967,1,Transitional-A,C3,Control,Oxygen control
C3_GGTTAACAGTTGCGAG-1,1.4849284,7.581988,0,Inflammatory,C3,Control,Oxygen control
C3_GGTTAACCATTAAAGG-1,-1.9761913,2.950034,1,Transitional-A,C3,Control,Oxygen control
C3_GGTTAACTCCACTGAA-1,1.4610322,1.7567785,3,Homeostatic-B,C3,Control,Oxygen control
C3_GGTTAACTCGTTGTAG-1,1.9693483,-2.1733875,4,Homeostatic-C,C3,Control,Oxygen control
C3_GGTTAACTCTAGACCA-1,6.927979,-0.8950129,5,Transitional-B,C3,Control,Oxygen control
C3_GTAACACAGGACTGGT-1,4.7143106,-1.5949293,4,Homeostatic-C,C3,Control,Oxygen control
C3_GTAACACGTTTAAGGA-1,3.7220423,9.270013,0,Inflammatory,C3,Control,Oxygen control
C3_GTAAGTCGTTGCATCA-1,1.6371275,-0.19371535,4,Homeostatic-C,C3,Control,Oxygen control
C3_GTAATCGCAATCCAGT-1,3.0643985,4.0766115,3,Homeostatic-B,C3,Control,Oxygen control
C3_GTAATGCAGGTAGCCA-1,4.9536185,5.5521307,2,Homeostatic-A,C3,Control,Oxygen control
C3_GTACAACAGGAGGGTG-1,-1.7397298,2.2048802,1,Transitional-A,C3,Control,Oxygen control
C3_GTACAACCAGTATACC-1,-0.38709858,2.994076,1,Transitional-A,C3,Control,Oxygen control
C3_GTACAACGTGAGCCAA-1,-0.12438878,0.59698325,1,Transitional-A,C3,Control,Oxygen control
C3_GTACAGTAGGCTCCCA-1,7.2224803,-1.4332393,5,Transitional-B,C3,Control,Oxygen control
C3_GTAGAGGAGATGTTCC-1,4.0312295,5.0954914,2,Homeostatic-A,C3,Control,Oxygen control
C3_GTAGAGGTCTTAGCTT-1,-1.8198282,2.4120944,1,Transitional-A,C3,Control,Oxygen control
C3_GTAGATCCACTCGATA-1,5.4356775,3.471226,2,Homeostatic-A,C3,Control,Oxygen control
C3_GTAGATCGTTCAAGTC-1,-1.4753519,5.7196655,0,Inflammatory,C3,Control,Oxygen control
C3_GTAGATCTCATTCCTA-1,4.922448,9.129913,0,Inflammatory,C3,Control,Oxygen control
C3_GTAGCTACAAAGTATG-1,3.7569795,9.434427,0,Inflammatory,C3,Control,Oxygen control
C3_GTAGCTACAACGGCCT-1,7.7699676,-1.0098478,5,Transitional-B,C3,Control,Oxygen control
C3_GTAGCTATCGGAGTGA-1,7.089796,2.2393935,6,Rare,C3,Control,Oxygen control
C3_GTAGGTTTCGAACCAT-1,2.597536,-1.9903156,4,Homeostatic-C,C3,Control,Oxygen control
C3_GTAGTACTCTGGGCAC-1,2.9053097,8.628771,0,Inflammatory,C3,Control,Oxygen control
C3_GTATTGGCAACCCGCA-1,6.1648564,0.6631379,5,Transitional-B,C3,Control,Oxygen control
C3_GTATTGGTCCCGTTCA-1,1.4564337,7.207151,0,Inflammatory,C3,Control,Oxygen control
C3_GTCAAACGTGCTGCAC-1,7.191888,-0.102195956,5,Transitional-B,C3,Control,Oxygen control
C3_GTCAAACTCTTCGACC-1,-0.5832454,-0.8939467,1,Transitional-A,C3,Control,Oxygen control
C3_GTCAAGTAGACATAAC-1,5.343692,10.442129,0,Inflammatory,C3,Control,Oxygen control
C3_GTCAAGTAGGAGAATG-1,2.4616585,2.9980567,3,Homeostatic-B,C3,Control,Oxygen control
C3_GTCAAGTTCTGTGCTC-1,6.9170895,-1.7334015,5,Transitional-B,C3,Control,Oxygen control
C3_GTCACGGTCTTGTTAC-1,5.5448728,3.1900191,2,Homeostatic-A,C3,Control,Oxygen control
C3_GTCACTCAGGCGTTAG-1,6.233461,-1.6699003,5,Transitional-B,C3,Control,Oxygen control
C3_GTCACTCCAACCAGAG-1,4.1617494,-1.0891436,4,Homeostatic-C,C3,Control,Oxygen control
C3_GTCACTCCAGCACCCA-1,6.3366485,-1.7946091,5,Transitional-B,C3,Control,Oxygen control
C3_GTCACTCCATCCGCGA-1,-1.8444763,3.177808,1,Transitional-A,C3,Control,Oxygen control
C3_GTCACTCGTGAATAAC-1,3.3347967,5.182087,2,Homeostatic-A,C3,Control,Oxygen control
C3_GTCATCCAGGTTGGTG-1,4.639,0.94495654,4,Homeostatic-C,C3,Control,Oxygen control
C3_GTCATCCGTAGCTGAG-1,4.556067,12.5513315,0,Inflammatory,C3,Control,Oxygen control
C3_GTCATTTCATTGCCTC-1,7.3368597,0.42858064,5,Transitional-B,C3,Control,Oxygen control
C3_GTCCACTCACGGCCAT-1,5.8899493,3.4099724,2,Homeostatic-A,C3,Control,Oxygen control
C3_GTCCCATCAAGCGCTC-1,0.09773285,0.22409016,1,Transitional-A,C3,Control,Oxygen control
C3_GTCCCATGTACTCGTA-1,-1.8109602,3.3470242,1,Transitional-A,C3,Control,Oxygen control
C3_GTCCTCAAGAATTGCA-1,5.8420057,0.13335739,5,Transitional-B,C3,Control,Oxygen control
C3_GTCCTCAAGGTATAGT-1,5.9281917,4.3083525,2,Homeostatic-A,C3,Control,Oxygen control
C3_GTCCTCAAGGTTACAA-1,3.9141746,2.9856937,3,Homeostatic-B,C3,Control,Oxygen control
C3_GTCCTCAGTGTGAATA-1,6.8382154,-1.0670167,5,Transitional-B,C3,Control,Oxygen control
C3_GTCCTCATCTGGTGGC-1,3.9124823,0.32833862,4,Homeostatic-C,C3,Control,Oxygen control
C3_GTCCTCATCTGTAAGC-1,1.1408336,6.6847816,0,Inflammatory,C3,Control,Oxygen control
C3_GTCGAATGTTTAGAGA-1,4.7761374,5.117387,2,Homeostatic-A,C3,Control,Oxygen control
C3_GTCGCGATCTTCTGTA-1,3.5878453,2.9511945,3,Homeostatic-B,C3,Control,Oxygen control
C3_GTCGTTCAGCGGCTCT-1,7.2023234,-0.5188621,5,Transitional-B,C3,Control,Oxygen control
C3_GTCTCACCACCTCTAC-1,2.9387145,10.271709,0,Inflammatory,C3,Control,Oxygen control
C3_GTCTCACTCTGCATGA-1,4.9128895,4.869711,2,Homeostatic-A,C3,Control,Oxygen control
C3_GTCTTTAGTCGAACAG-1,-0.97363424,0.15856194,1,Transitional-A,C3,Control,Oxygen control
C3_GTCTTTATCCGGCAAC-1,-0.399673,5.770845,0,Inflammatory,C3,Control,Oxygen control
C3_GTGACGCTCAACTACG-1,-0.8936295,4.8401318,1,Transitional-A,C3,Control,Oxygen control
C3_GTGACGCTCATAGAGA-1,5.321285,1.8978406,3,Homeostatic-B,C3,Control,Oxygen control
C3_GTGAGCCAGCTCTATG-1,2.2236805,11.026395,0,Inflammatory,C3,Control,Oxygen control
C3_GTGAGGAAGACAACTA-1,3.410116,2.1444094,3,Homeostatic-B,C3,Control,Oxygen control
C3_GTGAGGATCTCTTAAC-1,-1.7188369,6.2240644,0,Inflammatory,C3,Control,Oxygen control
C3_GTGAGTTAGTTTCAGC-1,4.1608353,0.45456225,4,Homeostatic-C,C3,Control,Oxygen control
C3_GTGATGTCAAGCTACT-1,4.876786,4.3375325,2,Homeostatic-A,C3,Control,Oxygen control
C3_GTGCACGAGAGTCTGG-1,1.6343074,7.2180495,0,Inflammatory,C3,Control,Oxygen control
C3_GTGCACGCAATCCTAG-1,8.253301,-0.567547,5,Transitional-B,C3,Control,Oxygen control
C3_GTGCAGCTCGTTACCC-1,2.627224,5.248246,3,Homeostatic-B,C3,Control,Oxygen control
C3_GTGCGTGCAGGTGAGT-1,-0.85844606,0.14047205,1,Transitional-A,C3,Control,Oxygen control
C3_GTGCGTGGTTACTCAG-1,4.521005,5.618226,2,Homeostatic-A,C3,Control,Oxygen control
C3_GTGGAAGTCTAGAGCT-1,0.43287703,5.0459194,1,Transitional-A,C3,Control,Oxygen control
C3_GTGGAAGTCTATCACT-1,1.0398096,1.1821355,1,Transitional-A,C3,Control,Oxygen control
C3_GTGGAGAAGCAAATCA-1,5.1355305,2.130977,3,Homeostatic-B,C3,Control,Oxygen control
C3_GTGGAGATCTTGGAAC-1,1.3620763,7.6813903,0,Inflammatory,C3,Control,Oxygen control
C3_GTGGGAACAGACAAAT-1,-2.2912157,2.8902397,1,Transitional-A,C3,Control,Oxygen control
C3_GTGGTTAAGTTGTAAG-1,1.2908331,4.790957,3,Homeostatic-B,C3,Control,Oxygen control
C3_GTGGTTACAGCGCGTT-1,4.683582,6.312408,2,Homeostatic-A,C3,Control,Oxygen control
C3_GTGTAACCAAGCTACT-1,2.7774258,4.868707,3,Homeostatic-B,C3,Control,Oxygen control
C3_GTGTCCTAGCCTAACT-1,5.2284393,5.4708433,2,Homeostatic-A,C3,Control,Oxygen control
C3_GTGTCCTAGTACTGGG-1,3.3845341,6.6526427,2,Homeostatic-A,C3,Control,Oxygen control
C3_GTGTGATGTCTCAGGC-1,4.421695,4.2785134,2,Homeostatic-A,C3,Control,Oxygen control
C3_GTGTGGCAGGGAGGAC-1,2.8193526,7.0123267,2,Homeostatic-A,C3,Control,Oxygen control
C3_GTGTGGCCACGGTGCT-1,5.883503,-1.6648949,5,Transitional-B,C3,Control,Oxygen control
C3_GTGTGGCCAGAGACTG-1,2.5142486,8.523007,0,Inflammatory,C3,Control,Oxygen control
C3_GTGTGGCGTATGCTTG-1,2.6292837,1.1771544,3,Homeostatic-B,C3,Control,Oxygen control
C3_GTGTGGCTCCTGTAAG-1,3.5855722,1.6917803,3,Homeostatic-B,C3,Control,Oxygen control
C3_GTGTGGCTCGTCTACC-1,4.9365664,7.003482,2,Homeostatic-A,C3,Control,Oxygen control
C3_GTTACAGCATCAGCAT-1,1.4511447,8.727049,0,Inflammatory,C3,Control,Oxygen control
C3_GTTACCCAGTCACTCA-1,3.9908285,5.69453,2,Homeostatic-A,C3,Control,Oxygen control
C3_GTTACCCTCCTACTGC-1,4.575417,5.3293686,2,Homeostatic-A,C3,Control,Oxygen control
C3_GTTACGAGTTTACTGG-1,-0.43443367,3.9991617,1,Transitional-A,C3,Control,Oxygen control
C3_GTTACGATCTGCGATA-1,-1.1372129,4.8439894,1,Transitional-A,C3,Control,Oxygen control
C3_GTTCATTCATCGATGT-1,0.4124255,1.6917835,1,Transitional-A,C3,Control,Oxygen control
C3_GTTCGCTAGAGCTTTC-1,10.225553,2.3779314,6,Rare,C3,Control,Oxygen control
C3_GTTCTATAGTGCACAG-1,3.157683,3.9473736,3,Homeostatic-B,C3,Control,Oxygen control
C3_GTTCTATCAATCGCAT-1,2.0622258,4.1323023,3,Homeostatic-B,C3,Control,Oxygen control
C3_GTTGAACAGCCGATAG-1,3.7259455,2.2022061,3,Homeostatic-B,C3,Control,Oxygen control
C3_GTTGAACGTATGCGGA-1,0.17940377,-1.599318,4,Homeostatic-C,C3,Control,Oxygen control
C3_GTTGCGGAGGCGCTTC-1,1.551903,-1.8233217,4,Homeostatic-C,C3,Control,Oxygen control
C3_GTTGCGGCAGACCTAT-1,1.672853,4.647595,3,Homeostatic-B,C3,Control,Oxygen control
C3_GTTGCGGGTCGCTGCA-1,6.4870334,-1.0197272,5,Transitional-B,C3,Control,Oxygen control
C3_GTTGTCCGTCCCGTGA-1,1.1835321,-0.44935557,4,Homeostatic-C,C3,Control,Oxygen control
C3_GTTGTGAGTCATCTAG-1,3.536597,11.299934,0,Inflammatory,C3,Control,Oxygen control
C3_GTTTACTGTCTAACTG-1,1.9745761,5.571941,2,Homeostatic-A,C3,Control,Oxygen control
C3_TAACACGCACTATCGA-1,6.3685894,4.0043607,2,Homeostatic-A,C3,Control,Oxygen control
C3_TAACACGTCACTCGAA-1,6.4113398,6.277384,2,Homeostatic-A,C3,Control,Oxygen control
C3_TAACACGTCCTTTAGT-1,-0.3121072,4.836134,1,Transitional-A,C3,Control,Oxygen control
C3_TAACCAGGTTCCTAGA-1,6.006866,0.66640157,5,Transitional-B,C3,Control,Oxygen control
C3_TAACGACCAAATTAGG-1,2.9823186,1.602105,3,Homeostatic-B,C3,Control,Oxygen control
C3_TAACGACCAACAACAA-1,1.6301985,7.731114,0,Inflammatory,C3,Control,Oxygen control
C3_TAACTTCAGATAACAC-1,0.24376242,-1.6789569,4,Homeostatic-C,C3,Control,Oxygen control
C3_TAACTTCCAGAAACCG-1,-1.0896745,6.885908,0,Inflammatory,C3,Control,Oxygen control
C3_TAAGCACTCAATCTCT-1,1.362112,-1.8789389,4,Homeostatic-C,C3,Control,Oxygen control
C3_TAAGCACTCATCACCC-1,2.358299,7.8008304,2,Homeostatic-A,C3,Control,Oxygen control
C3_TAAGTCGGTGCGAGTA-1,2.4733968,7.835087,0,Inflammatory,C3,Control,Oxygen control
C3_TAATCTCCAACCACGC-1,2.828298,2.3946857,3,Homeostatic-B,C3,Control,Oxygen control
C3_TAATTCCGTCTGTAGT-1,1.5722185,7.7509522,0,Inflammatory,C3,Control,Oxygen control
C3_TACAACGCAGGTCTCG-1,2.7705245,4.6754484,3,Homeostatic-B,C3,Control,Oxygen control
C3_TACACCCCAATCTCTT-1,1.9170724,4.9142823,3,Homeostatic-B,C3,Control,Oxygen control
C3_TACAGGTTCGACCCAG-1,0.56932664,4.380011,3,Homeostatic-B,C3,Control,Oxygen control
C3_TACATTCTCATTACTC-1,3.7994392,2.33169,3,Homeostatic-B,C3,Control,Oxygen control
C3_TACCCACGTTGCCTAA-1,7.7484446,-0.416803,5,Transitional-B,C3,Control,Oxygen control
C3_TACCCACTCAGACAAA-1,0.1455228,8.05453,0,Inflammatory,C3,Control,Oxygen control
C3_TACCCGTCAGTTGTTG-1,3.4785612,6.226826,2,Homeostatic-A,C3,Control,Oxygen control
C3_TACCCGTGTCGTGGTC-1,0.57966423,3.7024646,3,Homeostatic-B,C3,Control,Oxygen control
C3_TACCCGTTCATGCATG-1,-2.9107857,2.6956975,1,Transitional-A,C3,Control,Oxygen control
C3_TACCGAAAGTAGTCTC-1,3.0582821,-1.449597,4,Homeostatic-C,C3,Control,Oxygen control
C3_TACCGAATCTCGTCGT-1,5.506905,0.405257,5,Transitional-B,C3,Control,Oxygen control
C3_TACCTGCTCTGGCTGG-1,-1.7690951,3.4774187,1,Transitional-A,C3,Control,Oxygen control
C3_TACGGGCTCACGTCCT-1,4.129938,-1.141948,4,Homeostatic-C,C3,Control,Oxygen control
C3_TACGGTACATAATCGC-1,6.0260983,1.8291819,5,Transitional-B,C3,Control,Oxygen control
C3_TACGTCCAGTTTGTCG-1,2.142602,0.45119077,4,Homeostatic-C,C3,Control,Oxygen control
C3_TACGTCCGTCATATGC-1,-1.5137001,2.8301518,1,Transitional-A,C3,Control,Oxygen control
C3_TACGTCCGTCCCTCAT-1,-1.0801932,3.7744856,1,Transitional-A,C3,Control,Oxygen control
C3_TACGTCCGTGTGTGTT-1,2.0253055,0.31699812,4,Homeostatic-C,C3,Control,Oxygen control
C3_TACGTCCTCATTCTTG-1,0.16851719,3.1019886,1,Transitional-A,C3,Control,Oxygen control
C3_TACTGCCAGAAGAACG-1,6.1395755,5.191757,2,Homeostatic-A,C3,Control,Oxygen control
C3_TACTGCCCATGCCGAC-1,3.3007658,3.0990944,3,Homeostatic-B,C3,Control,Oxygen control
C3_TACTTACAGGATCACG-1,-0.97840524,-0.5508026,1,Transitional-A,C3,Control,Oxygen control
C3_TACTTACCATGTTCAG-1,5.0284667,2.8672853,3,Homeostatic-B,C3,Control,Oxygen control
C3_TACTTCACAGGCATTT-1,2.2858615,-1.9539688,4,Homeostatic-C,C3,Control,Oxygen control
C3_TACTTCAGTTGGGTTT-1,2.2349217,6.030113,2,Homeostatic-A,C3,Control,Oxygen control
C3_TACTTGTTCCATCTGC-1,6.6628323,0.24315436000000001,5,Transitional-B,C3,Control,Oxygen control
C3_TAGACCAAGGTAAACT-1,4.8796425,3.794034,2,Homeostatic-A,C3,Control,Oxygen control
C3_TAGACCAGTAGCTGAG-1,-0.9932052,0.5159477,1,Transitional-A,C3,Control,Oxygen control
C3_TAGACTGCAAAGGCGT-1,4.2170405,-0.45017743,4,Homeostatic-C,C3,Control,Oxygen control
C3_TAGACTGTCAGAACCT-1,2.7619474,6.320916,2,Homeostatic-A,C3,Control,Oxygen control
C3_TAGAGTCAGAATAGTC-1,3.1638725,3.2626348,3,Homeostatic-B,C3,Control,Oxygen control
C3_TAGAGTCCACGACAAG-1,2.1812234,11.645458,0,Inflammatory,C3,Control,Oxygen control
C3_TAGAGTCTCCACACAA-1,3.441227,2.7561605,3,Homeostatic-B,C3,Control,Oxygen control
C3_TAGCACAAGACATACA-1,3.980859,3.9683237,3,Homeostatic-B,C3,Control,Oxygen control
C3_TAGCACACACTTCTCG-1,4.5363426,0.6597098,4,Homeostatic-C,C3,Control,Oxygen control
C3_TAGCACAGTCAAATCC-1,-0.39929458,-1.6351646,1,Transitional-A,C3,Control,Oxygen control
C3_TAGGAGGGTTGTGTTG-1,2.2087548,-1.8270724,4,Homeostatic-C,C3,Control,Oxygen control
C3_TAGGTACAGTTGTACC-1,0.33959574,5.0445275,1,Transitional-A,C3,Control,Oxygen control
C3_TAGGTACGTTAAGGGC-1,1.5239177,8.176496,0,Inflammatory,C3,Control,Oxygen control
C3_TAGGTACGTTCCGTTC-1,4.429727,6.515547,2,Homeostatic-A,C3,Control,Oxygen control
C3_TAGGTTGTCACCACAA-1,4.0109124,3.9781349,3,Homeostatic-B,C3,Control,Oxygen control
C3_TATACCTCAGACCCGT-1,3.0085478,3.4974053,3,Homeostatic-B,C3,Control,Oxygen control
C3_TATCAGGAGAGCAAGA-1,-0.17850442,8.505031,0,Inflammatory,C3,Control,Oxygen control
C3_TATCAGGCATATGAAG-1,5.9891896,0.47326285,5,Transitional-B,C3,Control,Oxygen control
C3_TATCCTAAGGTACTGG-1,6.824961,0.16645633,5,Transitional-B,C3,Control,Oxygen control
C3_TATCCTACAAGCGCTC-1,-1.6645192,2.8558366,1,Transitional-A,C3,Control,Oxygen control
C3_TATCCTAGTGTTACAC-1,3.5458636,-1.2134907,4,Homeostatic-C,C3,Control,Oxygen control
C3_TATCCTATCCTATGGA-1,-0.23967242,-1.7647896,4,Homeostatic-C,C3,Control,Oxygen control
C3_TATCGCCTCGACATAC-1,4.0277324,2.540077,3,Homeostatic-B,C3,Control,Oxygen control
C3_TATCGCCTCGTAGGGA-1,4.0545235,0.6822794,4,Homeostatic-C,C3,Control,Oxygen control
C3_TATCTGTGTCGGTGAA-1,-0.42600563,-0.25186595,1,Transitional-A,C3,Control,Oxygen control
C3_TATCTGTTCACCTCTG-1,3.4196362,5.0904393,2,Homeostatic-A,C3,Control,Oxygen control
C3_TATGTTCAGTGGTCAG-1,4.594206,3.6677177,2,Homeostatic-A,C3,Control,Oxygen control
C3_TATGTTCGTCATAGTC-1,2.4760852,10.801088,0,Inflammatory,C3,Control,Oxygen control
C3_TATGTTCGTCCTGGGT-1,5.512069,4.0082498,2,Homeostatic-A,C3,Control,Oxygen control
C3_TATTCCACAACCTAAC-1,1.5803361,7.7651772,0,Inflammatory,C3,Control,Oxygen control
C3_TATTGGGAGAATCTAG-1,1.9293947,-0.8024043,4,Homeostatic-C,C3,Control,Oxygen control
C3_TATTGGGAGGTTCACT-1,4.10842,3.9991677,2,Homeostatic-A,C3,Control,Oxygen control
C3_TATTGGGGTTACTCAG-1,-0.9038109,-0.4961337,1,Transitional-A,C3,Control,Oxygen control
C3_TATTTCGCACGGCCAT-1,0.45822522,-1.3216497,4,Homeostatic-C,C3,Control,Oxygen control
C3_TCAAGACCAAGTATAG-1,5.3657804,4.9783945,2,Homeostatic-A,C3,Control,Oxygen control
C3_TCAAGCAGTAGAGATT-1,1.7253488,3.307527,3,Homeostatic-B,C3,Control,Oxygen control
C3_TCAAGTGAGAGGTTAT-1,4.176799,3.4961271,2,Homeostatic-A,C3,Control,Oxygen control
C3_TCAAGTGAGTGCCCGT-1,5.3087974000000004,7.2011223,2,Homeostatic-A,C3,Control,Oxygen control
C3_TCAATCTCAAAGCTCT-1,5.5471687,4.1325088,2,Homeostatic-A,C3,Control,Oxygen control
C3_TCAATCTCACTTGAAC-1,1.4138242,4.3648906,3,Homeostatic-B,C3,Control,Oxygen control
C3_TCACAAGAGACTAAGT-1,2.545318,0.84020466,4,Homeostatic-C,C3,Control,Oxygen control
C3_TCACAAGAGAGTTCGG-1,2.376222,8.323008,0,Inflammatory,C3,Control,Oxygen control
C3_TCACAAGTCTTGGTGA-1,-2.4446683,3.580859,1,Transitional-A,C3,Control,Oxygen control
C3_TCACACCCATCATTTC-1,5.953262,5.532846,2,Homeostatic-A,C3,Control,Oxygen control
C3_TCACATTCATTAAAGG-1,3.8438604,7.4734287,2,Homeostatic-A,C3,Control,Oxygen control
C3_TCACATTGTTAGGCTT-1,2.4524539,1.0913547,4,Homeostatic-C,C3,Control,Oxygen control
C3_TCACATTTCAAGCTGT-1,5.7501125,0.88151544,5,Transitional-B,C3,Control,Oxygen control
C3_TCACTATAGCGAGTAC-1,3.562502,8.231916,2,Homeostatic-A,C3,Control,Oxygen control
C3_TCACTATCAAACTCTG-1,1.4463713,-1.9261676,4,Homeostatic-C,C3,Control,Oxygen control
C3_TCACTATCAGGAATAT-1,4.2348723,-0.2467053,4,Homeostatic-C,C3,Control,Oxygen control
C3_TCACTCGCAATAAGGT-1,2.0807846,3.3007517,3,Homeostatic-B,C3,Control,Oxygen control
C3_TCACTCGCAGGATTCT-1,1.3550208,7.421691,0,Inflammatory,C3,Control,Oxygen control
C3_TCACTCGTCACCTTAT-1,5.219799,-0.16271523,5,Transitional-B,C3,Control,Oxygen control
C3_TCACTCGTCTCGGTCT-1,0.58445895,3.1226287,1,Transitional-A,C3,Control,Oxygen control
C3_TCAGCAACAGGTCTCG-1,0.4206234,0.56292653,1,Transitional-A,C3,Control,Oxygen control
C3_TCAGCCTTCTTGTGCC-1,1.3685406,6.626184,0,Inflammatory,C3,Control,Oxygen control
C3_TCAGTCCCAAACGGCA-1,1.9499335,5.2708435,3,Homeostatic-B,C3,Control,Oxygen control
C3_TCAGTGAAGCTGTCCG-1,-0.28232133,4.253049,1,Transitional-A,C3,Control,Oxygen control
C3_TCATACTTCAAGTCGT-1,2.7587225,11.780591,0,Inflammatory,C3,Control,Oxygen control
C3_TCATATCCACTGGACC-1,3.0015519,0.8656599,4,Homeostatic-C,C3,Control,Oxygen control
C3_TCATCATGTGCAGGAT-1,2.3310978,3.5292864,3,Homeostatic-B,C3,Control,Oxygen control
C3_TCATCATGTGTCCTAA-1,3.0701756,4.325047,3,Homeostatic-B,C3,Control,Oxygen control
C3_TCATCATTCCGATGTA-1,-1.6241015,0.012216173,1,Transitional-A,C3,Control,Oxygen control
C3_TCATCCGAGTAGGGTC-1,2.8398194,3.543281,3,Homeostatic-B,C3,Control,Oxygen control
C3_TCATGAGTCGGCTTCT-1,-1.7187854,3.0544431,1,Transitional-A,C3,Control,Oxygen control
C3_TCATGCCAGAACTCCT-1,4.8122334,2.7264729,3,Homeostatic-B,C3,Control,Oxygen control
C3_TCATGGAAGTCAGCCC-1,1.3610792,6.26669,0,Inflammatory,C3,Control,Oxygen control
C3_TCATTACAGTTGCGAG-1,0.47143027,0.9469644,1,Transitional-A,C3,Control,Oxygen control
C3_TCATTACCACCTGATA-1,3.0366378,-0.19694231,4,Homeostatic-C,C3,Control,Oxygen control
C3_TCATTACTCCCATTCG-1,4.2835913,13.251688,0,Inflammatory,C3,Control,Oxygen control
C3_TCATTACTCGGTGAAG-1,3.653031,10.306102,0,Inflammatory,C3,Control,Oxygen control
C3_TCATTCAAGATAGCTA-1,6.060009,4.904935,2,Homeostatic-A,C3,Control,Oxygen control
C3_TCATTTGAGAAGCTCG-1,3.9250176,6.8391967,2,Homeostatic-A,C3,Control,Oxygen control
C3_TCATTTGTCCAGCACG-1,-1.9397873,-0.9289436,1,Transitional-A,C3,Control,Oxygen control
C3_TCATTTGTCGCTTTAT-1,0.9296723,0.46734256,4,Homeostatic-C,C3,Control,Oxygen control
C3_TCCACCAGTCGTATTG-1,0.2930247,3.8707547,1,Transitional-A,C3,Control,Oxygen control
C3_TCCACGTAGCGGTAAC-1,4.829174,5.25443,2,Homeostatic-A,C3,Control,Oxygen control
C3_TCCATCGCAAGCACAG-1,3.3050926,0.9528603,4,Homeostatic-C,C3,Control,Oxygen control
C3_TCCATGCCAGGGAATC-1,5.0657296,5.2411203,2,Homeostatic-A,C3,Control,Oxygen control
C3_TCCGAAAAGAGATCGC-1,2.476447,10.111969,0,Inflammatory,C3,Control,Oxygen control
C3_TCCGAAAAGCACTCTA-1,1.8639278,0.29423696,4,Homeostatic-C,C3,Control,Oxygen control
C3_TCCGAAATCACCTCAC-1,3.5208142,4.3126564,3,Homeostatic-B,C3,Control,Oxygen control
C3_TCCGATCAGGACGGAG-1,5.483383,1.5557231,3,Homeostatic-B,C3,Control,Oxygen control
C3_TCCGTGTTCGTTACCC-1,4.29328,10.556096,0,Inflammatory,C3,Control,Oxygen control
C3_TCCTCCCAGTGCCAGA-1,4.7972617,5.261998,2,Homeostatic-A,C3,Control,Oxygen control
C3_TCCTCGAAGGCCTTCG-1,0.443606,-1.7219685,4,Homeostatic-C,C3,Control,Oxygen control
C3_TCCTCGAGTGTGGTCC-1,3.3161032,-1.8654101,4,Homeostatic-C,C3,Control,Oxygen control
C3_TCCTCGATCCACCTCA-1,1.3013471,-2.115719,4,Homeostatic-C,C3,Control,Oxygen control
C3_TCCTCTTCATCGTTCC-1,10.288561,2.2642343,6,Rare,C3,Control,Oxygen control
C3_TCCTCTTTCCGTATGA-1,5.220424,-1.0778823,5,Transitional-B,C3,Control,Oxygen control
C3_TCCTGCATCTATCCAT-1,-1.3398297,6.2342534,0,Inflammatory,C3,Control,Oxygen control
C3_TCCTTCTAGGTAAGAG-1,-0.4518654,-1.5790808,4,Homeostatic-C,C3,Control,Oxygen control
C3_TCCTTCTAGGTGGCTA-1,0.42389262,-0.06305743,4,Homeostatic-C,C3,Control,Oxygen control
C3_TCCTTCTTCCAGGACC-1,7.463298,-0.7707493,5,Transitional-B,C3,Control,Oxygen control
C3_TCCTTCTTCCTCACGT-1,0.5240109,1.3957881,1,Transitional-A,C3,Control,Oxygen control
C3_TCGAACACAGAGCCCT-1,0.5857362,4.478262,3,Homeostatic-B,C3,Control,Oxygen control
C3_TCGAAGTCAACGGGTA-1,4.0424943,2.021103,3,Homeostatic-B,C3,Control,Oxygen control
C3_TCGAAGTCACCATATG-1,0.15275164,2.1241584,1,Transitional-A,C3,Control,Oxygen control
C3_TCGAAGTTCAACGTGT-1,2.0145316,4.7091007,3,Homeostatic-B,C3,Control,Oxygen control
C3_TCGACCTAGCATTGAA-1,1.6838293,-0.64871836,4,Homeostatic-C,C3,Control,Oxygen control
C3_TCGACGGAGACCATTC-1,6.170424,1.8612007,5,Transitional-B,C3,Control,Oxygen control
C3_TCGATTTAGGTGTGAC-1,-0.3068303,6.463036,0,Inflammatory,C3,Control,Oxygen control
C3_TCGATTTGTCTCTCCA-1,5.239216,-1.9715507,4,Homeostatic-C,C3,Control,Oxygen control
C3_TCGATTTGTTCGAGCC-1,3.8963675,9.460921,0,Inflammatory,C3,Control,Oxygen control
C3_TCGCTTGCACTTGTCC-1,-1.5567588,-0.3135879,1,Transitional-A,C3,Control,Oxygen control
C3_TCGCTTGTCTGCGGCA-1,5.7219076,-0.87662137,5,Transitional-B,C3,Control,Oxygen control
C3_TCGCTTGTCTTGGATG-1,4.2944827,4.3626695,2,Homeostatic-A,C3,Control,Oxygen control
C3_TCGGGACAGCTCGAAG-1,4.065096,2.3553073,3,Homeostatic-B,C3,Control,Oxygen control
C3_TCGGGACGTATACGGG-1,-1.1273669,-1.8474858,1,Transitional-A,C3,Control,Oxygen control
C3_TCGGGCATCTACCCAC-1,4.4394293,11.421806,0,Inflammatory,C3,Control,Oxygen control
C3_TCGGGTGAGGTGCGAT-1,3.4288766,8.552092,0,Inflammatory,C3,Control,Oxygen control
C3_TCGTGCTGTTCTCCAC-1,2.1762373,-2.0472713,4,Homeostatic-C,C3,Control,Oxygen control
C3_TCGTGCTTCACTTGTT-1,3.220916,8.103055,2,Homeostatic-A,C3,Control,Oxygen control
C3_TCGTGCTTCCTCAGAA-1,5.2758913,5.444776,2,Homeostatic-A,C3,Control,Oxygen control
C3_TCTACATGTGGAGAAA-1,6.071478,2.824894,2,Homeostatic-A,C3,Control,Oxygen control
C3_TCTACCGAGTTGAATG-1,1.3083946,5.291895,3,Homeostatic-B,C3,Control,Oxygen control
C3_TCTATACTCAGTGTTG-1,2.4024687,4.551502,3,Homeostatic-B,C3,Control,Oxygen control
C3_TCTATACTCCGTACGG-1,5.71718,6.3798885,2,Homeostatic-A,C3,Control,Oxygen control
C3_TCTATCACATAGCACT-1,1.3446283,7.2187276,0,Inflammatory,C3,Control,Oxygen control
C3_TCTCACGCAGTAGTGG-1,7.018196,3.9000769,2,Homeostatic-A,C3,Control,Oxygen control
C3_TCTCACGGTCTACAGT-1,-0.23129998,-0.84261066,1,Transitional-A,C3,Control,Oxygen control
C3_TCTCACGTCCATGATG-1,4.802254,3.6639857,3,Homeostatic-B,C3,Control,Oxygen control
C3_TCTCAGCTCTACACTT-1,-2.4888325,0.4180193,1,Transitional-A,C3,Control,Oxygen control
C3_TCTCCGACAGGCTTGC-1,6.6475825,-1.6075495,5,Transitional-B,C3,Control,Oxygen control
C3_TCTCTGGAGCTAGATA-1,4.442756,2.087611,3,Homeostatic-B,C3,Control,Oxygen control
C3_TCTCTGGAGTGGGAAA-1,7.5775013,2.85504,2,Homeostatic-A,C3,Control,Oxygen control
C3_TCTGCCACACTACGGC-1,5.751341,8.40381,2,Homeostatic-A,C3,Control,Oxygen control
C3_TCTGGCTCAGAGCCCT-1,4.7152476,2.7275312,3,Homeostatic-B,C3,Control,Oxygen control
C3_TCTTAGTCACTGGCGT-1,0.20319729,-2.2972963,4,Homeostatic-C,C3,Control,Oxygen control
C3_TCTTAGTGTCATGCAT-1,4.2185793,13.133074,0,Inflammatory,C3,Control,Oxygen control
C3_TCTTAGTGTTAAACCC-1,2.3568017,1.6312121,4,Homeostatic-C,C3,Control,Oxygen control
C3_TCTTCCTTCATGTCAG-1,1.184088,-1.8980209,4,Homeostatic-C,C3,Control,Oxygen control
C3_TCTTGCGTCAAAGACA-1,2.775106,0.9292709,4,Homeostatic-C,C3,Control,Oxygen control
C3_TCTTGCGTCCACTGAA-1,-0.061921235,-1.3948724,4,Homeostatic-C,C3,Control,Oxygen control
C3_TCTTTGACAACGACTT-1,4.181329,4.6331873,2,Homeostatic-A,C3,Control,Oxygen control
C3_TCTTTGATCTGCCTCA-1,4.7661223,5.319901,2,Homeostatic-A,C3,Control,Oxygen control
C3_TGAATCGAGGAGCTGT-1,7.2785254,5.262519,2,Homeostatic-A,C3,Control,Oxygen control
C3_TGAATGCCACTCACTC-1,3.3242087,8.988602,0,Inflammatory,C3,Control,Oxygen control
C3_TGAATGCGTACGGTTT-1,5.0162067,4.4059362,2,Homeostatic-A,C3,Control,Oxygen control
C3_TGAATGCGTGCTATTG-1,3.0632696,1.0341555,4,Homeostatic-C,C3,Control,Oxygen control
C3_TGAATGCTCTATCGCC-1,1.1302904,4.0839167,3,Homeostatic-B,C3,Control,Oxygen control
C3_TGACAGTTCTAACGCA-1,2.0144978,1.5382932,4,Homeostatic-C,C3,Control,Oxygen control
C3_TGACCCTCAGTTTGGT-1,3.0998445,3.9631572,3,Homeostatic-B,C3,Control,Oxygen control
C3_TGACGCGGTACTTGTG-1,0.53863734,-2.222359,4,Homeostatic-C,C3,Control,Oxygen control
C3_TGACTCCGTACCGGAA-1,0.905784,1.6514168,1,Transitional-A,C3,Control,Oxygen control
C3_TGACTCCGTTGTCCCT-1,4.961208,6.210494,2,Homeostatic-A,C3,Control,Oxygen control
C3_TGAGACTCAGGTCTCG-1,6.1392174,0.8443175,5,Transitional-B,C3,Control,Oxygen control
C3_TGAGACTTCCGCAGTG-1,3.8556085,3.5430584,3,Homeostatic-B,C3,Control,Oxygen control
C3_TGAGCGCAGCAACTCT-1,6.707841,4.1572056,2,Homeostatic-A,C3,Control,Oxygen control
C3_TGAGGAGTCCGGCAAC-1,-1.8267678999999999,4.0147586,1,Transitional-A,C3,Control,Oxygen control
C3_TGAGGGAGTAGTTACC-1,3.2785501,-0.32552662,4,Homeostatic-C,C3,Control,Oxygen control
C3_TGAGGTTAGCAACCAG-1,4.7990317,5.372638,2,Homeostatic-A,C3,Control,Oxygen control
C3_TGAGGTTAGTACCCTA-1,5.571533,3.8065915,2,Homeostatic-A,C3,Control,Oxygen control
C3_TGAGGTTTCCAATGCA-1,2.8646874,8.902885,0,Inflammatory,C3,Control,Oxygen control
C3_TGAGTCACAAGTGACG-1,7.173642,-1.6730908,5,Transitional-B,C3,Control,Oxygen control
C3_TGATGGTTCAGGAAAT-1,2.6210063,6.474858,2,Homeostatic-A,C3,Control,Oxygen control
C3_TGATGGTTCGTAACCA-1,2.65029,6.1786604,2,Homeostatic-A,C3,Control,Oxygen control
C3_TGATTCTGTAGGGAGG-1,3.2279577,5.7492867,2,Homeostatic-A,C3,Control,Oxygen control
C3_TGCACGGTCAGCTGTA-1,3.3289492,3.1862252,3,Homeostatic-B,C3,Control,Oxygen control
C3_TGCAGATGTGAGGCAT-1,6.3596287,1.4499902,5,Transitional-B,C3,Control,Oxygen control
C3_TGCAGGCAGAGAGCGG-1,4.7495785,-1.1597292,5,Transitional-B,C3,Control,Oxygen control
C3_TGCAGGCGTACAAAGT-1,-0.1357548,-1.3215548,4,Homeostatic-C,C3,Control,Oxygen control
C3_TGCATCCCACCTCAGG-1,2.0966604,7.411704,0,Inflammatory,C3,Control,Oxygen control
C3_TGCATCCCACTGCACG-1,3.1526265,-2.2395055,4,Homeostatic-C,C3,Control,Oxygen control
C3_TGCATGACACTATCGA-1,4.4581566,8.634828,2,Homeostatic-A,C3,Control,Oxygen control
C3_TGCATGATCCCTCAAC-1,2.4291413,11.182205,0,Inflammatory,C3,Control,Oxygen control
C3_TGCATGATCTCGTCAC-1,-1.7880011,4.91443,1,Transitional-A,C3,Control,Oxygen control
C3_TGCCGAGGTAGTAAGT-1,4.150072,11.664298,0,Inflammatory,C3,Control,Oxygen control
C3_TGCCGAGTCTTGATTC-1,1.9054613,0.5293876,4,Homeostatic-C,C3,Control,Oxygen control
C3_TGCGATAAGCACGATG-1,1.2692062,1.9721278,1,Transitional-A,C3,Control,Oxygen control
C3_TGCGATACAGTCTACA-1,4.3522186,13.193333,0,Inflammatory,C3,Control,Oxygen control
C3_TGCGGCAGTGGTACAG-1,0.8945997,1.3274344,1,Transitional-A,C3,Control,Oxygen control
C3_TGCGGCATCCAACCGG-1,-0.3954975,3.6051173,1,Transitional-A,C3,Control,Oxygen control
C3_TGCGGGTAGCATGCAG-1,1.9355586,8.629309,0,Inflammatory,C3,Control,Oxygen control
C3_TGCGGGTCAGGACGAT-1,5.8077555,6.4287033,2,Homeostatic-A,C3,Control,Oxygen control
C3_TGCGGGTGTTCTCAGA-1,-0.049808268,1.6835356,1,Transitional-A,C3,Control,Oxygen control
C3_TGCTCCACATATCTCT-1,-1.5559107,0.73232836,1,Transitional-A,C3,Control,Oxygen control
C3_TGCTGAACAACACGAG-1,4.206562,11.767491,0,Inflammatory,C3,Control,Oxygen control
C3_TGCTGAAGTATACCTG-1,1.6090652,2.846203,3,Homeostatic-B,C3,Control,Oxygen control
C3_TGCTGAATCTGAATCG-1,2.9407065,0.7502994,4,Homeostatic-C,C3,Control,Oxygen control
C3_TGCTTCGCAGCTCGGT-1,4.055822,6.9542775,2,Homeostatic-A,C3,Control,Oxygen control
C3_TGCTTGCGTGCCGTAC-1,2.6293278,5.476379,2,Homeostatic-A,C3,Control,Oxygen control
C3_TGGAACTCAACCCTCT-1,5.7314625,-1.5046406,5,Transitional-B,C3,Control,Oxygen control
C3_TGGAACTTCCAAGCCG-1,4.2337303,1.2659372,3,Homeostatic-B,C3,Control,Oxygen control
C3_TGGAGAGAGGCTATCT-1,0.2302682,1.9513566,1,Transitional-A,C3,Control,Oxygen control
C3_TGGAGGAAGTATTAGG-1,5.354434,4.43616,2,Homeostatic-A,C3,Control,Oxygen control
C3_TGGAGGACACTCCCTA-1,10.089718,2.4587066,6,Rare,C3,Control,Oxygen control
C3_TGGATCACATCGAAGG-1,3.7936985,-0.9206506,4,Homeostatic-C,C3,Control,Oxygen control
C3_TGGATCAGTACCAGAG-1,-2.7167852,2.8727355,1,Transitional-A,C3,Control,Oxygen control
C3_TGGATCAGTATGCTTG-1,-0.076822385000000007,0.19156547,4,Homeostatic-C,C3,Control,Oxygen control
C3_TGGATGTAGTAGGATT-1,7.279487,0.46112972,5,Transitional-B,C3,Control,Oxygen control
C3_TGGATGTCAGCGAGTA-1,5.1643806,1.6712363,3,Homeostatic-B,C3,Control,Oxygen control
C3_TGGCGTGTCACAAGGG-1,1.1998594,8.052971,0,Inflammatory,C3,Control,Oxygen control
C3_TGGGAAGAGCTCGAAG-1,3.095194,3.795729,3,Homeostatic-B,C3,Control,Oxygen control
C3_TGGGAAGCACTCCACT-1,5.3475924,2.2766666,3,Homeostatic-B,C3,Control,Oxygen control
C3_TGGGAGATCTTGGCTC-1,0.2904819,9.823182,0,Inflammatory,C3,Control,Oxygen control
C3_TGGGATTGTAGCGCCT-1,3.5070496,7.575173,2,Homeostatic-A,C3,Control,Oxygen control
C3_TGGGATTGTCAAGCGA-1,2.6748946,1.8707905,3,Homeostatic-B,C3,Control,Oxygen control
C3_TGGGATTGTGCCGTAC-1,3.1220074,-0.49109554,4,Homeostatic-C,C3,Control,Oxygen control
C3_TGGGCGTAGGGTAATT-1,6.6118655,-0.48895746,5,Transitional-B,C3,Control,Oxygen control
C3_TGGGCGTGTCACAATC-1,5.3829517,4.851,2,Homeostatic-A,C3,Control,Oxygen control
C3_TGGGCTGAGCGAGAAA-1,2.429729,1.1881918,4,Homeostatic-C,C3,Control,Oxygen control
C3_TGGGCTGGTAGTCGGA-1,1.1331568,6.247948,0,Inflammatory,C3,Control,Oxygen control
C3_TGGGCTGTCCCGAGAC-1,2.0363142,-0.06582,4,Homeostatic-C,C3,Control,Oxygen control
C3_TGGGTTAGTGAAGCGT-1,4.4447074,1.7064005,3,Homeostatic-B,C3,Control,Oxygen control
C3_TGGTACACAGCTATAC-1,6.139369,0.176214,5,Transitional-B,C3,Control,Oxygen control
C3_TGGTGATCAGCGCGTT-1,0.6944768,-1.7494761,4,Homeostatic-C,C3,Control,Oxygen control
C3_TGGTGATGTTCTCACC-1,3.4686518,-1.2786254,4,Homeostatic-C,C3,Control,Oxygen control
C3_TGGTGATTCCTTCTGG-1,6.73638,-1.7699196,5,Transitional-B,C3,Control,Oxygen control
C3_TGGTGATTCGCATGAT-1,4.1859245,2.5603638,3,Homeostatic-B,C3,Control,Oxygen control
C3_TGGTTAGAGGAATTAC-1,0.15420929,-2.197573,4,Homeostatic-C,C3,Control,Oxygen control
C3_TGGTTAGCACTCCACT-1,1.0372155,-0.110502064,4,Homeostatic-C,C3,Control,Oxygen control
C3_TGTAACGCACTGCACG-1,3.9759636,-0.34761935,4,Homeostatic-C,C3,Control,Oxygen control
C3_TGTAACGGTCCCGCAA-1,1.6394339,8.387433,0,Inflammatory,C3,Control,Oxygen control
C3_TGTAACGGTGAATAAC-1,4.3624396,0.86199045,4,Homeostatic-C,C3,Control,Oxygen control
C3_TGTAAGCTCCGCTGTT-1,3.7772634,1.3452488,3,Homeostatic-B,C3,Control,Oxygen control
C3_TGTACAGCACAATGAA-1,1.4618461,8.594169,0,Inflammatory,C3,Control,Oxygen control
C3_TGTACAGTCTACACTT-1,0.5505451,10.120151,0,Inflammatory,C3,Control,Oxygen control
C3_TGTCAGAAGAAACTCA-1,3.0906599,5.336968,2,Homeostatic-A,C3,Control,Oxygen control
C3_TGTCCACCACGGGCTT-1,4.6059146,4.5429006,2,Homeostatic-A,C3,Control,Oxygen control
C3_TGTCCACGTATCCCTC-1,2.5885324,5.5854626,2,Homeostatic-A,C3,Control,Oxygen control
C3_TGTGAGTTCAGTCATG-1,4.846562,4.7840405,2,Homeostatic-A,C3,Control,Oxygen control
C3_TGTGGCGTCAGCGCGT-1,1.8596218,-1.00821,4,Homeostatic-C,C3,Control,Oxygen control
C3_TGTGTGAAGCATACTC-1,4.869924,10.777634,0,Inflammatory,C3,Control,Oxygen control
C3_TGTGTGAAGGGCTAAC-1,2.0025449,0.1265024,4,Homeostatic-C,C3,Control,Oxygen control
C3_TGTTACTTCAACTTTC-1,1.3197255,-2.6758206,4,Homeostatic-C,C3,Control,Oxygen control
C3_TGTTACTTCCTGCCAT-1,6.100981,7.245417,2,Homeostatic-A,C3,Control,Oxygen control
C3_TGTTCCGAGCCATCCG-1,1.4076145,6.579466,0,Inflammatory,C3,Control,Oxygen control
C3_TGTTCCGCAAATCGTC-1,1.7124267,0.7419719,4,Homeostatic-C,C3,Control,Oxygen control
C3_TGTTCCGTCGTTTACT-1,1.7721853,2.4259214,3,Homeostatic-B,C3,Control,Oxygen control
C3_TGTTTGTTCATGCTAG-1,2.530795,3.547518,3,Homeostatic-B,C3,Control,Oxygen control
C3_TTAATCCAGATGCTTC-1,3.7807972,5.7680535,2,Homeostatic-A,C3,Control,Oxygen control
C3_TTAATCCAGCTCGTGC-1,3.609035,9.528664,0,Inflammatory,C3,Control,Oxygen control
C3_TTAATCCCAATTCACG-1,0.34672734,1.4574229,1,Transitional-A,C3,Control,Oxygen control
C3_TTAATCCTCCCAGTGG-1,4.19655,7.2643003,2,Homeostatic-A,C3,Control,Oxygen control
C3_TTACAGGAGTGACACG-1,2.592372,6.32159,2,Homeostatic-A,C3,Control,Oxygen control
C3_TTACAGGCACTACCGG-1,4.741905,1.1175342,3,Homeostatic-B,C3,Control,Oxygen control
C3_TTACCATAGCAACAGC-1,-0.050830808,9.412006,0,Inflammatory,C3,Control,Oxygen control
C3_TTACCATTCGTGACTA-1,-1.0076011,1.2344377,1,Transitional-A,C3,Control,Oxygen control
C3_TTACCATTCTGCCTCA-1,3.5383916,4.4135394,2,Homeostatic-A,C3,Control,Oxygen control
C3_TTACCGCAGGAAGTAG-1,4.261192,8.746951,2,Homeostatic-A,C3,Control,Oxygen control
C3_TTACCGCAGGTTGTTC-1,2.5675247,5.614986,2,Homeostatic-A,C3,Control,Oxygen control
C3_TTACCGCAGTCTGTAC-1,2.2088726,-0.8484474,4,Homeostatic-C,C3,Control,Oxygen control
C3_TTACCGCGTACATACC-1,2.2991898,6.6190023,2,Homeostatic-A,C3,Control,Oxygen control
C3_TTACGCCGTCACGCTG-1,3.6298478,-1.1680808,4,Homeostatic-C,C3,Control,Oxygen control
C3_TTACGTTCACTATGTG-1,0.1939897,1.7498463,1,Transitional-A,C3,Control,Oxygen control
C3_TTACTGTCATGGAGAC-1,3.9637227,4.317019,3,Homeostatic-B,C3,Control,Oxygen control
C3_TTAGGGTAGGGTTAGC-1,0.7607305,-2.6359541,4,Homeostatic-C,C3,Control,Oxygen control
C3_TTAGGGTGTACAAGTA-1,1.8625937,6.8193765,0,Inflammatory,C3,Control,Oxygen control
C3_TTAGGGTTCGAAATCC-1,1.6281161,1.0125122,4,Homeostatic-C,C3,Control,Oxygen control
C3_TTAGTCTAGCGCAATG-1,3.453821,1.2456148,3,Homeostatic-B,C3,Control,Oxygen control
C3_TTAGTCTTCTTAGCCC-1,0.23144355,6.551727,0,Inflammatory,C3,Control,Oxygen control
C3_TTCAATCAGTCCTACA-1,-1.3266556,7.3697186,0,Inflammatory,C3,Control,Oxygen control
C3_TTCAATCCAGAGAAAG-1,1.82946,8.469287,0,Inflammatory,C3,Control,Oxygen control
C3_TTCAATCCAGGATGAC-1,7.619712,0.08826595,5,Transitional-B,C3,Control,Oxygen control
C3_TTCAATCTCTCAGGCG-1,1.1745658,5.778208,0,Inflammatory,C3,Control,Oxygen control
C3_TTCACCGAGCGTTCCG-1,5.396349,-1.3425992,5,Transitional-B,C3,Control,Oxygen control
C3_TTCACCGCACATGGTT-1,-1.1256528,1.3354298,1,Transitional-A,C3,Control,Oxygen control
C3_TTCACGCAGGCTTCCG-1,4.1665883,1.7433926,3,Homeostatic-B,C3,Control,Oxygen control
C3_TTCAGGAGTGCTCTCT-1,0.8454024,5.6635523,0,Inflammatory,C3,Control,Oxygen control
C3_TTCATGTGTACGTAGG-1,4.02371,5.098811,2,Homeostatic-A,C3,Control,Oxygen control
C3_TTCATGTGTTCTTGCC-1,0.70335823,2.9643383,1,Transitional-A,C3,Control,Oxygen control
C3_TTCCACGAGAAGCGGG-1,4.8103127,2.4611373,3,Homeostatic-B,C3,Control,Oxygen control
C3_TTCCACGGTGGCGTAA-1,4.4518843,-1.0591831,4,Homeostatic-C,C3,Control,Oxygen control
C3_TTCCACGGTTGGACTT-1,2.492233,8.658201,0,Inflammatory,C3,Control,Oxygen control
C3_TTCCGTGCAACCCTAA-1,-2.0470026,-0.53203243,1,Transitional-A,C3,Control,Oxygen control
C3_TTCCGTGGTATGCAAA-1,3.6373665,7.864014,2,Homeostatic-A,C3,Control,Oxygen control
C3_TTCCTAAGTCGTTATG-1,0.7341529,3.5741837,1,Transitional-A,C3,Control,Oxygen control
C3_TTCCTCTAGCACTCTA-1,2.31787,6.33698,2,Homeostatic-A,C3,Control,Oxygen control
C3_TTCCTCTCACCACATA-1,-1.036059,1.3910455,1,Transitional-A,C3,Control,Oxygen control
C3_TTCCTCTGTGCCTATA-1,-0.19026527,1.1074507,1,Transitional-A,C3,Control,Oxygen control
C3_TTCGATTCAGGTAGTG-1,5.106437,9.02246,2,Homeostatic-A,C3,Control,Oxygen control
C3_TTCGCTGGTTGGAGAC-1,1.6046258,0.29049173,4,Homeostatic-C,C3,Control,Oxygen control
C3_TTCGCTGTCGCTAAAC-1,0.43496567,7.6495986,0,Inflammatory,C3,Control,Oxygen control
C3_TTCTAACAGGTAAGTT-1,3.4631734,8.48382,0,Inflammatory,C3,Control,Oxygen control
C3_TTCTAGTCAACTGTGT-1,5.4114985,4.9643803,2,Homeostatic-A,C3,Control,Oxygen control
C3_TTCTGTAAGAATCGCG-1,-0.905361,4.980043,1,Transitional-A,C3,Control,Oxygen control
C3_TTCTTCCAGCTAGAGC-1,1.0682292,7.9644647,0,Inflammatory,C3,Control,Oxygen control
C3_TTCTTCCCATTGCCGG-1,-0.5238579,6.5959597,0,Inflammatory,C3,Control,Oxygen control
C3_TTGACCCCACAAGCTT-1,-1.9093606,0.21982782,1,Transitional-A,C3,Control,Oxygen control
C3_TTGACCCTCTCACTCG-1,6.614611,-0.09019269,5,Transitional-B,C3,Control,Oxygen control
C3_TTGACCCTCTGGGTCG-1,1.6803623,-0.3670681,4,Homeostatic-C,C3,Control,Oxygen control
C3_TTGAGTGAGTGGAAAG-1,3.8928363,6.476638,2,Homeostatic-A,C3,Control,Oxygen control
C3_TTGAGTGCACCTCGTT-1,2.5611503,3.9459527,3,Homeostatic-B,C3,Control,Oxygen control
C3_TTGAGTGTCGCCTATC-1,2.026779,0.28882727,4,Homeostatic-C,C3,Control,Oxygen control
C3_TTGATGGGTTCTCCTG-1,3.4948912,7.00049,2,Homeostatic-A,C3,Control,Oxygen control
C3_TTGCCTGAGAAATCCA-1,1.5876704,1.9421786,3,Homeostatic-B,C3,Control,Oxygen control
C3_TTGCCTGAGGTCGACA-1,7.713131,0.4202231,5,Transitional-B,C3,Control,Oxygen control
C3_TTGCTGCAGGTTCTTG-1,2.6427877,10.327756,0,Inflammatory,C3,Control,Oxygen control
C3_TTGCTGCTCCAAATGC-1,5.4599047,4.4927945,2,Homeostatic-A,C3,Control,Oxygen control
C3_TTGGATGCACCGTGAC-1,0.24933717,1.3294369,1,Transitional-A,C3,Control,Oxygen control
C3_TTGGATGCAGAAGTTA-1,-0.032844163,7.11323,0,Inflammatory,C3,Control,Oxygen control
C3_TTGGATGTCCATATGG-1,3.4307072,5.2823205,2,Homeostatic-A,C3,Control,Oxygen control
C3_TTGGGATGTACTAGCT-1,5.2019043,5.3103228,2,Homeostatic-A,C3,Control,Oxygen control
C3_TTGGGATGTAGCTGTT-1,-1.3476981,-0.29197297,1,Transitional-A,C3,Control,Oxygen control
C3_TTGGGCGGTGCCTGAC-1,3.03687,1.8522025,3,Homeostatic-B,C3,Control,Oxygen control
C3_TTGGGTAAGCTGAGCA-1,3.6296566,4.6006227,2,Homeostatic-A,C3,Control,Oxygen control
C3_TTGGTTTGTAATTGGA-1,5.5707846,6.862775,2,Homeostatic-A,C3,Control,Oxygen control
C3_TTGTGTTTCTTGATTC-1,0.28753147,2.6398544,1,Transitional-A,C3,Control,Oxygen control
C3_TTGTTCACACGACCTG-1,4.222369,1.739135,3,Homeostatic-B,C3,Control,Oxygen control
C3_TTGTTGTAGCCTTGAT-1,0.14457841,3.4150484,1,Transitional-A,C3,Control,Oxygen control
C3_TTGTTGTAGGTCGTCC-1,5.206629,5.839989,2,Homeostatic-A,C3,Control,Oxygen control
C3_TTTACCAAGCACTAAA-1,1.5770841,4.765597,3,Homeostatic-B,C3,Control,Oxygen control
C3_TTTACCAAGTCCCAGC-1,-1.513969,4.074286,1,Transitional-A,C3,Control,Oxygen control
C3_TTTACCACACCGTGCA-1,0.25462356,0.27588424,1,Transitional-A,C3,Control,Oxygen control
C3_TTTACCACACTGAATC-1,1.5945086,0.5913169,4,Homeostatic-C,C3,Control,Oxygen control
C3_TTTACCAGTAGGCTGA-1,6.7093897,2.0043578,5,Transitional-B,C3,Control,Oxygen control
C3_TTTACCAGTTGTGGAG-1,0.39002904,8.029177,0,Inflammatory,C3,Control,Oxygen control
C3_TTTAGTCAGGTGATCG-1,6.2566223,-0.38560128,5,Transitional-B,C3,Control,Oxygen control
C3_TTTATGCTCATTGCGA-1,2.3273134,1.3111924,4,Homeostatic-C,C3,Control,Oxygen control
C3_TTTATGCTCCCATGGG-1,4.0490623,12.328598,0,Inflammatory,C3,Control,Oxygen control
C3_TTTCACACAGACGATG-1,5.259708,5.757558,2,Homeostatic-A,C3,Control,Oxygen control
C3_TTTCAGTCACTATCCC-1,4.919977,5.7440395,2,Homeostatic-A,C3,Control,Oxygen control
C3_TTTCAGTGTTGTTGCA-1,1.2321026,-0.75892264,4,Homeostatic-C,C3,Control,Oxygen control
C3_TTTCAGTGTTTGGAAA-1,4.5989475,11.789861,0,Inflammatory,C3,Control,Oxygen control
C3_TTTCATGGTAGGACTG-1,5.450787,-2.2028596,5,Transitional-B,C3,Control,Oxygen control
C3_TTTCATGGTCAGCGTC-1,1.3849084,-2.0448902,4,Homeostatic-C,C3,Control,Oxygen control
C3_TTTCGATCAATTCTTC-1,3.8355732,-1.9641275,4,Homeostatic-C,C3,Control,Oxygen control
C3_TTTCGATGTAATTAGG-1,1.9177277,3.8173316,3,Homeostatic-B,C3,Control,Oxygen control
C3_TTTCGATGTCAAACGG-1,1.1671702,1.9133306,1,Transitional-A,C3,Control,Oxygen control
C3_TTTGACTAGTAGGTTA-1,1.4156277,3.9275548,3,Homeostatic-B,C3,Control,Oxygen control
C3_TTTGACTGTCTCTCAC-1,-0.71799254,5.2862616,1,Transitional-A,C3,Control,Oxygen control
C3_TTTGATCAGTGAGCCA-1,1.996527,3.2730122,3,Homeostatic-B,C3,Control,Oxygen control
C3_TTTGGTTAGGGTTAGC-1,2.7527666,-0.41089076,4,Homeostatic-C,C3,Control,Oxygen control
C3_TTTGTTGAGGTAAAGG-1,3.4058516,-1.3674834,4,Homeostatic-C,C3,Control,Oxygen control
C3_TTTGTTGTCCGAAGGA-1,5.8654203,1.1537957,5,Transitional-B,C3,Control,Oxygen control
S1_AAACGAACAAGTGATA-1,6.598592,5.7219353,2,Homeostatic-A,S1,Surgery,Combined exposure
S1_AAACGAACAGGACAGT-1,2.6552072,4.1523547,3,Homeostatic-B,S1,Surgery,Combined exposure
S1_AAAGAACAGGTCTGGA-1,0.6007998,3.4684377,1,Transitional-A,S1,Surgery,Combined exposure
S1_AAAGAACGTGTACATC-1,5.3855643,-1.3093231,5,Transitional-B,S1,Surgery,Combined exposure
S1_AAAGGATCAGGACATG-1,0.47479078,6.815702,0,Inflammatory,S1,Surgery,Combined exposure
S1_AAAGGTACAATACGCT-1,2.5612705,5.002166,2,Homeostatic-A,S1,Surgery,Combined exposure
S1_AAAGTGACAATTCGTG-1,5.838041,3.2024374,2,Homeostatic-A,S1,Surgery,Combined exposure
S1_AACAAAGGTATCGCAT-1,4.524831,6.64302,2,Homeostatic-A,S1,Surgery,Combined exposure
S1_AACAAAGGTGGTACAG-1,2.4133594,10.774524,0,Inflammatory,S1,Surgery,Combined exposure
S1_AACAAGAAGCTCCCTT-1,3.9498255,0.5189812,4,Homeostatic-C,S1,Surgery,Combined exposure
S1_AACAAGAGTGTCTTGA-1,-2.4672394,1.6006025,1,Transitional-A,S1,Surgery,Combined exposure
S1_AACAGGGAGCGCACAA-1,2.6729138,3.7815833,3,Homeostatic-B,S1,Surgery,Combined exposure
S1_AACCAACTCCATTTGT-1,-0.9007448,1.2960737,1,Transitional-A,S1,Surgery,Combined exposure
S1_AACCACACAACACAGG-1,-0.84718865,5.5485873,0,Inflammatory,S1,Surgery,Combined exposure
S1_AACCACAGTTTATGCG-1,0.7594805,6.829254,0,Inflammatory,S1,Surgery,Combined exposure
S1_AACCATGGTCACTCGG-1,4.46745,3.5106199,3,Homeostatic-B,S1,Surgery,Combined exposure
S1_AACCATGTCGTTACCC-1,2.0444028,5.7357736,2,Homeostatic-A,S1,Surgery,Combined exposure
S1_AACCATGTCTCCGATC-1,3.6539273,1.4308313,3,Homeostatic-B,S1,Surgery,Combined exposure
S1_AACCTGATCGTTGCCT-1,1.4302596,-1.6099918,4,Homeostatic-C,S1,Surgery,Combined exposure
S1_AACCTTTCACAAATCC-1,0.5486088,1.9253998,1,Transitional-A,S1,Surgery,Combined exposure
S1_AACGAAAAGTCCGCGT-1,0.05868043,0.9704401,1,Transitional-A,S1,Surgery,Combined exposure
S1_AACGGGATCGCTACGG-1,1.9495728,1.9361742,3,Homeostatic-B,S1,Surgery,Combined exposure
S1_AACGTCATCCCACAGG-1,1.6924043,5.065328,3,Homeostatic-B,S1,Surgery,Combined exposure
S1_AAGAACACAGGTCCCA-1,3.7924013,3.1162314,3,Homeostatic-B,S1,Surgery,Combined exposure
S1_AAGACAACACCACATA-1,4.99217,-0.5803254,5,Transitional-B,S1,Surgery,Combined exposure
S1_AAGACTCCAGTAGATA-1,0.23152919,-0.7115009,4,Homeostatic-C,S1,Surgery,Combined exposure
S1_AAGACTCGTATTCCTT-1,3.7798653,9.988423,0,Inflammatory,S1,Surgery,Combined exposure
S1_AAGACTCTCGGCGATC-1,0.65822804,8.157752,0,Inflammatory,S1,Surgery,Combined exposure
S1_AAGATAGGTTCCAGGC-1,2.1835277,8.271457,0,Inflammatory,S1,Surgery,Combined exposure
S1_AAGCATCAGAATCGTA-1,3.6085868,1.4934257,3,Homeostatic-B,S1,Surgery,Combined exposure
S1_AAGCCATCATATTCGG-1,2.5163398,0.86399424,4,Homeostatic-C,S1,Surgery,Combined exposure
S1_AAGCCATGTAGTTAGA-1,0.69350564,0.93635374,1,Transitional-A,S1,Surgery,Combined exposure
S1_AAGCGTTCATCCGAGC-1,-0.26475486,0.1974467,1,Transitional-A,S1,Surgery,Combined exposure
S1_AAGGTAAAGCGGCTCT-1,2.4270115,4.600984,3,Homeostatic-B,S1,Surgery,Combined exposure
S1_AAGGTAAAGGACGCAT-1,5.121436,5.176679,2,Homeostatic-A,S1,Surgery,Combined exposure
S1_AAGGTAAAGGCTATCT-1,-0.28762206,5.230294,0,Inflammatory,S1,Surgery,Combined exposure
S1_AAGTACCGTAGCTTTG-1,5.1436934,3.174359,2,Homeostatic-A,S1,Surgery,Combined exposure
S1_AAGTGAAAGGAAGAAC-1,2.4279037,8.513179,0,Inflammatory,S1,Surgery,Combined exposure
S1_AAGTGAACACGACTAT-1,0.056761465999999997,6.871257,0,Inflammatory,S1,Surgery,Combined exposure
S1_AAGTTCGGTGAGCTCC-1,4.036806,8.31923,2,Homeostatic-A,S1,Surgery,Combined exposure
S1_AAGTTCGTCGCCACTT-1,2.7699137,12.372955,0,Inflammatory,S1,Surgery,Combined exposure
S1_AATAGAGAGTGGCAGT-1,-1.4898420000000001,2.5060081,1,Transitional-A,S1,Surgery,Combined exposure
S1_AATAGAGCAATTGTGC-1,6.025985,-0.1579949,5,Transitional-B,S1,Surgery,Combined exposure
S1_AATAGAGGTGTAAACA-1,1.5145056,-1.9655821,4,Homeostatic-C,S1,Surgery,Combined exposure
S1_AATAGAGGTGTCTAAC-1,5.676432,-0.7550193,5,Transitional-B,S1,Surgery,Combined exposure
S1_AATCACGAGAAAGCGA-1,2.510493,4.126323,3,Homeostatic-B,S1,Surgery,Combined exposure
S1_AATGAAGAGTTGCGAG-1,-1.1599647,3.8306465,1,Transitional-A,S1,Surgery,Combined exposure
S1_AATGAAGGTTAATCGC-1,-1.1573011,-0.41440558,1,Transitional-A,S1,Surgery,Combined exposure
S1_AATGAAGTCCTATTTG-1,-0.49135414,5.791929,0,Inflammatory,S1,Surgery,Combined exposure
S1_AATGACCCATCATTGG-1,0.4283735,3.8602464,3,Homeostatic-B,S1,Surgery,Combined exposure
S1_AATGACCTCTAACGCA-1,6.168741,3.060936,2,Homeostatic-A,S1,Surgery,Combined exposure
S1_AATGCCAAGAAATTGC-1,1.538672,8.112318,0,Inflammatory,S1,Surgery,Combined exposure
S1_AATGCCAGTGGGATTG-1,-0.12081701,4.295749,1,Transitional-A,S1,Surgery,Combined exposure
S1_AATGGAAAGGCCTAAG-1,0.38813642,1.3972425,1,Transitional-A,S1,Surgery,Combined exposure
S1_AATGGCTAGAGTTGCG-1,4.422292,7.025632,2,Homeostatic-A,S1,Surgery,Combined exposure
S1_AATGGCTAGTGTTCCA-1,10.677818,2.6195054,6,Rare,S1,Surgery,Combined exposure
S1_AATTTCCGTACCACGC-1,3.9165711,3.1665041,3,Homeostatic-B,S1,Surgery,Combined exposure
S1_ACAAAGATCCACCTGT-1,-1.3672684,4.6425333,1,Transitional-A,S1,Surgery,Combined exposure
S1_ACAACCAAGGCAATGC-1,0.8837621,1.74471,1,Transitional-A,S1,Surgery,Combined exposure
S1_ACAAGCTAGCGCGTTC-1,1.881023,-1.5664068,4,Homeostatic-C,S1,Surgery,Combined exposure
S1_ACAAGCTAGTCATGCT-1,1.9639211,4.9641705,3,Homeostatic-B,S1,Surgery,Combined exposure
S1_ACACCAAGTTGTACGT-1,7.699362,0.6091459,5,Transitional-B,S1,Surgery,Combined exposure
S1_ACAGGGACAAGACCGA-1,0.5659064,2.8093054,1,Transitional-A,S1,Surgery,Combined exposure
S1_ACAGGGAGTAGGCTCC-1,0.82959354,3.1631086,1,Transitional-A,S1,Surgery,Combined exposure
S1_ACAGGGATCCCGATCT-1,3.1097946,0.7628934,4,Homeostatic-C,S1,Surgery,Combined exposure
S1_ACATCCCAGAGAACCC-1,5.284738,-0.9536852,5,Transitional-B,S1,Surgery,Combined exposure
S1_ACATCCCGTACTCCGG-1,2.9242067,0.89724725,4,Homeostatic-C,S1,Surgery,Combined exposure
S1_ACATCGAAGCAGTACG-1,2.920046,5.3910193,2,Homeostatic-A,S1,Surgery,Combined exposure
S1_ACATCGACAAGATTGA-1,2.8288581,8.265496,0,Inflammatory,S1,Surgery,Combined exposure
S1_ACATCGACAAGGGCAT-1,3.5941105,5.6536717,2,Homeostatic-A,S1,Surgery,Combined exposure
S1_ACATCGACAGACATCT-1,2.2885447,4.4856534,3,Homeostatic-B,S1,Surgery,Combined exposure
S1_ACATCGATCAAACTGC-1,0.7050451,4.273599,3,Homeostatic-B,S1,Surgery,Combined exposure
S1_ACATGCACAATCAGCT-1,0.7192066,3.870887,3,Homeostatic-B,S1,Surgery,Combined exposure
S1_ACATGCATCTACTCAT-1,-1.071558,1.7841209,1,Transitional-A,S1,Surgery,Combined exposure
S1_ACATTTCAGGGCTAAC-1,1.2655915,-0.41569433,4,Homeostatic-C,S1,Surgery,Combined exposure
S1_ACATTTCGTACGACAG-1,-1.8223008,3.0070083,1,Transitional-A,S1,Surgery,Combined exposure
S1_ACATTTCGTTAGAGAT-1,4.9222340000000004,4.1928406,2,Homeostatic-A,S1,Surgery,Combined exposure
S1_ACCAACACAAGGTTGG-1,2.363552,4.497004,3,Homeostatic-B,S1,Surgery,Combined exposure
S1_ACCACAATCGATACTG-1,0.52814305,7.3821764,0,Inflammatory,S1,Surgery,Combined exposure
S1_ACCACAATCGCCTAGG-1,3.7173092,5.2668605,2,Homeostatic-A,S1,Surgery,Combined exposure
S1_ACCATTTAGTCCCGGT-1,6.1976566,6.6455317,2,Homeostatic-A,S1,Surgery,Combined exposure
S1_ACCCTTGAGCTGACTT-1,1.6835158,10.71617,0,Inflammatory,S1,Surgery,Combined exposure
S1_ACCCTTGCAAGACTGG-1,3.9439645,1.3332157,3,Homeostatic-B,S1,Surgery,Combined exposure
S1_ACCCTTGGTTCAGCGC-1,-1.5856744,1.4484893,1,Transitional-A,S1,Surgery,Combined exposure
S1_ACCGTTCCACCAATTG-1,2.3817434,-1.9936008,4,Homeostatic-C,S1,Surgery,Combined exposure
S1_ACCGTTCCACTGTGTA-1,5.2484093,1.2152818,5,Transitional-B,S1,Surgery,Combined exposure
S1_ACCGTTCGTACTCGAT-1,1.8335739,7.5109925,0,Inflammatory,S1,Surgery,Combined exposure
S1_ACCTACCTCTCGCAGG-1,-1.2966486,2.8569803,1,Transitional-A,S1,Surgery,Combined exposure
S1_ACCTGAAAGCGAGTAC-1,-0.3973426,2.544162,1,Transitional-A,S1,Surgery,Combined exposure
S1_ACCTGTCGTATCGCGC-1,3.9872682,7.942504,2,Homeostatic-A,S1,Surgery,Combined exposure
S1_ACGATCAAGGAGACCT-1,3.6020393,5.4623218,2,Homeostatic-A,S1,Surgery,Combined exposure
S1_ACGATGTGTGGACAGT-1,-0.7993733,3.4002342,1,Transitional-A,S1,Surgery,Combined exposure
S1_ACGCACGAGAGCATTA-1,4.2689214,3.8585153,3,Homeostatic-B,S1,Surgery,Combined exposure
S1_ACGCACGAGCGCATCC-1,-0.10804287,6.2889357,0,Inflammatory,S1,Surgery,Combined exposure
S1_ACGCACGGTCAGGTGA-1,0.45184293,6.004275,0,Inflammatory,S1,Surgery,Combined exposure
S1_ACGCACGGTGTTAAAG-1,6.0867076,6.4789977,2,Homeostatic-A,S1,Surgery,Combined exposure
S1_ACGCACGTCCGGTAGC-1,5.553051,2.233346,3,Homeostatic-B,S1,Surgery,Combined exposure
S1_ACGGAAGAGCAGTAAT-1,0.49254116,6.355817,0,Inflammatory,S1,Surgery,Combined exposure
S1_ACGGAAGGTTGAAGTA-1,4.42015,4.9620833,2,Homeostatic-A,S1,Surgery,Combined exposure
S1_ACGGTCGAGGGAGTGG-1,1.9227684,4.5245175,3,Homeostatic-B,S1,Surgery,Combined exposure
S1_ACGGTTAAGGCTAACG-1,0.7991157,-0.60416853,4,Homeostatic-C,S1,Surgery,Combined exposure
S1_ACGTAACCACAGGATG-1,3.955377,2.8332326,3,Homeostatic-B,S1,Surgery,Combined exposure
S1_ACGTAACTCACTTGGA-1,4.618039,0.23180011,4,Homeostatic-C,S1,Surgery,Combined exposure
S1_ACGTACAGTCGCAGTC-1,2.438203,1.9102893,3,Homeostatic-B,S1,Surgery,Combined exposure
S1_ACGTACATCCTGCTAC-1,0.7408445,-2.3671987,4,Homeostatic-C,S1,Surgery,Combined exposure
S1_ACGTAGTGTTAAGCAA-1,0.4696913,9.889918,0,Inflammatory,S1,Surgery,Combined exposure
S1_ACGTAGTTCACCTACC-1,1.9131789,-0.5544704,4,Homeostatic-C,S1,Surgery,Combined exposure
S1_ACGTCCTAGATGCCGA-1,1.536914,3.9346316,3,Homeostatic-B,S1,Surgery,Combined exposure
S1_ACGTCCTGTCGGTAAG-1,2.6471686,8.3984785,0,Inflammatory,S1,Surgery,Combined exposure
S1_ACGTCCTTCGTTCTGC-1,5.861635,6.617498,2,Homeostatic-A,S1,Surgery,Combined exposure
S1_ACGTTCCAGACTTCAC-1,-0.9917705,0.7776874,1,Transitional-A,S1,Surgery,Combined exposure
S1_ACTACGATCGATGCTA-1,6.3867874,3.4673703,2,Homeostatic-A,S1,Surgery,Combined exposure
S1_ACTATCTAGGACTGGT-1,-0.90908533,4.6934967,1,Transitional-A,S1,Surgery,Combined exposure
S1_ACTATCTCATAGAGGC-1,3.329459,12.456574,0,Inflammatory,S1,Surgery,Combined exposure
S1_ACTATGGAGATGGGCT-1,3.6283202,1.4938992,3,Homeostatic-B,S1,Surgery,Combined exposure
S1_ACTATGGTCACCCTTG-1,1.0787748,2.404579,1,Transitional-A,S1,Surgery,Combined exposure
S1_ACTATTCAGAACGCGT-1,6.3004003,0.71766925,5,Transitional-B,S1,Surgery,Combined exposure
S1_ACTCCCAGTAACACCT-1,5.689018,-0.14940743,5,Transitional-B,S1,Surgery,Combined exposure
S1_ACTCCCAGTATCACGT-1,3.0578492,11.746697,0,Inflammatory,S1,Surgery,Combined exposure
S1_ACTCCCAGTTGGTACT-1,2.9287872,10.200365,0,Inflammatory,S1,Surgery,Combined exposure
S1_ACTGATGAGATGCCGA-1,4.6177053,3.71206,2,Homeostatic-A,S1,Surgery,Combined exposure
S1_ACTGCAATCCACATAG-1,6.141372,-0.60715604,5,Transitional-B,S1,Surgery,Combined exposure
S1_ACTGTCCGTACTGACT-1,0.23470132,5.907454,0,Inflammatory,S1,Surgery,Combined exposure
S1_ACTTAGGAGTAAGAGG-1,6.9263353,2.867595,2,Homeostatic-A,S1,Surgery,Combined exposure
S1_ACTTATCGTCCTCATC-1,4.204904,-0.5911525,4,Homeostatic-C,S1,Surgery,Combined exposure
S1_ACTTCGCCACAACGAG-1,-1.2677208,6.9504733,0,Inflammatory,S1,Surgery,Combined exposure
S1_ACTTCGCCAGATTCGT-1,-0.9903896,2.599495,1,Transitional-A,S1,Surgery,Combined exposure
S1_ACTTTCAAGTATGCAA-1,0.8021401,2.991104,1,Transitional-A,S1,Surgery,Combined exposure
S1_ACTTTCACATACGCAT-1,4.123604,7.7188845,2,Homeostatic-A,S1,Surgery,Combined exposure
S1_ACTTTCAGTGCCTTTC-1,0.9244127,6.1148233,0,Inflammatory,S1,Surgery,Combined exposure
S1_ACTTTGTCATGCCGAC-1,4.1428423,2.7810805,3,Homeostatic-B,S1,Surgery,Combined exposure
S1_ACTTTGTGTATGAAGT-1,-0.51896274,5.0950875,1,Transitional-A,S1,Surgery,Combined exposure
S1_ACTTTGTTCGTAACCA-1,3.121878,3.6716166,3,Homeostatic-B,S1,Surgery,Combined exposure
S1_AGAAATGCAACTTGCA-1,3.8388164,7.971597,2,Homeostatic-A,S1,Surgery,Combined exposure
S1_AGAAATGCACAACCGC-1,1.3304013,2.5995595,3,Homeostatic-B,S1,Surgery,Combined exposure
S1_AGAAATGGTGCGAACA-1,-1.4645542,1.5398767,1,Transitional-A,S1,Surgery,Combined exposure
S1_AGAAATGTCCTACGGG-1,5.16851,7.7566314,2,Homeostatic-A,S1,Surgery,Combined exposure
S1_AGAAGCGAGTCATCGT-1,4.8697205,8.5889,2,Homeostatic-A,S1,Surgery,Combined exposure
S1_AGAAGCGCAGTCGCAC-1,1.1680703,5.3458085,3,Homeostatic-B,S1,Surgery,Combined exposure
S1_AGACAAAAGAAAGCGA-1,-0.040134586,1.6391011,1,Transitional-A,S1,Surgery,Combined exposure
S1_AGACAAACAGCAGTTT-1,3.963928,3.6346552,3,Homeostatic-B,S1,Surgery,Combined exposure
S1_AGACAAAGTCGTATTG-1,9.090768,2.3198938,6,Rare,S1,Surgery,Combined exposure
S1_AGACACTGTAACGTTC-1,3.5625992,2.2159264,3,Homeostatic-B,S1,Surgery,Combined exposure
S1_AGACACTGTACCTAAC-1,-1.2400659,6.0891376,0,Inflammatory,S1,Surgery,Combined exposure
S1_AGACACTTCGCCAACG-1,4.786179,7.5545816,2,Homeostatic-A,S1,Surgery,Combined exposure
S1_AGACCATGTCCCTAAA-1,1.3254151,6.9795,0,Inflammatory,S1,Surgery,Combined exposure
S1_AGACCCGGTTCAAGTC-1,2.3004014,5.8150196,2,Homeostatic-A,S1,Surgery,Combined exposure
S1_AGAGAATCATGGCTGC-1,0.8195446,5.3276377,0,Inflammatory,S1,Surgery,Combined exposure
S1_AGAGCAGAGTTTGAGA-1,3.042415,8.12181,2,Homeostatic-A,S1,Surgery,Combined exposure
S1_AGAGCAGGTGACAACG-1,1.2188143,2.9113927,3,Homeostatic-B,S1,Surgery,Combined exposure
S1_AGAGCCCAGTTCGGTT-1,-1.0984864,2.7485802,1,Transitional-A,S1,Surgery,Combined exposure
S1_AGAGCCCCAGTCTACA-1,2.0968168,5.882504,2,Homeostatic-A,S1,Surgery,Combined exposure
S1_AGATAGATCACATCAG-1,2.8379612,7.9999003,0,Inflammatory,S1,Surgery,Combined exposure
S1_AGATCCAGTACAGAAT-1,2.4588704,4.730375,3,Homeostatic-B,S1,Surgery,Combined exposure
S1_AGATCCAGTCACTGAT-1,-0.41658968,2.3798203,1,Transitional-A,S1,Surgery,Combined exposure
S1_AGCATCAAGCTGGCTC-1,1.7101693,-0.71936107,4,Homeostatic-C,S1,Surgery,Combined exposure
S1_AGCCAATAGCTGGAGT-1,1.8116488,4.2093396,3,Homeostatic-B,S1,Surgery,Combined exposure
S1_AGCCAGCGTCAAAGCG-1,3.7673924,3.607463,3,Homeostatic-B,S1,Surgery,Combined exposure
S1_AGCGCCAAGAGCATTA-1,2.4439502,2.2466328,3,Homeostatic-B,S1,Surgery,Combined exposure
S1_AGCGCCAGTAGGCTCC-1,-0.7115031,1.5961151,1,Transitional-A,S1,Surgery,Combined exposure
S1_AGCGCCAGTTCTATCT-1,-0.07863693,8.623344,0,Inflammatory,S1,Surgery,Combined exposure
S1_AGCGCCAGTTTAGAGA-1,2.1400082,3.6800942,3,Homeostatic-B,S1,Surgery,Combined exposure
S1_AGCGCTGAGCGTACAG-1,3.1876338,7.7651544,0,Inflammatory,S1,Surgery,Combined exposure
S1_AGCGTATGTTTGTTGG-1,2.2445412,6.6159806,2,Homeostatic-A,S1,Surgery,Combined exposure
S1_AGCGTCGAGAGGACTC-1,5.937389,3.6966617,2,Homeostatic-A,S1,Surgery,Combined exposure
S1_AGCTCAATCGACACCG-1,3.5098033,8.795612,0,Inflammatory,S1,Surgery,Combined exposure
S1_AGCTTCCCACGATTCA-1,0.784226,5.8626447,0,Inflammatory,S1,Surgery,Combined exposure
S1_AGCTTCCTCTGACAGT-1,1.1072496,3.3406172,3,Homeostatic-B,S1,Surgery,Combined exposure
S1_AGGAATAGTAAGATCA-1,1.0765414,3.4759903,3,Homeostatic-B,S1,Surgery,Combined exposure
S1_AGGATAACAACTCGAT-1,0.1294059,7.0430183,0,Inflammatory,S1,Surgery,Combined exposure
S1_AGGATAACACAAGCAG-1,0.23207727,2.5875967,1,Transitional-A,S1,Surgery,Combined exposure
S1_AGGATCTGTTAAGACA-1,5.202567,4.5790563,2,Homeostatic-A,S1,Surgery,Combined exposure
S1_AGGCTGCCATACCATG-1,1.2876034,1.4389713,4,Homeostatic-C,S1,Surgery,Combined exposure
S1_AGGCTGCGTATGTCTG-1,-1.9188855,5.3341937,1,Transitional-A,S1,Surgery,Combined exposure
S1_AGGGCTCCAAATTGGA-1,-0.9290316,2.85765,1,Transitional-A,S1,Surgery,Combined exposure
S1_AGGGTCCAGCAGTAAT-1,0.10172198,7.673583,0,Inflammatory,S1,Surgery,Combined exposure
S1_AGGGTCCCAGCTGTTA-1,4.5354214,0.9736973,4,Homeostatic-C,S1,Surgery,Combined exposure
S1_AGGGTGAGTCTAGTGT-1,3.5961797,-0.5413623,4,Homeostatic-C,S1,Surgery,Combined exposure
S1_AGGTAGGCAAAGACGC-1,2.2818053,3.7032888,3,Homeostatic-B,S1,Surgery,Combined exposure
S1_AGGTCATAGCATCAAA-1,4.1256227,4.942245,2,Homeostatic-A,S1,Surgery,Combined exposure
S1_AGGTCATGTCTATGAC-1,-1.7245536,0.74541265,1,Transitional-A,S1,Surgery,Combined exposure
S1_AGTAACCGTGCACAAG-1,2.3371587,-0.3752402,4,Homeostatic-C,S1,Surgery,Combined exposure
S1_AGTAACCTCTCGTGGG-1,6.773646,4.8030214,2,Homeostatic-A,S1,Surgery,Combined exposure
S1_AGTACCAAGACTGTTC-1,0.17995664,1.6762501,1,Transitional-A,S1,Surgery,Combined exposure
S1_AGTACCAAGTAAATGC-1,2.380172,6.0481157,2,Homeostatic-A,S1,Surgery,Combined exposure
S1_AGTACCATCGAGCACC-1,5.6218233,2.045897,3,Homeostatic-B,S1,Surgery,Combined exposure
S1_AGTACTGGTTTGGGAG-1,2.0604649,-0.19899283,4,Homeostatic-C,S1,Surgery,Combined exposure
S1_AGTAGCTCATGAGATA-1,3.6509671,5.6937833,2,Homeostatic-A,S1,Surgery,Combined exposure
S1_AGTAGCTGTAGAATAC-1,5.5699396,2.4736786,3,Homeostatic-B,S1,Surgery,Combined exposure
S1_AGTAGCTTCTCCTACG-1,1.2634908,0.26572865,4,Homeostatic-C,S1,Surgery,Combined exposure
S1_AGTAGCTTCTGTCGCT-1,2.2723274,6.63788,2,Homeostatic-A,S1,Surgery,Combined exposure
S1_AGTAGTCAGTTGCCCG-1,0.91524047,4.0134926,3,Homeostatic-B,S1,Surgery,Combined exposure
S1_AGTAGTCCAGTAGTTC-1,-0.13422409,1.6085498,1,Transitional-A,S1,Surgery,Combined exposure
S1_AGTAGTCTCGGTAGGA-1,2.1154675,0.89822125,4,Homeostatic-C,S1,Surgery,Combined exposure
S1_AGTCAACTCTCTGACC-1,-0.2051509,1.9536253,1,Transitional-A,S1,Surgery,Combined exposure
S1_AGTCATGAGCTCCCTT-1,1.0440283,6.1099753,0,Inflammatory,S1,Surgery,Combined exposure
S1_AGTCATGCAATTGCAC-1,0.09365653,0.5693078,1,Transitional-A,S1,Surgery,Combined exposure
S1_AGTCATGCAGTCTTCC-1,0.4786777,-0.039065417,4,Homeostatic-C,S1,Surgery,Combined exposure
S1_AGTCATGCATCATTGG-1,-1.1469972,2.572685,1,Transitional-A,S1,Surgery,Combined exposure
S1_AGTCATGCATGGACAG-1,6.1239476,-1.1496183,5,Transitional-B,S1,Surgery,Combined exposure
S1_AGTCATGGTTCGGACC-1,4.1140966,10.16369,0,Inflammatory,S1,Surgery,Combined exposure
S1_AGTCATGTCCGCATAA-1,4.925926,4.0722528,2,Homeostatic-A,S1,Surgery,Combined exposure
S1_AGTCATGTCTCATTAC-1,2.1346276,0.21262372,4,Homeostatic-C,S1,Surgery,Combined exposure
S1_AGTCTCCAGAGCAGCT-1,-1.0503852,4.9441843,1,Transitional-A,S1,Surgery,Combined exposure
S1_AGTGACTAGGTCATTC-1,3.7398076,1.1070688,3,Homeostatic-B,S1,Surgery,Combined exposure
S1_AGTGACTGTCAAACGG-1,2.2683432,12.058374,0,Inflammatory,S1,Surgery,Combined exposure
S1_AGTGATCCACCCAACG-1,7.4880185,3.710964,2,Homeostatic-A,S1,Surgery,Combined exposure
S1_AGTGATCGTCGTTTCC-1,3.243916,3.016126,3,Homeostatic-B,S1,Surgery,Combined exposure
S1_AGTGATCGTGATAGAT-1,2.7991054,5.3596296,3,Homeostatic-B,S1,Surgery,Combined exposure
S1_AGTGATCTCACGATAC-1,1.5086437,6.1368914,0,Inflammatory,S1,Surgery,Combined exposure
S1_AGTGCCGAGGCAGCTA-1,3.994552,10.311167,0,Inflammatory,S1,Surgery,Combined exposure
S1_AGTGCCGGTCCCGTGA-1,-0.044672117,7.43565,0,Inflammatory,S1,Surgery,Combined exposure
S1_AGTTAGCGTACCGGCT-1,1.8568515,6.113361,0,Inflammatory,S1,Surgery,Combined exposure
S1_AGTTAGCTCCTCGCAT-1,1.9444813,0.6209686,4,Homeostatic-C,S1,Surgery,Combined exposure
S1_AGTTCCCGTGAATTAG-1,3.088333,1.8630663,3,Homeostatic-B,S1,Surgery,Combined exposure
S1_AGTTCCCTCGCTAGCG-1,2.957646,4.9808335,3,Homeostatic-B,S1,Surgery,Combined exposure
S1_AGTTCGATCGAGAATA-1,-1.8150747,5.5002823,1,Transitional-A,S1,Surgery,Combined exposure
S1_ATACCGAAGACTCATC-1,6.593665,-1.5253108,5,Transitional-B,S1,Surgery,Combined exposure
S1_ATACCTTCAACACGTT-1,-1.1794057,5.5854588,0,Inflammatory,S1,Surgery,Combined exposure
S1_ATACTTCCATGCTGCG-1,1.6161606,4.269851,3,Homeostatic-B,S1,Surgery,Combined exposure
S1_ATACTTCTCATTTCCA-1,6.4361076,5.8033037,2,Homeostatic-A,S1,Surgery,Combined exposure
S1_ATACTTCTCCTTATAC-1,3.301101,3.8168702,3,Homeostatic-B,S1,Surgery,Combined exposure
S1_ATAGACCCAAGTTCGT-1,0.6691024,7.670399,0,Inflammatory,S1,Surgery,Combined exposure
S1_ATAGACCTCATCGTAG-1,0.879655,0.18982965,4,Homeostatic-C,S1,Surgery,Combined exposure
S1_ATAGAGAAGGTGATAT-1,-0.59921294,6.2359204,0,Inflammatory,S1,Surgery,Combined exposure
S1_ATAGAGACACACCGAC-1,3.5084605,-1.7664316,4,Homeostatic-C,S1,Surgery,Combined exposure
S1_ATAGAGACATATACCG-1,0.5742347,7.104427,0,Inflammatory,S1,Surgery,Combined exposure
S1_ATAGAGAGTTAAGAAC-1,2.5216188,10.456512,0,Inflammatory,S1,Surgery,Combined exposure
S1_ATAGGCTAGTGATTCC-1,2.6236997,9.475036,0,Inflammatory,S1,Surgery,Combined exposure
S1_ATAGGCTTCGGTCGGT-1,4.0227327,2.5821054,3,Homeostatic-B,S1,Surgery,Combined exposure
S1_ATCACAGTCTTACCGC-1,5.2891335,5.52603,2,Homeostatic-A,S1,Surgery,Combined exposure
S1_ATCACGAGTCCAATCA-1,0.5079754,1.2489846,1,Transitional-A,S1,Surgery,Combined exposure
S1_ATCACTTGTTCAGGTT-1,8.108678,0.5903516,5,Transitional-B,S1,Surgery,Combined exposure
S1_ATCACTTTCTGCGTCT-1,1.366936,3.9884877,3,Homeostatic-B,S1,Surgery,Combined exposure
S1_ATCAGGTCAGGCTTGC-1,-1.8202599,1.6432791,1,Transitional-A,S1,Surgery,Combined exposure
S1_ATCATTCTCTCAGGCG-1,1.0519592,7.9975095,0,Inflammatory,S1,Surgery,Combined exposure
S1_ATCCACCGTCTCTCCA-1,3.3806078,-1.0255663,4,Homeostatic-C,S1,Surgery,Combined exposure
S1_ATCCACCTCACGGAGA-1,-1.5828785,0.82741326,1,Transitional-A,S1,Surgery,Combined exposure
S1_ATCCATTGTGATAGTA-1,-0.49136376,3.9346228,1,Transitional-A,S1,Surgery,Combined exposure
S1_ATCCCTGGTGATTAGA-1,3.368697,7.3877425,2,Homeostatic-A,S1,Surgery,Combined exposure
S1_ATCCGTCGTGTTCCAA-1,5.586523,0.86460626,5,Transitional-B,S1,Surgery,Combined exposure
S1_ATCGATGAGAAGATCT-1,0.0058272346,2.8096685,1,Transitional-A,S1,Surgery,Combined exposure
S1_ATCGATGCAACTCCCT-1,-2.069372,3.899896,1,Transitional-A,S1,Surgery,Combined exposure
S1_ATCGCCTGTCAGGTAG-1,-1.7162955,2.085281,1,Transitional-A,S1,Surgery,Combined exposure
S1_ATCGCCTTCAGCTTCC-1,0.15574239,4.522957,3,Homeostatic-B,S1,Surgery,Combined exposure
S1_ATCGGATCATGGGAAC-1,3.6413603,3.6471112,3,Homeostatic-B,S1,Surgery,Combined exposure
S1_ATCGGATTCAAGAGGC-1,0.2303747,1.1556396,1,Transitional-A,S1,Surgery,Combined exposure
S1_ATCGGCGAGGATTTGA-1,2.2873628,4.82441,3,Homeostatic-B,S1,Surgery,Combined exposure
S1_ATCGGCGCAAGAAACT-1,5.6062245,3.5633762,2,Homeostatic-A,S1,Surgery,Combined exposure
S1_ATCGGCGGTGACTGTT-1,1.742198,3.31227,3,Homeostatic-B,S1,Surgery,Combined exposure
S1_ATCGTAGAGTAGAGTT-1,1.8280025,2.900483,3,Homeostatic-B,S1,Surgery,Combined exposure
S1_ATCGTCCAGACATAAC-1,3.0114596,2.502604,3,Homeostatic-B,S1,Surgery,Combined exposure
S1_ATCGTCCAGTAAGACT-1,1.4410634,3.285945,3,Homeostatic-B,S1,Surgery,Combined exposure
S1_ATCGTCCGTCCTGGTG-1,4.971954,4.008485,2,Homeostatic-A,S1,Surgery,Combined exposure
S1_ATCGTCCTCAGTGTCA-1,0.026477145,4.190977,1,Transitional-A,S1,Surgery,Combined exposure
S1_ATCGTGACATTGAGGG-1,3.1901963,4.0728216,3,Homeostatic-B,S1,Surgery,Combined exposure
S1_ATCTCTACATGAAGCG-1,3.3748813,-0.59247714,4,Homeostatic-C,S1,Surgery,Combined exposure
S1_ATCTCTAGTCATATGC-1,-1.2406576,0.27915052,1,Transitional-A,S1,Surgery,Combined exposure
S1_ATGAAAGAGCCTAGGA-1,0.53590834,10.0632925,0,Inflammatory,S1,Surgery,Combined exposure
S1_ATGAAAGTCCCTTGGT-1,-0.45687875,4.611106,1,Transitional-A,S1,Surgery,Combined exposure
S1_ATGACCACAGCTGAGA-1,2.341133,3.273977,3,Homeostatic-B,S1,Surgery,Combined exposure
S1_ATGAGGGAGAACTCCT-1,5.2342687,-0.8602464,5,Transitional-B,S1,Surgery,Combined exposure
S1_ATGAGGGTCATAGAGA-1,1.4734279,-1.3289335,4,Homeostatic-C,S1,Surgery,Combined exposure
S1_ATGCATGTCCAAGCAT-1,10.361268,2.0835953,6,Rare,S1,Surgery,Combined exposure
S1_ATGCCTCCACACCGCA-1,0.14307685,2.912717,1,Transitional-A,S1,Surgery,Combined exposure
S1_ATGGGAGTCCTGTACC-1,2.076051,4.3411465,3,Homeostatic-B,S1,Surgery,Combined exposure
S1_ATGGGTTCAACAAGTA-1,3.0147445,3.706456,3,Homeostatic-B,S1,Surgery,Combined exposure
S1_ATGTCCCCACACAGAG-1,-1.4228846,1.0449636,1,Transitional-A,S1,Surgery,Combined exposure
S1_ATGTCTTTCAAGTCTG-1,1.357558,4.829237,3,Homeostatic-B,S1,Surgery,Combined exposure
S1_ATGTCTTTCACTAGCA-1,4.065153,2.807862,3,Homeostatic-B,S1,Surgery,Combined exposure
S1_ATTACCTCAGCGTTGC-1,3.708054,1.0529466,3,Homeostatic-B,S1,Surgery,Combined exposure
S1_ATTACTCAGGTTAGTA-1,2.8917394,0.5970813,4,Homeostatic-C,S1,Surgery,Combined exposure
S1_ATTACTCGTATCACGT-1,2.523187,4.104217,3,Homeostatic-B,S1,Surgery,Combined exposure
S1_ATTACTCTCCCACAGG-1,3.1626768,1.5302734,3,Homeostatic-B,S1,Surgery,Combined exposure
S1_ATTATCCTCGATGCAT-1,4.9562845,1.3842497,3,Homeostatic-B,S1,Surgery,Combined exposure
S1_ATTATCCTCGGCATAT-1,4.445372,5.436073,2,Homeostatic-A,S1,Surgery,Combined exposure
S1_ATTCACTTCTGTCTCG-1,-0.18645388,3.3957171,1,Transitional-A,S1,Surgery,Combined exposure
S1_ATTCAGGTCCAACACA-1,-0.77743053,5.438027,1,Transitional-A,S1,Surgery,Combined exposure
S1_ATTCATCTCGTAGCCG-1,-1.6683992,5.80819,0,Inflammatory,S1,Surgery,Combined exposure
S1_ATTCCATTCCGAACGC-1,2.6807938,0.25749847,4,Homeostatic-C,S1,Surgery,Combined exposure
S1_ATTCCCGGTCAATGGG-1,-1.6258634,1.927862,1,Transitional-A,S1,Surgery,Combined exposure
S1_ATTCCCGTCGATACAC-1,2.5585077,-1.6135418,4,Homeostatic-C,S1,Surgery,Combined exposure
S1_ATTCCTAAGAGCAGCT-1,0.64512926,9.274344,0,Inflammatory,S1,Surgery,Combined exposure
S1_ATTCCTAGTCTGTGCG-1,-1.2121754,2.4173188,1,Transitional-A,S1,Surgery,Combined exposure
S1_ATTCTACCACAAGCTT-1,1.4573538,1.7414703,4,Homeostatic-C,S1,Surgery,Combined exposure
S1_ATTCTACTCTGGTGCG-1,3.3610613,3.7601836,3,Homeostatic-B,S1,Surgery,Combined exposure
S1_ATTGGGTTCATTGTGG-1,0.7575052,1.0146065,1,Transitional-A,S1,Surgery,Combined exposure
S1_ATTGGGTTCTCCGTGT-1,4.203633,6.894068,2,Homeostatic-A,S1,Surgery,Combined exposure
S1_ATTGTTCTCAATCCAG-1,-2.4861908,0.8227676,1,Transitional-A,S1,Surgery,Combined exposure
S1_ATTGTTCTCTCGCCTA-1,-0.82104456,6.9095263,0,Inflammatory,S1,Surgery,Combined exposure
S1_ATTTCTGAGACCGCCT-1,4.9004784,5.2115808,2,Homeostatic-A,S1,Surgery,Combined exposure
S1_ATTTCTGCAACAAGTA-1,5.4528265,1.6840911,3,Homeostatic-B,S1,Surgery,Combined exposure
S1_ATTTCTGCATACATCG-1,3.5362263,3.3664765,3,Homeostatic-B,S1,Surgery,Combined exposure
S1_CAACAACCATCTAACG-1,0.7513481,4.3867965,3,Homeostatic-B,S1,Surgery,Combined exposure
S1_CAACAACCATGCGGTC-1,1.8305689,9.711263,0,Inflammatory,S1,Surgery,Combined exposure
S1_CAACAGTGTTTGTTCT-1,2.5190513,-1.5354314,4,Homeostatic-C,S1,Surgery,Combined exposure
S1_CAACAGTTCGCTACGG-1,-1.2476566,5.8885746,0,Inflammatory,S1,Surgery,Combined exposure
S1_CAACCAAGTGTAAACA-1,0.6927694,9.861721,0,Inflammatory,S1,Surgery,Combined exposure
S1_CAACCAAGTTTGCCGG-1,-0.98850095,1.6508272,1,Transitional-A,S1,Surgery,Combined exposure
S1_CAACCAATCTCTGGTC-1,0.7036295,2.9194138,3,Homeostatic-B,S1,Surgery,Combined exposure
S1_CAACGGCAGCCGTAAG-1,3.8506582,8.037757,2,Homeostatic-A,S1,Surgery,Combined exposure
S1_CAAGACTAGCCTGAAG-1,3.5081108,5.4389873,2,Homeostatic-A,S1,Surgery,Combined exposure
S1_CAAGACTGTACCACGC-1,4.778269,-0.26226082,5,Transitional-B,S1,Surgery,Combined exposure
S1_CAAGAGGGTCTTAGTG-1,3.7184927,0.5849408,4,Homeostatic-C,S1,Surgery,Combined exposure
S1_CAAGGGAAGTCCTGCG-1,1.1410843,1.028178,4,Homeostatic-C,S1,Surgery,Combined exposure
S1_CAAGGGAGTTCCCACT-1,5.189631,4.216384,2,Homeostatic-A,S1,Surgery,Combined exposure
S1_CAAGGGATCCGTGGCA-1,0.56982535,6.96743,0,Inflammatory,S1,Surgery,Combined exposure
S1_CAATCGACATCACCAA-1,4.9553776,1.0614282,3,Homeostatic-B,S1,Surgery,Combined exposure
S1_CAATGACCACACCGCA-1,0.32532063,0.18603535,4,Homeostatic-C,S1,Surgery,Combined exposure
S1_CAATGACTCGGTCTAA-1,0.31680062,7.04827,0,Inflammatory,S1,Surgery,Combined exposure
S1_CAATTTCCAATGGCAG-1,3.090375,12.609124,0,Inflammatory,S1,Surgery,Combined exposure
S1_CAATTTCCACCCTGTT-1,1.4145365,-1.798205,4,Homeostatic-C,S1,Surgery,Combined exposure
S1_CAATTTCGTCCGTTTC-1,5.9923763,5.182533,2,Homeostatic-A,S1,Surgery,Combined exposure
S1_CAATTTCGTCGGCCTA-1,6.5907807,4.47823,2,Homeostatic-A,S1,Surgery,Combined exposure
S1_CAATTTCGTTACGTAC-1,6.135253,8.824455,0,Inflammatory,S1,Surgery,Combined exposure
S1_CACAACACACGATAGG-1,3.8252807,1.6174997,3,Homeostatic-B,S1,Surgery,Combined exposure
S1_CACAACAGTTGGGAAC-1,-1.4158069,2.8997734,1,Transitional-A,S1,Surgery,Combined exposure
S1_CACAGATCAGAATCGG-1,3.715585,-0.363645,4,Homeostatic-C,S1,Surgery,Combined exposure
S1_CACATGACATCAGCGC-1,2.185211,5.4317,3,Homeostatic-B,S1,Surgery,Combined exposure
S1_CACCAAAGTGGATGAC-1,-2.3350422,2.696672,1,Transitional-A,S1,Surgery,Combined exposure
S1_CACCGTTAGTCTACCA-1,3.3705618,2.9633927,3,Homeostatic-B,S1,Surgery,Combined exposure
S1_CACCGTTGTCCCTGTT-1,-2.3065271,2.8848627,1,Transitional-A,S1,Surgery,Combined exposure
S1_CACCGTTGTCTGGTTA-1,1.8442593,7.576088,0,Inflammatory,S1,Surgery,Combined exposure
S1_CACCGTTTCTTAGCAG-1,-0.57391983,7.5676794,0,Inflammatory,S1,Surgery,Combined exposure
S1_CACGAATAGACGCATG-1,6.4026675,0.37363353,5,Transitional-B,S1,Surgery,Combined exposure
S1_CACGAATCACCGCTGA-1,-2.5908837,3.354571,1,Transitional-A,S1,Surgery,Combined exposure
S1_CACGGGTCACATAACC-1,4.5632524,4.3456254,2,Homeostatic-A,S1,Surgery,Combined exposure
S1_CACGGGTGTGTGTTTG-1,5.0467134,4.055837,2,Homeostatic-A,S1,Surgery,Combined exposure
S1_CACGGGTGTTGAATCC-1,-1.3044479,0.61728024,1,Transitional-A,S1,Surgery,Combined exposure
S1_CACGTGGAGGTAGCCA-1,2.463771,4.20531,3,Homeostatic-B,S1,Surgery,Combined exposure
S1_CACGTGGCAGCGTATT-1,-0.06610536,9.735302,0,Inflammatory,S1,Surgery,Combined exposure
S1_CACGTTCCAATGGCCC-1,2.6113741,2.1591191,3,Homeostatic-B,S1,Surgery,Combined exposure
S1_CACGTTCCATCCGTGG-1,2.7659068,0.115775615,4,Homeostatic-C,S1,Surgery,Combined exposure
S1_CACGTTCTCCGGTAAT-1,1.6975601,5.5534134,0,Inflammatory,S1,Surgery,Combined exposure
S1_CACTAAGGTCCAGTTA-1,-1.26227,5.036093,1,Transitional-A,S1,Surgery,Combined exposure
S1_CACTTCGAGAAGGATG-1,1.1149344,4.107152,3,Homeostatic-B,S1,Surgery,Combined exposure
S1_CAGAGCCAGTCCGTCG-1,1.9930899,4.0208025,3,Homeostatic-B,S1,Surgery,Combined exposure
S1_CAGATTGCATTGAAGA-1,-0.28568977,0.37561783,1,Transitional-A,S1,Surgery,Combined exposure
S1_CAGCAATGTATCGATC-1,0.859925,9.4620905,0,Inflammatory,S1,Surgery,Combined exposure
S1_CAGCAGCGTGTCTAAC-1,1.8544282,-0.02584855,4,Homeostatic-C,S1,Surgery,Combined exposure
S1_CAGCCAGCAAAGCACG-1,0.3274111,-1.0534263,4,Homeostatic-C,S1,Surgery,Combined exposure
S1_CAGCCAGGTCGTATTG-1,-1.4230857,5.1110486999999996,1,Transitional-A,S1,Surgery,Combined exposure
S1_CAGCGTGAGTCATAGA-1,1.2997578,-0.30082485,4,Homeostatic-C,S1,Surgery,Combined exposure
S1_CAGCGTGTCAGTCCGG-1,1.0049629,-0.55663955,4,Homeostatic-C,S1,Surgery,Combined exposure
S1_CAGGCCAGTCGGTACC-1,-0.9024486,7.1407137,0,Inflammatory,S1,Surgery,Combined exposure
S1_CAGGCCATCGCAGTCG-1,1.6368563,0.083949514,4,Homeostatic-C,S1,Surgery,Combined exposure
S1_CAGGGCTGTTCACCGG-1,7.721013,-0.5691666,5,Transitional-B,S1,Surgery,Combined exposure
S1_CAGGGCTGTTGTCAGT-1,5.3542523,4.25523,2,Homeostatic-A,S1,Surgery,Combined exposure
S1_CAGGTATCACGTACAT-1,0.18731928,6.7532816,0,Inflammatory,S1,Surgery,Combined exposure
S1_CAGTTCCGTATGGTAA-1,0.97242343,7.8327365,0,Inflammatory,S1,Surgery,Combined exposure
S1_CATAAGCGTGAGCGAT-1,6.101929,5.2461276,2,Homeostatic-A,S1,Surgery,Combined exposure
S1_CATAAGCTCCTAGCTC-1,-0.074963324,7.525841,0,Inflammatory,S1,Surgery,Combined exposure
S1_CATACAGAGGGCAGGA-1,1.0808653,1.0451704,1,Transitional-A,S1,Surgery,Combined exposure
S1_CATACCCAGCGCCCAT-1,8.016163,-0.08904375,5,Transitional-B,S1,Surgery,Combined exposure
S1_CATACCCCACCTGATA-1,2.5358915,1.7497958,3,Homeostatic-B,S1,Surgery,Combined exposure
S1_CATACCCGTCAATGGG-1,0.05362903,1.8669261,1,Transitional-A,S1,Surgery,Combined exposure
S1_CATACCCGTCGCCACA-1,-2.3399837,1.2097205,1,Transitional-A,S1,Surgery,Combined exposure
S1_CATACCCGTGACAACG-1,7.6219907,0.14620708,5,Transitional-B,S1,Surgery,Combined exposure
S1_CATACCCTCACGGAGA-1,-0.886056,5.55168,0,Inflammatory,S1,Surgery,Combined exposure
S1_CATACTTGTCATGCAT-1,-0.56585324,4.3653708,1,Transitional-A,S1,Surgery,Combined exposure
S1_CATAGACGTATCATGC-1,3.7222917,1.9048028,3,Homeostatic-B,S1,Surgery,Combined exposure
S1_CATCAAGAGATGTTCC-1,0.2675088,4.5572762000000004,3,Homeostatic-B,S1,Surgery,Combined exposure
S1_CATCAAGCAAATGGCG-1,1.7477378,4.539376,3,Homeostatic-B,S1,Surgery,Combined exposure
S1_CATCAAGCAAGCTGTT-1,1.8997327,5.799219,2,Homeostatic-A,S1,Surgery,Combined exposure
S1_CATCAAGCAAGGAGTC-1,4.997167,4.9454947,2,Homeostatic-A,S1,Surgery,Combined exposure
S1_CATCCACTCATTATCC-1,1.4885943,-2.0261252,4,Homeostatic-C,S1,Surgery,Combined exposure
S1_CATCCCATCTCGCCTA-1,-0.06228839,5.545663,0,Inflammatory,S1,Surgery,Combined exposure
S1_CATCCGTGTGACAGGT-1,3.2414536,5.7443595,2,Homeostatic-A,S1,Surgery,Combined exposure
S1_CATCCGTGTGTCTAAC-1,1.9743353,3.9609966,3,Homeostatic-B,S1,Surgery,Combined exposure
S1_CATCGCTTCGCTAAAC-1,4.6669383,2.1090136,3,Homeostatic-B,S1,Surgery,Combined exposure
S1_CATCGGGAGGTTGGAC-1,0.59153134,-0.14907527,4,Homeostatic-C,S1,Surgery,Combined exposure
S1_CATCGGGTCCCTATTA-1,-1.6806842,1.9784985,1,Transitional-A,S1,Surgery,Combined exposure
S1_CATCGTCAGAAACCAT-1,-1.3428221,2.4092197,1,Transitional-A,S1,Surgery,Combined exposure
S1_CATCGTCTCTACGCAA-1,0.64648384,2.3793917,1,Transitional-A,S1,Surgery,Combined exposure
S1_CATGAGTCACTCTAGA-1,2.1928794,4.736169,3,Homeostatic-B,S1,Surgery,Combined exposure
S1_CATGCAAAGGTGCCAA-1,10.215117,2.1386533,6,Rare,S1,Surgery,Combined exposure
S1_CATGCCTAGCGATTCT-1,1.4058365,8.014012,0,Inflammatory,S1,Surgery,Combined exposure
S1_CATGCCTAGGGACTGT-1,-2.0940855,2.5049577,1,Transitional-A,S1,Surgery,Combined exposure
S1_CATGCCTTCACCGGGT-1,2.521046,4.608856,3,Homeostatic-B,S1,Surgery,Combined exposure
S1_CATGCGGCAGTATTCG-1,1.2522926,6.806868,0,Inflammatory,S1,Surgery,Combined exposure
S1_CATGCGGGTTGAGGAC-1,1.7005718,8.569894,0,Inflammatory,S1,Surgery,Combined exposure
S1_CATGCTCCAAGTCCCG-1,1.63901,3.0576644,3,Homeostatic-B,S1,Surgery,Combined exposure
S1_CATGGATCAGAAGCGT-1,-0.509067,2.54122,1,Transitional-A,S1,Surgery,Combined exposure
S1_CATGGATGTGACGCCT-1,3.8375945,3.656626,3,Homeostatic-B,S1,Surgery,Combined exposure
S1_CATGGTACATTGGGAG-1,4.238253,4.707036,2,Homeostatic-A,S1,Surgery,Combined exposure
S1_CATTCCGGTGAATAAC-1,3.6916206,5.405353,2,Homeostatic-A,S1,Surgery,Combined exposure
S1_CATTCCGTCAATGCAC-1,-0.9203302,-0.25765342,1,Transitional-A,S1,Surgery,Combined exposure
S1_CATTCTAGTGCGAGTA-1,2.9920166,9.089425,0,Inflammatory,S1,Surgery,Combined exposure
S1_CATTGTTTCATCCTAT-1,1.8913549,5.848473,3,Homeostatic-B,S1,Surgery,Combined exposure
S1_CATTGTTTCTCCGTGT-1,-0.44544607,2.1874855,1,Transitional-A,S1,Surgery,Combined exposure
S1_CATTTCATCATTTCCA-1,0.5305186,-1.1315397,4,Homeostatic-C,S1,Surgery,Combined exposure
S1_CATTTCATCCGAGCTG-1,-0.39938542,5.9117756,0,Inflammatory,S1,Surgery,Combined exposure
S1_CCACAAAAGGATCATA-1,0.4977149,8.985358,0,Inflammatory,S1,Surgery,Combined exposure
S1_CCACAAAAGGGCAATC-1,4.173731,4.6085205,2,Homeostatic-A,S1,Surgery,Combined exposure
S1_CCACAAATCCTGTACC-1,-0.032282952,2.0808012,1,Transitional-A,S1,Surgery,Combined exposure
S1_CCACACTCACCCTTAC-1,0.2710204,5.599628,0,Inflammatory,S1,Surgery,Combined exposure
S1_CCACGTTGTCACCCTT-1,1.6922395,3.3340378,3,Homeostatic-B,S1,Surgery,Combined exposure
S1_CCATCACAGGTTACAA-1,3.6011379,5.943305,2,Homeostatic-A,S1,Surgery,Combined exposure
S1_CCATCACGTACGATTC-1,-1.4688728,-0.07793746,1,Transitional-A,S1,Surgery,Combined exposure
S1_CCCATTGCAATGTTGC-1,3.1006083,10.750515,0,Inflammatory,S1,Surgery,Combined exposure
S1_CCCATTGGTGACCTGC-1,8.118106,-1.1961967,5,Transitional-B,S1,Surgery,Combined exposure
S1_CCCGAAGAGGACACTG-1,6.6890407,4.1052322,2,Homeostatic-A,S1,Surgery,Combined exposure
S1_CCCGAAGTCCTACCGT-1,-1.7946751,1.9974861,1,Transitional-A,S1,Surgery,Combined exposure
S1_CCCGGAACAATGTCTG-1,5.371287,1.9294555,3,Homeostatic-B,S1,Surgery,Combined exposure
S1_CCCGGAACACGCTATA-1,-1.0284898,-0.41942805,1,Transitional-A,S1,Surgery,Combined exposure
S1_CCCGGAAGTACAGGTG-1,3.3148484,4.2495155,3,Homeostatic-B,S1,Surgery,Combined exposure
S1_CCCGGAAGTTTGAACC-1,1.0189638,5.630965,0,Inflammatory,S1,Surgery,Combined exposure
S1_CCCTAACCATTGGGAG-1,6.3053045,4.4698644,2,Homeostatic-A,S1,Surgery,Combined exposure
S1_CCCTAACTCCGACATA-1,-1.5616717,6.136751,0,Inflammatory,S1,Surgery,Combined exposure
S1_CCCTCAACAAGCGATG-1,2.797169,2.2287343,3,Homeostatic-B,S1,Surgery,Combined exposure
S1_CCCTCAAGTACGGTTT-1,-0.832013,3.9971106,1,Transitional-A,S1,Surgery,Combined exposure
S1_CCCTCTCAGAGGGTGG-1,1.7266796,8.22176,0,Inflammatory,S1,Surgery,Combined exposure
S1_CCCTGATTCATGTCTT-1,3.9548266,7.3236127,2,Homeostatic-A,S1,Surgery,Combined exposure
S1_CCCTGATTCCATGCAA-1,3.9548173,2.0291798,3,Homeostatic-B,S1,Surgery,Combined exposure
S1_CCCTTAGAGGCCTAAG-1,3.4701133,2.7681832,3,Homeostatic-B,S1,Surgery,Combined exposure
S1_CCCTTAGCAATCCTAG-1,8.144539,-1.4725683,5,Transitional-B,S1,Surgery,Combined exposure
S1_CCGATCTAGACGCTCC-1,1.8784143,1.9940641,3,Homeostatic-B,S1,Surgery,Combined exposure
S1_CCGATGGTCCCTGGTT-1,3.1562629,1.1694231,4,Homeostatic-C,S1,Surgery,Combined exposure
S1_CCGCAAGTCAAGGACG-1,6.222665,1.9606857,5,Transitional-B,S1,Surgery,Combined exposure
S1_CCGGACACACTTCAGA-1,0.7377006,3.359889,3,Homeostatic-B,S1,Surgery,Combined exposure
S1_CCGGGTACAGAGGAAA-1,4.6491685,8.1973095,2,Homeostatic-A,S1,Surgery,Combined exposure
S1_CCGGGTAGTTAGGCCC-1,5.443574,8.32124,2,Homeostatic-A,S1,Surgery,Combined exposure
S1_CCGGTAGAGCGAGAAA-1,2.6055944,6.4452085,2,Homeostatic-A,S1,Surgery,Combined exposure
S1_CCGGTAGTCGCCATAA-1,0.16654752,1.5555494,1,Transitional-A,S1,Surgery,Combined exposure
S1_CCGTAGGAGTTGTCGT-1,1.3296952,5.5868998,0,Inflammatory,S1,Surgery,Combined exposure
S1_CCGTAGGGTTGGTACT-1,4.2962565,2.5027187,3,Homeostatic-B,S1,Surgery,Combined exposure
S1_CCGTAGGTCGTGCAGC-1,-0.3222748,6.976441,0,Inflammatory,S1,Surgery,Combined exposure
S1_CCGTTCAAGTAGAGTT-1,5.1010942,3.661196,2,Homeostatic-A,S1,Surgery,Combined exposure
S1_CCTAAGAGTACGGCAA-1,4.587239,8.134204,2,Homeostatic-A,S1,Surgery,Combined exposure
S1_CCTACGTAGGAGTACC-1,10.30328,2.202813,6,Rare,S1,Surgery,Combined exposure
S1_CCTACGTAGTTGAATG-1,1.3435259,0.6294513,4,Homeostatic-C,S1,Surgery,Combined exposure
S1_CCTACGTTCTGTTGGA-1,1.1295751,1.2727449,1,Transitional-A,S1,Surgery,Combined exposure
S1_CCTATCGAGCAACTTC-1,-0.2575533,1.1108186,1,Transitional-A,S1,Surgery,Combined exposure
S1_CCTCAGTCAAGCTGTT-1,-1.7176827,1.2591377,1,Transitional-A,S1,Surgery,Combined exposure
S1_CCTCAGTTCCACAGGC-1,1.3160006,5.088878,3,Homeostatic-B,S1,Surgery,Combined exposure
S1_CCTCATGAGCAAATGT-1,1.2836964,-2.0555413,4,Homeostatic-C,S1,Surgery,Combined exposure
S1_CCTCCAACATCTCAAG-1,-0.6499857,4.359785,1,Transitional-A,S1,Surgery,Combined exposure
S1_CCTCTAGAGCATGTTC-1,0.67686224,3.8390667,3,Homeostatic-B,S1,Surgery,Combined exposure
S1_CCTCTAGGTATCACCA-1,4.23525,5.0070915,2,Homeostatic-A,S1,Surgery,Combined exposure
S1_CCTCTAGTCCTGGCTT-1,5.198622,5.615004,2,Homeostatic-A,S1,Surgery,Combined exposure
S1_CCTCTCCGTAACGGTG-1,-1.7472144,0.38844767,1,Transitional-A,S1,Surgery,Combined exposure
S1_CCTGTTGAGTGCTAGG-1,4.2923512,3.0582852,3,Homeostatic-B,S1,Surgery,Combined exposure
S1_CCTGTTGAGTTGTCGT-1,1.4528296,5.7890725,2,Homeostatic-A,S1,Surgery,Combined exposure
S1_CCTGTTGCACTAACGT-1,3.2059617,0.13168374,4,Homeostatic-C,S1,Surgery,Combined exposure
S1_CCTTCAGCATGGAATA-1,-0.42088512,3.4835646,1,Transitional-A,S1,Surgery,Combined exposure
S1_CCTTCAGGTGCAATAA-1,3.9483337,4.237416,2,Homeostatic-A,S1,Surgery,Combined exposure
S1_CCTTCAGTCATTACTC-1,2.0552838,-0.6005915,4,Homeostatic-C,S1,Surgery,Combined exposure
S1_CCTTGTGCAGAGATTA-1,4.3237267,1.7426907,3,Homeostatic-B,S1,Surgery,Combined exposure
S1_CCTTTGGCAAACCGGA-1,-0.16461885,2.3416238,1,Transitional-A,S1,Surgery,Combined exposure
S1_CGAAGGAAGCCGTTGC-1,4.7312655,1.6591351,3,Homeostatic-B,S1,Surgery,Combined exposure
S1_CGAAGGATCGACCCAG-1,-0.61193687,4.578865,1,Transitional-A,S1,Surgery,Combined exposure
S1_CGAAGGATCTACCCAC-1,-1.7286751,-0.36334237,1,Transitional-A,S1,Surgery,Combined exposure
S1_CGAAGTTAGCGACATG-1,-1.8106328,1.9867783,1,Transitional-A,S1,Surgery,Combined exposure
S1_CGAATTGCATGGAAGC-1,4.223444,1.0748779,3,Homeostatic-B,S1,Surgery,Combined exposure
S1_CGAATTGTCTCTGGTC-1,7.308078,0.8151699,5,Transitional-B,S1,Surgery,Combined exposure
S1_CGACAGCAGAAGCGGG-1,-1.0427732,0.010829203,1,Transitional-A,S1,Surgery,Combined exposure
S1_CGACAGCTCCGATAAC-1,2.492057,4.3832097,3,Homeostatic-B,S1,Surgery,Combined exposure
S1_CGACAGCTCTACGGGC-1,0.41778243,4.774262,3,Homeostatic-B,S1,Surgery,Combined exposure
S1_CGAGAAGTCCATTTAC-1,3.6168725,2.279343,3,Homeostatic-B,S1,Surgery,Combined exposure
S1_CGAGAAGTCGACCCAG-1,0.03385608,0.9540362,1,Transitional-A,S1,Surgery,Combined exposure
S1_CGAGGAAAGCGCTTCG-1,5.28454,5.006442,2,Homeostatic-A,S1,Surgery,Combined exposure
S1_CGAGGAAAGTGCGTCC-1,-0.13783664,4.1284366,1,Transitional-A,S1,Surgery,Combined exposure
S1_CGAGGAATCCTTCTAA-1,1.5370115,3.4585948,3,Homeostatic-B,S1,Surgery,Combined exposure
S1_CGAGGCTCAGTCCGTG-1,-0.3083135,2.1376626,1,Transitional-A,S1,Surgery,Combined exposure
S1_CGAGTGCGTGGAACAC-1,4.4046288,1.2766838,3,Homeostatic-B,S1,Surgery,Combined exposure
S1_CGAGTGCTCCCTCAAC-1,4.938345,6.968637,2,Homeostatic-A,S1,Surgery,Combined exposure
S1_CGAGTTAAGATTGACA-1,1.6903474,2.7908494,3,Homeostatic-B,S1,Surgery,Combined exposure
S1_CGAGTTATCCGTTGGG-1,2.9323072,2.7951958,3,Homeostatic-B,S1,Surgery,Combined exposure
S1_CGATGCGCACGAGGTA-1,4.8953430000000004,9.484666,0,Inflammatory,S1,Surgery,Combined exposure
S1_CGATGGCAGAATCGAT-1,1.3396688,5.420277,3,Homeostatic-B,S1,Surgery,Combined exposure
S1_CGATGGCAGCGTCAAG-1,1.5285038,-0.9598505,4,Homeostatic-C,S1,Surgery,Combined exposure
S1_CGCAGGTAGCTCGTGC-1,1.7001858,7.8616896,0,Inflammatory,S1,Surgery,Combined exposure
S1_CGCAGGTCATACCAGT-1,6.3733296,3.2319746,2,Homeostatic-A,S1,Surgery,Combined exposure
S1_CGCAGGTTCACCATGA-1,0.0815778,7.4507017,0,Inflammatory,S1,Surgery,Combined exposure
S1_CGCATAAAGCTAAATG-1,2.225405,1.5992002,3,Homeostatic-B,S1,Surgery,Combined exposure
S1_CGCATAACAATATCCG-1,2.367506,5.8758726,2,Homeostatic-A,S1,Surgery,Combined exposure
S1_CGCATAAGTGAGTAAT-1,-1.4322876,3.5915513,1,Transitional-A,S1,Surgery,Combined exposure
S1_CGCATAATCCTCATAT-1,6.3088393,-1.2303561,5,Transitional-B,S1,Surgery,Combined exposure
S1_CGCATGGCACCTCAGG-1,-1.566699,0.6978571,1,Transitional-A,S1,Surgery,Combined exposure
S1_CGCATGGGTAGATGTA-1,0.78205884,-0.3374467,4,Homeostatic-C,S1,Surgery,Combined exposure
S1_CGCATGGGTGAGCTCC-1,6.385785,-0.5187183,5,Transitional-B,S1,Surgery,Combined exposure
S1_CGCATGGTCTGCCTCA-1,1.3745736,2.2792225,3,Homeostatic-B,S1,Surgery,Combined exposure
S1_CGCCATTAGAGCAGCT-1,1.1552379,9.307932,0,Inflammatory,S1,Surgery,Combined exposure
S1_CGCGTGAAGTAGGGTC-1,2.5307121,3.8294072,3,Homeostatic-B,S1,Surgery,Combined exposure
S1_CGCGTGATCCTGGGAC-1,5.628181,4.3434744,2,Homeostatic-A,S1,Surgery,Combined exposure
S1_CGGAACCTCATCGGGC-1,-0.6358193,-0.17380832,1,Transitional-A,S1,Surgery,Combined exposure
S1_CGGAACCTCCCGAACG-1,1.093497,9.343528,0,Inflammatory,S1,Surgery,Combined exposure
S1_CGGAACCTCCGGACGT-1,-0.051577363,7.559856,0,Inflammatory,S1,Surgery,Combined exposure
S1_CGGAATTAGTGCCGAA-1,4.323381,-0.5463553,4,Homeostatic-C,S1,Surgery,Combined exposure
S1_CGGACACCAACCCTCT-1,0.6270699,3.830995,3,Homeostatic-B,S1,Surgery,Combined exposure
S1_CGGAGAAGTGAGCGAT-1,-0.6232207,3.1467452,1,Transitional-A,S1,Surgery,Combined exposure
S1_CGGAGAAGTGAGCTCC-1,4.66528,11.819962,0,Inflammatory,S1,Surgery,Combined exposure
S1_CGGAGAAGTGCTCTTC-1,1.5276036,7.2547293,0,Inflammatory,S1,Surgery,Combined exposure
S1_CGGCAGTAGCGCGTTC-1,1.6326495,4.326728,3,Homeostatic-B,S1,Surgery,Combined exposure
S1_CGGGACTGTAGCGTTT-1,-1.7309473,2.785779,1,Transitional-A,S1,Surgery,Combined exposure
S1_CGGGCATCAGTATTCG-1,-1.813124,2.5578437,1,Transitional-A,S1,Surgery,Combined exposure
S1_CGGGCATTCCACTGGG-1,1.8383815,8.080105,0,Inflammatory,S1,Surgery,Combined exposure
S1_CGGGTCAAGTACGTCT-1,-1.8889024,0.87980163,1,Transitional-A,S1,Surgery,Combined exposure
S1_CGGGTGTTCCATGATG-1,3.5913134,10.096817,0,Inflammatory,S1,Surgery,Combined exposure
S1_CGGTCAGTCTCGCGTT-1,0.055924088,6.928097,0,Inflammatory,S1,Surgery,Combined exposure
S1_CGTAAGTGTCCAACGC-1,-2.2535374,4.3643007,1,Transitional-A,S1,Surgery,Combined exposure
S1_CGTAAGTGTCTTGCGG-1,1.947688,7.4297886,0,Inflammatory,S1,Surgery,Combined exposure
S1_CGTAAGTTCCGTCACT-1,0.5790014,1.872404,1,Transitional-A,S1,Surgery,Combined exposure
S1_CGTAATGGTCTCCCTA-1,0.2819566,1.1801924,1,Transitional-A,S1,Surgery,Combined exposure
S1_CGTAGTACATGGAATA-1,0.4133825,8.614155,0,Inflammatory,S1,Surgery,Combined exposure
S1_CGTAGTAGTCCTGAAT-1,-0.5313106,6.3020706,0,Inflammatory,S1,Surgery,Combined exposure
S1_CGTAGTATCAAGTTGC-1,1.8348587,8.638941,0,Inflammatory,S1,Surgery,Combined exposure
S1_CGTAGTATCAGCGTCG-1,1.0720291,7.5002813,0,Inflammatory,S1,Surgery,Combined exposure
S1_CGTCAAAGTGTCATTG-1,1.521088,9.606422,0,Inflammatory,S1,Surgery,Combined exposure
S1_CGTCAAATCGAAGCAG-1,10.274573,2.080808,6,Rare,S1,Surgery,Combined exposure
S1_CGTCCATGTAGATTGA-1,0.6677374,2.7559955,1,Transitional-A,S1,Surgery,Combined exposure
S1_CGTCCATGTCCAGTTA-1,-1.8465778,-0.7500912,1,Transitional-A,S1,Surgery,Combined exposure
S1_CGTGAATAGGAGTCTG-1,2.8191583,1.4188989,3,Homeostatic-B,S1,Surgery,Combined exposure
S1_CGTGAATGTAACTGCT-1,5.0531387,10.64105,0,Inflammatory,S1,Surgery,Combined exposure
S1_CGTGAATGTCGAATGG-1,0.13475661,0.9391837,1,Transitional-A,S1,Surgery,Combined exposure
S1_CGTGATACAAGGGTCA-1,2.721345,7.596903,2,Homeostatic-A,S1,Surgery,Combined exposure
S1_CGTGCTTAGTGCCCGT-1,5.738987,2.0190156,3,Homeostatic-B,S1,Surgery,Combined exposure
S1_CGTGTCTGTGACGTCC-1,2.8171332,3.8395064,3,Homeostatic-B,S1,Surgery,Combined exposure
S1_CGTGTCTGTTGTCATG-1,1.6022242,2.272749,3,Homeostatic-B,S1,Surgery,Combined exposure
S1_CGTTCTGAGAAGTCCG-1,-0.92591804,0.3562888,1,Transitional-A,S1,Surgery,Combined exposure
S1_CGTTCTGCACAGCCAC-1,1.9936286,-0.15399778,4,Homeostatic-C,S1,Surgery,Combined exposure
S1_CGTTCTGTCCAATCTT-1,4.105201,6.0414047,2,Homeostatic-A,S1,Surgery,Combined exposure
S1_CGTTGGGCACGCTGAC-1,6.7836633,5.1885467,2,Homeostatic-A,S1,Surgery,Combined exposure
S1_CGTTGGGGTTGCGAAG-1,2.5152416,2.7336779,3,Homeostatic-B,S1,Surgery,Combined exposure
S1_CTAACTTAGTGCAGCA-1,-1.0565286,7.132695,0,Inflammatory,S1,Surgery,Combined exposure
S1_CTAACTTTCGCTCCTA-1,5.713854,5.967608,2,Homeostatic-A,S1,Surgery,Combined exposure
S1_CTACAGACACAAAGTA-1,-1.6885055,5.17614,1,Transitional-A,S1,Surgery,Combined exposure
S1_CTACATTAGACCGTTT-1,3.4587524,0.74744964,4,Homeostatic-C,S1,Surgery,Combined exposure
S1_CTACATTGTCCCAAAT-1,-1.7114955,3.0466604,1,Transitional-A,S1,Surgery,Combined exposure
S1_CTACCTGTCTAGAACC-1,-1.8261129,4.081553,1,Transitional-A,S1,Surgery,Combined exposure
S1_CTACGGGGTAATGCTC-1,-0.34053814,0.21037312,1,Transitional-A,S1,Surgery,Combined exposure
S1_CTACGGGGTGCCTACG-1,3.5256896,1.8451755,3,Homeostatic-B,S1,Surgery,Combined exposure
S1_CTACTATCACGAAGAC-1,5.553726,0.8553769,5,Transitional-B,S1,Surgery,Combined exposure
S1_CTACTATGTAGTGCGA-1,0.8661465,2.6858268,1,Transitional-A,S1,Surgery,Combined exposure
S1_CTAGACAGTTTGTTGG-1,10.812311,2.0887399,6,Rare,S1,Surgery,Combined exposure
S1_CTATAGGAGAGTGAAG-1,4.582509,5.696947,2,Homeostatic-A,S1,Surgery,Combined exposure
S1_CTATAGGCACTTGGCG-1,4.3569345,3.5547292,3,Homeostatic-B,S1,Surgery,Combined exposure
S1_CTATAGGCATCGGCCA-1,0.88890690000000006,7.4685073,0,Inflammatory,S1,Surgery,Combined exposure
S1_CTATAGGTCACTGCTC-1,0.921582,7.8766613,0,Inflammatory,S1,Surgery,Combined exposure
S1_CTATCCGTCTCAAAGC-1,-0.9177053,0.75508785,1,Transitional-A,S1,Surgery,Combined exposure
S1_CTCAACCGTCGTTATG-1,6.0201716,5.368869,2,Homeostatic-A,S1,Surgery,Combined exposure
S1_CTCAAGAAGCACTGGA-1,1.9039797,-0.9358731,4,Homeostatic-C,S1,Surgery,Combined exposure
S1_CTCAAGAGTAGACAAT-1,4.911485,4.770921,2,Homeostatic-A,S1,Surgery,Combined exposure
S1_CTCAAGAGTGACCGAA-1,7.289294,1.1323235,5,Transitional-B,S1,Surgery,Combined exposure
S1_CTCAATTTCCATAGGT-1,2.6451232,7.7054925,0,Inflammatory,S1,Surgery,Combined exposure
S1_CTCAATTTCCATTTCA-1,-0.8690507,-0.7641261,1,Transitional-A,S1,Surgery,Combined exposure
S1_CTCACTGAGACCAACG-1,2.5088978,5.543405,2,Homeostatic-A,S1,Surgery,Combined exposure
S1_CTCACTGCAGAGGCTA-1,3.539514,2.3526084,3,Homeostatic-B,S1,Surgery,Combined exposure
S1_CTCACTGGTGTTGAGG-1,-0.36953428,1.7013413,1,Transitional-A,S1,Surgery,Combined exposure
S1_CTCACTGTCTCGCTTG-1,10.35486,2.529875,6,Rare,S1,Surgery,Combined exposure
S1_CTCAGAAAGGTGAGAA-1,-1.4207116,4.4706297,1,Transitional-A,S1,Surgery,Combined exposure
S1_CTCAGAAGTAACGCGA-1,9.574458,2.3682044,6,Rare,S1,Surgery,Combined exposure
S1_CTCAGAATCCATGCAA-1,5.61807,9.690797,0,Inflammatory,S1,Surgery,Combined exposure
S1_CTCAGGGAGCGTGTCC-1,4.224835,-0.46121797,4,Homeostatic-C,S1,Surgery,Combined exposure
S1_CTCAGGGAGCTGTCCG-1,2.9473877,1.6436108,3,Homeostatic-B,S1,Surgery,Combined exposure
S1_CTCAGGGAGGATGCGT-1,2.5439277,-0.88780344,4,Homeostatic-C,S1,Surgery,Combined exposure
S1_CTCAGTCTCATTGAGC-1,5.588279,-0.51903766,5,Transitional-B,S1,Surgery,Combined exposure
S1_CTCATCGGTCTCACAA-1,3.496821,5.603713,2,Homeostatic-A,S1,Surgery,Combined exposure
S1_CTCATCGTCGGACAAG-1,3.8450248,6.664113,2,Homeostatic-A,S1,Surgery,Combined exposure
S1_CTCATCGTCTAGTCAG-1,0.23260492,1.9820837,1,Transitional-A,S1,Surgery,Combined exposure
S1_CTCATGCTCCAACTGA-1,3.7145731,1.9902505,3,Homeostatic-B,S1,Surgery,Combined exposure
S1_CTCATTACAAACTAGA-1,1.341723,3.2522464,3,Homeostatic-B,S1,Surgery,Combined exposure
S1_CTCATTAGTAAGTTAG-1,2.3251154,4.945618,3,Homeostatic-B,S1,Surgery,Combined exposure
S1_CTCCAACTCGACACCG-1,0.045279976,3.360455,1,Transitional-A,S1,Surgery,Combined exposure
S1_CTCCACACATCCTGTC-1,6.64668,-1.9273862,5,Transitional-B,S1,Surgery,Combined exposure
S1_CTCCATGAGGGTTTCT-1,6.096981,2.5237844,2,Homeostatic-A,S1,Surgery,Combined exposure
S1_CTCCATGGTGCGACAA-1,1.3739607,5.693737,0,Inflammatory,S1,Surgery,Combined exposure
S1_CTCCATGTCATTATCC-1,-0.2532594,7.4394264,0,Inflammatory,S1,Surgery,Combined exposure
S1_CTCCATGTCCACAGGC-1,0.84329206,-0.73321354,4,Homeostatic-C,S1,Surgery,Combined exposure
S1_CTCCCAACAGAGCCCT-1,2.4331908,0.58785576,4,Homeostatic-C,S1,Surgery,Combined exposure
S1_CTCCCTCCAAAGGATT-1,3.4457529,2.1721225,3,Homeostatic-B,S1,Surgery,Combined exposure
S1_CTCCCTCTCATGCCCT-1,3.5205202,6.7469144,2,Homeostatic-A,S1,Surgery,Combined exposure
S1_CTCCCTCTCGCGCTGA-1,4.7962055,1.3867787,3,Homeostatic-B,S1,Surgery,Combined exposure
S1_CTCCGATAGAGTGTTA-1,-0.99404657,1.3687999,1,Transitional-A,S1,Surgery,Combined exposure
S1_CTCCTCCCAATTGCCA-1,3.3285155,1.0130931,4,Homeostatic-C,S1,Surgery,Combined exposure
S1_CTCCTCCGTATCTTCT-1,6.8257384,4.0129404,2,Homeostatic-A,S1,Surgery,Combined exposure
S1_CTCCTTTGTAGTTACC-1,5.525248,4.64145,2,Homeostatic-A,S1,Surgery,Combined exposure
S1_CTCGAGGCAAGTGCAG-1,4.404946,5.445657,2,Homeostatic-A,S1,Surgery,Combined exposure
S1_CTCGAGGGTTATGACC-1,3.492014,5.6124377,2,Homeostatic-A,S1,Surgery,Combined exposure
S1_CTCTCAGCAAACTCGT-1,0.4674412,-0.004134095,4,Homeostatic-C,S1,Surgery,Combined exposure
S1_CTCTCAGGTCAACCAT-1,1.2033539,7.8413963,0,Inflammatory,S1,Surgery,Combined exposure
S1_CTCTCAGGTCTTAGTG-1,2.7138681,10.916546,0,Inflammatory,S1,Surgery,Combined exposure
S1_CTCTCAGTCATTGAGC-1,2.105049,5.8906217,2,Homeostatic-A,S1,Surgery,Combined exposure
S1_CTCTCGACAAGTATAG-1,6.035607,3.8788188,2,Homeostatic-A,S1,Surgery,Combined exposure
S1_CTCTCGATCCGTGCGA-1,3.0918152,10.181307,0,Inflammatory,S1,Surgery,Combined exposure
S1_CTCTGGTAGCGACTAG-1,1.6244638,-1.1429412,4,Homeostatic-C,S1,Surgery,Combined exposure
S1_CTCTGGTGTGTGTGTT-1,5.191685,4.1435704,2,Homeostatic-A,S1,Surgery,Combined exposure
S1_CTCTGGTTCCTCATAT-1,-0.81969535,6.4634,0,Inflammatory,S1,Surgery,Combined exposure
S1_CTGAGCGGTGGATCGA-1,1.6898179,9.593261,0,Inflammatory,S1,Surgery,Combined exposure
S1_CTGAGGCGTCTTCATT-1,4.951881,1.4958872,3,Homeostatic-B,S1,Surgery,Combined exposure
S1_CTGATCCAGTCGAGGT-1,1.3909562,1.5530341,4,Homeostatic-C,S1,Surgery,Combined exposure
S1_CTGATCCTCCGTGGTG-1,4.687602,-1.4762512,5,Transitional-B,S1,Surgery,Combined exposure
S1_CTGCAGGGTCACAATC-1,5.911249,4.8533297,2,Homeostatic-A,S1,Surgery,Combined exposure
S1_CTGCAGGGTTCAAACC-1,2.6199942,5.934006,2,Homeostatic-A,S1,Surgery,Combined exposure
S1_CTGCAGGTCACCTGTC-1,1.8829105,5.1135488,3,Homeostatic-B,S1,Surgery,Combined exposure
S1_CTGCAGGTCCGTTGAA-1,0.106967896,1.2111872,1,Transitional-A,S1,Surgery,Combined exposure
S1_CTGCATCGTCAGACTT-1,-0.65025866,4.0494056,1,Transitional-A,S1,Surgery,Combined exposure
S1_CTGCCATAGATGCAGC-1,8.202376,-0.014528889,5,Transitional-B,S1,Surgery,Combined exposure
S1_CTGCCATAGTTGCATC-1,4.2125206,7.6507325,2,Homeostatic-A,S1,Surgery,Combined exposure
S1_CTGCGAGAGCTTAGTC-1,7.1030025,0.19570965,5,Transitional-B,S1,Surgery,Combined exposure
S1_CTGCTCACACACCGCA-1,0.524959,-1.794927,4,Homeostatic-C,S1,Surgery,Combined exposure
S1_CTGCTCATCCACACCT-1,3.5199993,2.2049415,3,Homeostatic-B,S1,Surgery,Combined exposure
S1_CTGGACGCACTGGCGT-1,3.821905,5.032541,2,Homeostatic-A,S1,Surgery,Combined exposure
S1_CTGGCAGCAAATCGGG-1,-1.3304151,0.3763533,1,Transitional-A,S1,Surgery,Combined exposure
S1_CTGGCAGCAGTTTGGT-1,3.611402,-0.7870675,4,Homeostatic-C,S1,Surgery,Combined exposure
S1_CTGGTCTAGGATGTTA-1,1.0637633,7.366329,0,Inflammatory,S1,Surgery,Combined exposure
S1_CTGGTCTTCGATTGGT-1,3.840606,9.649073,0,Inflammatory,S1,Surgery,Combined exposure
S1_CTGTACCAGTCTTGGT-1,0.55928874,6.58397,0,Inflammatory,S1,Surgery,Combined exposure
S1_CTGTACCGTCAAGCGA-1,2.7176738,4.630602,3,Homeostatic-B,S1,Surgery,Combined exposure
S1_CTGTACCTCTTTCCGG-1,4.651344,6.256081,2,Homeostatic-A,S1,Surgery,Combined exposure
S1_CTGTAGAAGCCTTTGA-1,1.0334356,4.795116,3,Homeostatic-B,S1,Surgery,Combined exposure
S1_CTGTAGATCTACACTT-1,4.3563333,-0.92444474,4,Homeostatic-C,S1,Surgery,Combined exposure
S1_CTGTATTAGATTAGCA-1,-0.92585886,6.610568,0,Inflammatory,S1,Surgery,Combined exposure
S1_CTGTATTCAAGCACAG-1,6.4986043,4.8862476,2,Homeostatic-A,S1,Surgery,Combined exposure
S1_CTGTATTCAGAAGTGC-1,4.72638,8.631956,2,Homeostatic-A,S1,Surgery,Combined exposure
S1_CTGTCGTTCGACATTG-1,3.2569835,7.4655666,2,Homeostatic-A,S1,Surgery,Combined exposure
S1_CTGTGAACAGAGGTTG-1,1.2823277,-1.7115061,4,Homeostatic-C,S1,Surgery,Combined exposure
S1_CTGTGGGGTGGCCTCA-1,1.681195,3.121426,3,Homeostatic-B,S1,Surgery,Combined exposure
S1_CTTCAATTCCGTACGG-1,4.507992,10.446717,0,Inflammatory,S1,Surgery,Combined exposure
S1_CTTCCTTTCGTGGGAA-1,3.6821947,3.5441272,3,Homeostatic-B,S1,Surgery,Combined exposure
S1_CTTCGGTAGACGGTCA-1,1.8361028,7.8939266,0,Inflammatory,S1,Surgery,Combined exposure
S1_CTTCGGTGTGGTTCTA-1,3.1305716,-0.27356392,4,Homeostatic-C,S1,Surgery,Combined exposure
S1_CTTCTAAAGGTCGCCT-1,-1.5953336,-1.1730386,1,Transitional-A,S1,Surgery,Combined exposure
S1_CTTCTCTAGAAGCGAA-1,4.364583,2.251945,3,Homeostatic-B,S1,Surgery,Combined exposure
S1_CTTCTCTAGGAATTAC-1,0.3507242,3.3959863,1,Transitional-A,S1,Surgery,Combined exposure
S1_CTTCTCTAGGAGGGTG-1,4.1205916,6.50645,2,Homeostatic-A,S1,Surgery,Combined exposure
S1_CTTGATTGTGCGCTCA-1,0.9306542,1.7452593,1,Transitional-A,S1,Surgery,Combined exposure
S1_CTTGATTTCGCACGGT-1,2.6914513,-0.50405025,4,Homeostatic-C,S1,Surgery,Combined exposure
S1_CTTGATTTCGGCCCAA-1,2.5863177999999998,4.9326267,3,Homeostatic-B,S1,Surgery,Combined exposure
S1_CTTTCAACACGTGAGA-1,-0.15769564,0.8155808,1,Transitional-A,S1,Surgery,Combined exposure
S1_CTTTCGGAGTTGCGCC-1,7.3140435,3.5082443,2,Homeostatic-A,S1,Surgery,Combined exposure
S1_CTTTCGGCACTGGATT-1,0.87545896,5.6225333,0,Inflammatory,S1,Surgery,Combined exposure
S1_GAAACCTAGCGAGTAC-1,2.1418033,3.9236073,3,Homeostatic-B,S1,Surgery,Combined exposure
S1_GAAACCTAGGCTAACG-1,4.9591055,4.1632447,2,Homeostatic-A,S1,Surgery,Combined exposure
S1_GAAATGATCGAGTGGA-1,-1.2970111,-0.1611534,1,Transitional-A,S1,Surgery,Combined exposure
S1_GAACACTAGAGCAAGA-1,1.2772532,5.7313795,0,Inflammatory,S1,Surgery,Combined exposure
S1_GAACACTCAACTGATC-1,3.3809588,12.254883,0,Inflammatory,S1,Surgery,Combined exposure
S1_GAACTGTTCGAATGCT-1,4.317071,0.27819863,4,Homeostatic-C,S1,Surgery,Combined exposure
S1_GAAGAATCAACTACGT-1,5.748832,4.3742824,2,Homeostatic-A,S1,Surgery,Combined exposure
S1_GAAGAATCATAATCCG-1,-0.90013665,6.28593,0,Inflammatory,S1,Surgery,Combined exposure
S1_GAAGAATTCCTCACTG-1,-0.8795935,4.259893,1,Transitional-A,S1,Surgery,Combined exposure
S1_GAAGCCCAGAGAAGGT-1,5.7756114,4.2095904,2,Homeostatic-A,S1,Surgery,Combined exposure
S1_GAAGCCCTCTCCTGTG-1,3.7362537,6.098135,2,Homeostatic-A,S1,Surgery,Combined exposure
S1_GAAGGACAGGTTACCT-1,1.0718127,3.9633155,3,Homeostatic-B,S1,Surgery,Combined exposure
S1_GAAGGACTCGTACCTC-1,6.545386,0.7990558,5,Transitional-B,S1,Surgery,Combined exposure
S1_GAAGGGTCAACCCTAA-1,2.589188,5.5365496,2,Homeostatic-A,S1,Surgery,Combined exposure
S1_GAAGTAAAGTTTCAGC-1,2.7746477,5.0086527,2,Homeostatic-A,S1,Surgery,Combined exposure
S1_GAAGTAACAGGACTAG-1,0.5321515,6.332114,0,Inflammatory,S1,Surgery,Combined exposure
S1_GAATAGAAGTCAGCGA-1,2.954453,1.5435545,3,Homeostatic-B,S1,Surgery,Combined exposure
S1_GAATAGACACTAAACC-1,6.236512,4.1440763,2,Homeostatic-A,S1,Surgery,Combined exposure
S1_GAATCACTCGCAGATT-1,2.90061,4.1144433,3,Homeostatic-B,S1,Surgery,Combined exposure
S1_GAATCACTCGGTCGGT-1,-1.1895043,0.3379478,1,Transitional-A,S1,Surgery,Combined exposure
S1_GAATCGTTCGTGTCAA-1,1.2411647,1.4082627,4,Homeostatic-C,S1,Surgery,Combined exposure
S1_GACACGCTCATTACTC-1,7.122607,3.3148816,2,Homeostatic-A,S1,Surgery,Combined exposure
S1_GACACGCTCTCTCGAC-1,0.38579112,-0.7560537,4,Homeostatic-C,S1,Surgery,Combined exposure
S1_GACAGCCCATGAAGGC-1,4.7412834,6.4285674,2,Homeostatic-A,S1,Surgery,Combined exposure
S1_GACCAATTCGTTATCT-1,-1.5474836,-1.2679429,1,Transitional-A,S1,Surgery,Combined exposure
S1_GACCCAGCAGACCAAG-1,2.1982539,11.676756,0,Inflammatory,S1,Surgery,Combined exposure
S1_GACCCAGCATCCTATT-1,3.876583,3.373238,3,Homeostatic-B,S1,Surgery,Combined exposure
S1_GACCCAGTCACCTTGC-1,0.72786206,6.6263857,0,Inflammatory,S1,Surgery,Combined exposure
S1_GACCCTTGTTCTCCTG-1,10.471081,1.839415,6,Rare,S1,Surgery,Combined exposure
S1_GACCCTTTCTATGTGG-1,1.0233948,5.0085793,3,Homeostatic-B,S1,Surgery,Combined exposure
S1_GACCGTGGTATGTCTG-1,-0.78053975,6.7575912,0,Inflammatory,S1,Surgery,Combined exposure
S1_GACCGTGTCGAGTCCG-1,5.901279,1.2400265,5,Transitional-B,S1,Surgery,Combined exposure
S1_GACCTTCAGTCATCCA-1,0.44932857,7.133589,0,Inflammatory,S1,Surgery,Combined exposure
S1_GACCTTCCAAGCAGGT-1,4.5652375,3.4759648,2,Homeostatic-A,S1,Surgery,Combined exposure
S1_GACGCTGAGCCTAGGA-1,0.48242748,1.1229539,1,Transitional-A,S1,Surgery,Combined exposure
S1_GACGCTGAGGAATGTT-1,2.5232747,6.045978,2,Homeostatic-A,S1,Surgery,Combined exposure
S1_GACGCTGGTCACCCTT-1,-1.7686692,2.020556,1,Transitional-A,S1,Surgery,Combined exposure
S1_GACGTTACATGGGTCC-1,3.0843854,7.5382814,2,Homeostatic-A,S1,Surgery,Combined exposure
S1_GACGTTAGTTACCTTT-1,-1.1867075,2.9108791,1,Transitional-A,S1,Surgery,Combined exposure
S1_GACTATGAGGGTGAAA-1,-2.3695395,1.8287035,1,Transitional-A,S1,Surgery,Combined exposure
S1_GACTCAAAGAAGCGCT-1,1.6330851,6.632216,0,Inflammatory,S1,Surgery,Combined exposure
S1_GACTCTCAGAGCAGAA-1,1.405898,8.488975,0,Inflammatory,S1,Surgery,Combined exposure
S1_GACTCTCAGTCCCTAA-1,1.321052,6.111087,0,Inflammatory,S1,Surgery,Combined exposure
S1_GACTCTCGTATCGTTG-1,3.0395217,6.273732,2,Homeostatic-A,S1,Surgery,Combined exposure
S1_GACTCTCTCCTACCGT-1,3.0561862,7.2641706,2,Homeostatic-A,S1,Surgery,Combined exposure
S1_GACTCTCTCCTATGGA-1,-2.0817719,2.6503353,1,Transitional-A,S1,Surgery,Combined exposure
S1_GACTGATCATGACGGA-1,5.474106,3.7787538,2,Homeostatic-A,S1,Surgery,Combined exposure
S1_GACTGATTCAAAGACA-1,1.1841649,7.213532,0,Inflammatory,S1,Surgery,Combined exposure
S1_GACTTCCAGTAGTCTC-1,1.194468,4.0688767,3,Homeostatic-B,S1,Surgery,Combined exposure
S1_GACTTCCCAAGCTGCC-1,2.310274,6.4280686,2,Homeostatic-A,S1,Surgery,Combined exposure
S1_GACTTCCTCTACTCAT-1,4.8532767,-2.179718,4,Homeostatic-C,S1,Surgery,Combined exposure
S1_GAGAAATAGAGCAACC-1,1.0209988,9.693938,0,Inflammatory,S1,Surgery,Combined exposure
S1_GAGACCCAGGTCCCGT-1,1.7713772,7.9867787,0,Inflammatory,S1,Surgery,Combined exposure
S1_GAGACCCGTTGTGCAT-1,3.8850892,9.261072,0,Inflammatory,S1,Surgery,Combined exposure
S1_GAGACTTAGACAGCTG-1,2.5457082,6.8162622,0,Inflammatory,S1,Surgery,Combined exposure
S1_GAGACTTCAACTTGGT-1,2.485178,4.448564,3,Homeostatic-B,S1,Surgery,Combined exposure
S1_GAGAGGTCAAACGGCA-1,3.8131628,4.4633765,2,Homeostatic-A,S1,Surgery,Combined exposure
S1_GAGAGGTGTCTCCCTA-1,-2.0611427,4.032913,1,Transitional-A,S1,Surgery,Combined exposure
S1_GAGATGGAGCATGGGT-1,1.1932601,3.256122,3,Homeostatic-B,S1,Surgery,Combined exposure
S1_GAGATGGCACTAGAGG-1,3.3522801,7.3688455,2,Homeostatic-A,S1,Surgery,Combined exposure
S1_GAGATGGCAGCTATAC-1,0.22386605,1.402035,1,Transitional-A,S1,Surgery,Combined exposure
S1_GAGATGGGTAGCTGCC-1,3.8188944,6.1631894,2,Homeostatic-A,S1,Surgery,Combined exposure
S1_GAGGCAACAGGACGAT-1,9.658681,2.2336538,6,Rare,S1,Surgery,Combined exposure
S1_GAGGCAAGTAACTGCT-1,3.3951805,9.604658,0,Inflammatory,S1,Surgery,Combined exposure
S1_GAGGCCTAGAGCCGAT-1,-0.23081811,1.1452273,1,Transitional-A,S1,Surgery,Combined exposure
S1_GAGGGATTCTACACTT-1,1.2916996,-1.2131188,4,Homeostatic-C,S1,Surgery,Combined exposure
S1_GAGTCATCATGACTCA-1,4.6635633,-0.13182802,5,Transitional-B,S1,Surgery,Combined exposure
S1_GAGTCTATCATGGCCG-1,5.1240296,2.9925919,2,Homeostatic-A,S1,Surgery,Combined exposure
S1_GAGTGTTTCTCTCTTC-1,-0.6852861,1.7338634,1,Transitional-A,S1,Surgery,Combined exposure
S1_GAGTGTTTCTGTAAGC-1,6.7154856,0.5020016,5,Transitional-B,S1,Surgery,Combined exposure
S1_GAGTTACGTGGATCGA-1,2.637198,5.7785287,2,Homeostatic-A,S1,Surgery,Combined exposure
S1_GATAGAAAGGTCGCCT-1,1.0867923,7.0795965,0,Inflammatory,S1,Surgery,Combined exposure
S1_GATAGCTGTAATGCGG-1,0.47936025,4.1004124,3,Homeostatic-B,S1,Surgery,Combined exposure
S1_GATCATGCAACACACT-1,1.4405544,-2.422399,4,Homeostatic-C,S1,Surgery,Combined exposure
S1_GATCCCTCACAACATC-1,3.3352563,4.0919175,3,Homeostatic-B,S1,Surgery,Combined exposure
S1_GATCCCTGTGAATATG-1,3.2395463,-1.4110245,4,Homeostatic-C,S1,Surgery,Combined exposure
S1_GATCCCTTCTTCGCTG-1,0.5167452,4.7766314,3,Homeostatic-B,S1,Surgery,Combined exposure
S1_GATCGTAAGTGCACAG-1,2.6936142,7.47248,2,Homeostatic-A,S1,Surgery,Combined exposure
S1_GATCGTAGTAGAATAC-1,4.8919106,2.773978,3,Homeostatic-B,S1,Surgery,Combined exposure
S1_GATGAGGAGCGGGTAT-1,0.6859705,8.025779,0,Inflammatory,S1,Surgery,Combined exposure
S1_GATGAGGGTCCCTCAT-1,6.6359878,6.033849,2,Homeostatic-A,S1,Surgery,Combined exposure
S1_GATGATCAGTGCTAGG-1,1.5476313,6.7675543,0,Inflammatory,S1,Surgery,Combined exposure
S1_GATGATCTCAGCTTGA-1,2.906521,9.7764225,0,Inflammatory,S1,Surgery,Combined exposure
S1_GATGCTACAGGATCTT-1,1.6880338,7.8735514,0,Inflammatory,S1,Surgery,Combined exposure
S1_GATGCTAGTTATGGTC-1,-1.4883479,6.8948054,0,Inflammatory,S1,Surgery,Combined exposure
S1_GATGGAGAGACTAAGT-1,-0.26990476,0.5861119,1,Transitional-A,S1,Surgery,Combined exposure
S1_GATGGAGAGTTGTCAC-1,0.64650315,1.0940906,1,Transitional-A,S1,Surgery,Combined exposure
S1_GATTCGATCGCTGTTC-1,3.8145995,7.687689,2,Homeostatic-A,S1,Surgery,Combined exposure
S1_GATTCTTAGAATGTTG-1,-0.15535569,5.1523747,0,Inflammatory,S1,Surgery,Combined exposure
S1_GATTTCTAGACTAAGT-1,2.5473342,5.4397187,3,Homeostatic-B,S1,Surgery,Combined exposure
S1_GCAACCGGTCAACCAT-1,4.9848523,2.5644662,3,Homeostatic-B,S1,Surgery,Combined exposure
S1_GCAACCGGTGTCCGGT-1,5.8733544,0.21714164,5,Transitional-B,S1,Surgery,Combined exposure
S1_GCACATAAGTTACGGG-1,3.711095,6.9067307,2,Homeostatic-A,S1,Surgery,Combined exposure
S1_GCACATAGTACCACGC-1,-1.0267088,2.9946566,1,Transitional-A,S1,Surgery,Combined exposure
S1_GCACATATCTCCCAAC-1,-0.7823232,6.4732914,0,Inflammatory,S1,Surgery,Combined exposure
S1_GCACGGTCAGACCATT-1,-0.06909736,2.5944748,1,Transitional-A,S1,Surgery,Combined exposure
S1_GCACGTGGTGGTTTAC-1,1.5784087,5.462807,3,Homeostatic-B,S1,Surgery,Combined exposure
S1_GCACGTGGTGTTTGCA-1,0.898967,1.7807622,1,Transitional-A,S1,Surgery,Combined exposure
S1_GCACTAAAGTAAACGT-1,0.6751123,0.9695342,1,Transitional-A,S1,Surgery,Combined exposure
S1_GCACTAACACCAGCGT-1,1.7655965,6.261712,2,Homeostatic-A,S1,Surgery,Combined exposure
S1_GCACTAATCCACAGCG-1,5.6916604,7.0772886,2,Homeostatic-A,S1,Surgery,Combined exposure
S1_GCAGCTGCAGCACAGA-1,-0.07477649,1.5531213,1,Transitional-A,S1,Surgery,Combined exposure
S1_GCAGGCTCAACGTATC-1,-1.7379056,2.3361306,1,Transitional-A,S1,Surgery,Combined exposure
S1_GCAGGCTGTCATCTAG-1,5.476601,4.2455015,2,Homeostatic-A,S1,Surgery,Combined exposure
S1_GCAGGCTTCAGGAAGC-1,5.583737,5.929426,2,Homeostatic-A,S1,Surgery,Combined exposure
S1_GCAGTTAGTAACAGTA-1,6.8322196,1.872953,6,Rare,S1,Surgery,Combined exposure
S1_GCAGTTAGTGATATAG-1,2.888227,-1.3203284,4,Homeostatic-C,S1,Surgery,Combined exposure
S1_GCATCGGAGTGTTCAC-1,6.4987063,0.74934167,5,Transitional-B,S1,Surgery,Combined exposure
S1_GCATCGGGTGATTCAC-1,6.788806,-1.0348743,5,Transitional-B,S1,Surgery,Combined exposure
S1_GCATCGGTCAAGCCTA-1,4.930128,0.99557465,3,Homeostatic-B,S1,Surgery,Combined exposure
S1_GCATCGGTCAAGGAGC-1,2.7729723,6.5344677,2,Homeostatic-A,S1,Surgery,Combined exposure
S1_GCATGATAGTTGTAGA-1,2.2011828,-0.25813898,4,Homeostatic-C,S1,Surgery,Combined exposure
S1_GCATTAGCAAGGTCGA-1,6.7545495,5.72985,2,Homeostatic-A,S1,Surgery,Combined exposure
S1_GCCAGCAAGCATCCTA-1,1.2044247,0.36531183,4,Homeostatic-C,S1,Surgery,Combined exposure
S1_GCCAGGTAGAGCTGCA-1,0.98133326,3.3441627,3,Homeostatic-B,S1,Surgery,Combined exposure
S1_GCCAGGTTCCGCGGAT-1,-0.6242932,6.9320006,0,Inflammatory,S1,Surgery,Combined exposure
S1_GCCAGTGTCGTGGCGT-1,4.5433383,6.264564,2,Homeostatic-A,S1,Surgery,Combined exposure
S1_GCCATGGAGTGCTACT-1,3.5830555,8.334212,2,Homeostatic-A,S1,Surgery,Combined exposure
S1_GCCATGGTCTACAGGT-1,1.6239611,6.132702,0,Inflammatory,S1,Surgery,Combined exposure
S1_GCCCGAAAGAGCACTG-1,-0.70566404,-0.39557981,1,Transitional-A,S1,Surgery,Combined exposure
S1_GCCGTGAGTCAGCGTC-1,-1.3968484,6.7720857,0,Inflammatory,S1,Surgery,Combined exposure
S1_GCCGTGATCCGGACTG-1,6.867759,3.1444416,2,Homeostatic-A,S1,Surgery,Combined exposure
S1_GCGAGAAAGATACGAT-1,0.9020565,5.003255,3,Homeostatic-B,S1,Surgery,Combined exposure
S1_GCGGAAAAGGAAAGGT-1,4.337231,8.561465,2,Homeostatic-A,S1,Surgery,Combined exposure
S1_GCGGAAAGTAGGCTCC-1,1.765015,3.450595,3,Homeostatic-B,S1,Surgery,Combined exposure
S1_GCGGATCAGAGCACTG-1,6.378629,5.7061763,2,Homeostatic-A,S1,Surgery,Combined exposure
S1_GCGGATCAGAGGTTTA-1,1.6097683,6.201894,0,Inflammatory,S1,Surgery,Combined exposure
S1_GCGGATCCAGAACTAA-1,4.332754,0.6281692,4,Homeostatic-C,S1,Surgery,Combined exposure
S1_GCGGATCCAGCGTGAA-1,1.8685851,6.211896,0,Inflammatory,S1,Surgery,Combined exposure
S1_GCGGATCGTATTGAGA-1,5.190746,2.5358026,3,Homeostatic-B,S1,Surgery,Combined exposure
S1_GCGTGCAGTTGGGCCT-1,2.8657854,-1.2238415,4,Homeostatic-C,S1,Surgery,Combined exposure
S1_GCGTGCATCAGACCCG-1,0.34681585,-0.26988992,4,Homeostatic-C,S1,Surgery,Combined exposure
S1_GCGTTTCCAGGCTCTG-1,1.1097518,1.0254332,4,Homeostatic-C,S1,Surgery,Combined exposure
S1_GCTACCTCACTTCATT-1,-1.4700195,-0.31304297,1,Transitional-A,S1,Surgery,Combined exposure
S1_GCTGAATCAGCTGGTC-1,6.6830854,5.264474,2,Homeostatic-A,S1,Surgery,Combined exposure
S1_GCTGAATGTCATCCCT-1,2.382037,9.194036,0,Inflammatory,S1,Surgery,Combined exposure
S1_GCTGAATTCACCTTAT-1,1.7306492,8.10016,0,Inflammatory,S1,Surgery,Combined exposure
S1_GCTGCAGCACTGTGAT-1,2.4656765,8.512897,0,Inflammatory,S1,Surgery,Combined exposure
S1_GCTGCAGTCACTGCTC-1,0.2250035,5.8957043,0,Inflammatory,S1,Surgery,Combined exposure
S1_GCTGCAGTCTTCTGTA-1,0.83952576,-0.030778794,4,Homeostatic-C,S1,Surgery,Combined exposure
S1_GCTGGGTAGGACGCAT-1,0.8744758,1.7619514,1,Transitional-A,S1,Surgery,Combined exposure
S1_GCTGGGTAGTTTGAGA-1,4.3373313,4.629243,2,Homeostatic-A,S1,Surgery,Combined exposure
S1_GCTGGGTCAAGCGGAT-1,4.126085,3.7342758,3,Homeostatic-B,S1,Surgery,Combined exposure
S1_GCTGGGTGTACATTGC-1,0.6179576,5.2441664,3,Homeostatic-B,S1,Surgery,Combined exposure
S1_GCTGGGTGTAGGTTTC-1,3.1489081,-1.0946288,4,Homeostatic-C,S1,Surgery,Combined exposure
S1_GCTTCACCACGCTGTG-1,4.134909,4.6498017,2,Homeostatic-A,S1,Surgery,Combined exposure
S1_GCTTGGGAGGGCAATC-1,-1.2338507,2.3215973,1,Transitional-A,S1,Surgery,Combined exposure
S1_GCTTGGGCACCTAAAC-1,3.6363206,1.1503744,3,Homeostatic-B,S1,Surgery,Combined exposure
S1_GGAATGGAGGTAGTCG-1,-1.2256702,3.6909132,1,Transitional-A,S1,Surgery,Combined exposure
S1_GGAGAACGTTGCAAGG-1,2.3206124,1.1791734,4,Homeostatic-C,S1,Surgery,Combined exposure
S1_GGAGATGAGGCTTCCG-1,-6.871332e-4,7.758091,0,Inflammatory,S1,Surgery,Combined exposure
S1_GGAGGATGTTCCCACT-1,-1.0975671,2.6328535,1,Transitional-A,S1,Surgery,Combined exposure
S1_GGAGGTAAGTAACGTA-1,1.8699048,8.527441,0,Inflammatory,S1,Surgery,Combined exposure
S1_GGATCTACACTGATTG-1,1.0468372,4.4450426,3,Homeostatic-B,S1,Surgery,Combined exposure
S1_GGCACGTTCCAACCAA-1,2.9943168,5.9813066,2,Homeostatic-A,S1,Surgery,Combined exposure
S1_GGCACGTTCGTAACAC-1,2.6604836,1.4018767,3,Homeostatic-B,S1,Surgery,Combined exposure
S1_GGCGTCAGTGGAAGTC-1,3.816275,3.477564,3,Homeostatic-B,S1,Surgery,Combined exposure
S1_GGCGTCATCGTGCACG-1,0.9300186,7.512604,0,Inflammatory,S1,Surgery,Combined exposure
S1_GGCTGTGCAAACTAAG-1,5.8370075,-1.8655529,5,Transitional-B,S1,Surgery,Combined exposure
S1_GGCTGTGTCTGCTAGA-1,3.7904747,-0.6247658,4,Homeostatic-C,S1,Surgery,Combined exposure
S1_GGCTTGGAGAGGTTTA-1,3.5862265,11.470756,0,Inflammatory,S1,Surgery,Combined exposure
S1_GGCTTGGAGTGATGGC-1,3.740404,9.476562,0,Inflammatory,S1,Surgery,Combined exposure
S1_GGCTTGGGTACAGGTG-1,-1.361069,6.641577,0,Inflammatory,S1,Surgery,Combined exposure
S1_GGCTTGGTCCATTTCA-1,5.6036534,1.930612,3,Homeostatic-B,S1,Surgery,Combined exposure
S1_GGCTTGGTCCGGCAGT-1,8.296387,1.885563,6,Rare,S1,Surgery,Combined exposure
S1_GGCTTGGTCTGCTAGA-1,7.1002054,-0.6610318,5,Transitional-B,S1,Surgery,Combined exposure
S1_GGCTTTCAGACCGTTT-1,7.044485,-1.2412552,5,Transitional-B,S1,Surgery,Combined exposure
S1_GGCTTTCCAGTATGAA-1,3.219173,3.8121092,3,Homeostatic-B,S1,Surgery,Combined exposure
S1_GGGAAGTAGCAGCAGT-1,-0.49559122,4.2650356,1,Transitional-A,S1,Surgery,Combined exposure
S1_GGGAAGTGTTGCGTAT-1,3.0542293,8.724059,0,Inflammatory,S1,Surgery,Combined exposure
S1_GGGAAGTTCGTCCATC-1,-0.5532659,4.6736,1,Transitional-A,S1,Surgery,Combined exposure
S1_GGGACAACAACTGCTA-1,-0.09460149,1.8349195,1,Transitional-A,S1,Surgery,Combined exposure
S1_GGGACCTAGTAAGAGG-1,4.314952,4.8330474,2,Homeostatic-A,S1,Surgery,Combined exposure
S1_GGGACCTAGTCTGGTT-1,2.679491,2.373522,3,Homeostatic-B,S1,Surgery,Combined exposure
S1_GGGACCTCAAGACCTT-1,0.50202310000000006,-0.3251642,4,Homeostatic-C,S1,Surgery,Combined exposure
S1_GGGACCTTCTTTGGAG-1,3.5360923,6.774403,2,Homeostatic-A,S1,Surgery,Combined exposure
S1_GGGACTCAGCCTCTCT-1,2.3465335,5.9985104,2,Homeostatic-A,S1,Surgery,Combined exposure
S1_GGGACTCCACTACTTT-1,0.7794972,-1.7477928,4,Homeostatic-C,S1,Surgery,Combined exposure
S1_GGGACTCGTGGGATTG-1,1.4834218,10.449671,0,Inflammatory,S1,Surgery,Combined exposure
S1_GGGAGATCAGAGTTGG-1,-2.221513,1.5663161,1,Transitional-A,S1,Surgery,Combined exposure
S1_GGGAGTAAGTTGTCAC-1,0.038624883,2.7805998,1,Transitional-A,S1,Surgery,Combined exposure
S1_GGGATCCCAACGGTAG-1,2.2693076,7.3962817,0,Inflammatory,S1,Surgery,Combined exposure
S1_GGGCCATAGTACTGGG-1,2.2460575,8.7333,0,Inflammatory,S1,Surgery,Combined exposure
S1_GGGCGTTTCCTCATAT-1,-1.0705891,0.109420635,1,Transitional-A,S1,Surgery,Combined exposure
S1_GGGCTACGTAGGCTGA-1,1.3009905,1.758752,1,Transitional-A,S1,Surgery,Combined exposure
S1_GGGTAGAAGTTGGACG-1,-0.62100327,0.9000198,1,Transitional-A,S1,Surgery,Combined exposure
S1_GGGTAGAAGTTGGAGC-1,6.8098445,2.5082936,2,Homeostatic-A,S1,Surgery,Combined exposure
S1_GGGTAGACAAGACAAT-1,2.3332288,7.738695,0,Inflammatory,S1,Surgery,Combined exposure
S1_GGGTAGACATCGAGCC-1,2.2964342,-0.1607266,4,Homeostatic-C,S1,Surgery,Combined exposure
S1_GGGTATTCATAGGTTC-1,0.6759638,4.577948,3,Homeostatic-B,S1,Surgery,Combined exposure
S1_GGGTCACCAAGTCCCG-1,0.84387976,4.3672957,3,Homeostatic-B,S1,Surgery,Combined exposure
S1_GGGTCTGTCATTTGCT-1,6.4978833,-0.52289474,5,Transitional-B,S1,Surgery,Combined exposure
S1_GGGTGAAAGTTTGTCG-1,10.343789,2.5394711,6,Rare,S1,Surgery,Combined exposure
S1_GGGTGTCAGTGTCATC-1,4.06262,1.1823121,3,Homeostatic-B,S1,Surgery,Combined exposure
S1_GGGTTATAGGGATCAC-1,2.658413,7.526191,2,Homeostatic-A,S1,Surgery,Combined exposure
S1_GGGTTATCACATCCCT-1,3.441616,5.009081,2,Homeostatic-A,S1,Surgery,Combined exposure
S1_GGGTTTACATAGAAAC-1,4.695878,5.2586794,2,Homeostatic-A,S1,Surgery,Combined exposure
S1_GGTAGAGAGAGCATCG-1,6.621101,4.1945367,2,Homeostatic-A,S1,Surgery,Combined exposure
S1_GGTAGAGCACGGTAGA-1,1.5761914,8.056913,0,Inflammatory,S1,Surgery,Combined exposure
S1_GGTAGAGGTAGGCAGT-1,5.500648,4.98497,2,Homeostatic-A,S1,Surgery,Combined exposure
S1_GGTCTGGCAACTAGAA-1,1.6568263,2.878073,3,Homeostatic-B,S1,Surgery,Combined exposure
S1_GGTGAAGAGCCAAGGT-1,1.2494581,5.134705,3,Homeostatic-B,S1,Surgery,Combined exposure
S1_GGTGAAGGTTATGGTC-1,1.8899089,4.5754695,3,Homeostatic-B,S1,Surgery,Combined exposure
S1_GGTGATTAGAGCCATG-1,2.4199278,2.1025383,3,Homeostatic-B,S1,Surgery,Combined exposure
S1_GGTGATTGTACAAAGT-1,6.5203934,-1.6501175,5,Transitional-B,S1,Surgery,Combined exposure
S1_GGTGATTGTTAGAAGT-1,6.5591483,-0.87981105,5,Transitional-B,S1,Surgery,Combined exposure
S1_GGTGATTTCAACCCGG-1,2.2696924,5.541481,2,Homeostatic-A,S1,Surgery,Combined exposure
S1_GGTGTCGTCATCGCTC-1,2.287975,6.657249,2,Homeostatic-A,S1,Surgery,Combined exposure
S1_GGTGTTAAGGATACGC-1,-1.0943764,4.9166045,1,Transitional-A,S1,Surgery,Combined exposure
S1_GGTTAACAGTGCTCGC-1,6.5076237,0.9155521,5,Transitional-B,S1,Surgery,Combined exposure
S1_GGTTAACCATATGAAG-1,3.6901453,1.2901108,3,Homeostatic-B,S1,Surgery,Combined exposure
S1_GTAACACGTCGGTACC-1,6.899327,-0.6893406,5,Transitional-B,S1,Surgery,Combined exposure
S1_GTAACACTCCACCTGT-1,8.144304,-1.0086306,5,Transitional-B,S1,Surgery,Combined exposure
S1_GTAATCGAGAGCATAT-1,1.6219313,0.45885694,4,Homeostatic-C,S1,Surgery,Combined exposure
S1_GTAATCGTCATTTCCA-1,1.5105139,-0.7885564,4,Homeostatic-C,S1,Surgery,Combined exposure
S1_GTAATCGTCGATTCCC-1,5.4582496,6.234342,2,Homeostatic-A,S1,Surgery,Combined exposure
S1_GTAATGCGTACGCGTC-1,1.1027842,4.292563,3,Homeostatic-B,S1,Surgery,Combined exposure
S1_GTACAACCATCACAGT-1,3.7026045,6.3018694,2,Homeostatic-A,S1,Surgery,Combined exposure
S1_GTACAACGTGTATACC-1,4.7379193,4.7795506,2,Homeostatic-A,S1,Surgery,Combined exposure
S1_GTAGAAAGTGTTTCTT-1,1.0417956,0.41017464,4,Homeostatic-C,S1,Surgery,Combined exposure
S1_GTAGAGGCAGAGCGTA-1,-1.5449984,0.61368823,1,Transitional-A,S1,Surgery,Combined exposure
S1_GTAGCTAGTACCAGAG-1,4.2661986,1.431587,3,Homeostatic-B,S1,Surgery,Combined exposure
S1_GTAGGAGGTTGCTCAA-1,7.8427577,2.2343812,6,Rare,S1,Surgery,Combined exposure
S1_GTAGGTTCAAAGGTTA-1,4.7317295,1.3783996,3,Homeostatic-B,S1,Surgery,Combined exposure
S1_GTAGTACTCCCATAGA-1,1.1298743,8.064258,0,Inflammatory,S1,Surgery,Combined exposure
S1_GTATTGGTCTACCTTA-1,-0.94275,1.0645673,1,Transitional-A,S1,Surgery,Combined exposure
S1_GTCAAACCAATAGAGT-1,1.828713,-0.15288411,4,Homeostatic-C,S1,Surgery,Combined exposure
S1_GTCAAACTCCTACACC-1,-0.11512539,3.89789,1,Transitional-A,S1,Surgery,Combined exposure
S1_GTCAAGTTCATTCATC-1,5.578521,3.6193185,2,Homeostatic-A,S1,Surgery,Combined exposure
S1_GTCACGGGTATTAAGG-1,2.1285923,8.197477,0,Inflammatory,S1,Surgery,Combined exposure
S1_GTCACTCGTGACATCT-1,2.2491755,1.1449155,4,Homeostatic-C,S1,Surgery,Combined exposure
S1_GTCATGAAGAGTGTGC-1,6.2074533,1.6630332,5,Transitional-B,S1,Surgery,Combined exposure
S1_GTCATGAAGCGGATCA-1,1.4107604,7.699459,0,Inflammatory,S1,Surgery,Combined exposure
S1_GTCATTTAGCGAATGC-1,5.139107,9.19366,0,Inflammatory,S1,Surgery,Combined exposure
S1_GTCATTTGTCAGTCTA-1,2.5114126,3.5473852,3,Homeostatic-B,S1,Surgery,Combined exposure
S1_GTCATTTGTGGCTCTG-1,-0.028262768,0.397795,1,Transitional-A,S1,Surgery,Combined exposure
S1_GTCATTTTCAGAATAG-1,1.0559458,-0.43875262,4,Homeostatic-C,S1,Surgery,Combined exposure
S1_GTCATTTTCTTAAGGC-1,-0.12143628,3.6989992,1,Transitional-A,S1,Surgery,Combined exposure
S1_GTCCACTTCACGGAGA-1,-2.4470031,0.6669058,1,Transitional-A,S1,Surgery,Combined exposure
S1_GTCCCATGTAATCAAG-1,4.172541,10.420093,0,Inflammatory,S1,Surgery,Combined exposure
S1_GTCCTCATCGGAGATG-1,0.6779159,1.6942194,1,Transitional-A,S1,Surgery,Combined exposure
S1_GTCGTAAAGCGACTGA-1,1.9206499,4.210872,3,Homeostatic-B,S1,Surgery,Combined exposure
S1_GTCGTAAAGCGCATCC-1,6.207477,-1.2005943,5,Transitional-B,S1,Surgery,Combined exposure
S1_GTCGTTCCAGCGGATA-1,2.1199298,2.563894,3,Homeostatic-B,S1,Surgery,Combined exposure
S1_GTCTAGACAACCCGCA-1,5.9384217,-0.27438295,5,Transitional-B,S1,Surgery,Combined exposure
S1_GTCTCACCATTGGATC-1,-0.04817684,-1.0240754,4,Homeostatic-C,S1,Surgery,Combined exposure
S1_GTCTGTCAGCTGACAG-1,1.1268777,0.6821705,4,Homeostatic-C,S1,Surgery,Combined exposure
S1_GTCTGTCCATCATTTC-1,2.2138689,6.3219028,2,Homeostatic-A,S1,Surgery,Combined exposure
S1_GTGACGCAGATTGATG-1,3.5821817,1.5586138,3,Homeostatic-B,S1,Surgery,Combined exposure
S1_GTGAGCCAGGATTTAG-1,1.0602158,1.327822,4,Homeostatic-C,S1,Surgery,Combined exposure
S1_GTGAGCCCAACAAGAT-1,2.7821336,6.6348515,2,Homeostatic-A,S1,Surgery,Combined exposure
S1_GTGAGCCTCGTCAAAC-1,2.8102899,1.0286771,3,Homeostatic-B,S1,Surgery,Combined exposure
S1_GTGAGCCTCTGCACCT-1,1.4055647,1.6617776,4,Homeostatic-C,S1,Surgery,Combined exposure
S1_GTGAGGACAGAACATA-1,6.512741,0.1284452,5,Transitional-B,S1,Surgery,Combined exposure
S1_GTGAGTTGTCCGTTTC-1,1.662258,5.5850854,3,Homeostatic-B,S1,Surgery,Combined exposure
S1_GTGAGTTTCCGGACGT-1,3.4242277,5.059765,2,Homeostatic-A,S1,Surgery,Combined exposure
S1_GTGAGTTTCTCCGTGT-1,2.3464043,-0.68397284,4,Homeostatic-C,S1,Surgery,Combined exposure
S1_GTGATGTAGAGTGAAG-1,3.8346171,9.9035015,0,Inflammatory,S1,Surgery,Combined exposure
S1_GTGATGTCAATACGAA-1,4.145517,2.11401,3,Homeostatic-B,S1,Surgery,Combined exposure
S1_GTGATGTTCTAGTGAC-1,1.7260973,5.1873555,2,Homeostatic-A,S1,Surgery,Combined exposure
S1_GTGCACGGTACCTAAC-1,-1.6249552,-1.2518704,1,Transitional-A,S1,Surgery,Combined exposure
S1_GTGCAGCGTTTACTTC-1,2.0297115,2.2661495,3,Homeostatic-B,S1,Surgery,Combined exposure
S1_GTGCTGGGTACTCCGG-1,3.8000937,12.242663,0,Inflammatory,S1,Surgery,Combined exposure
S1_GTGCTTCGTAGCTTTG-1,0.49343097,6.5315685,0,Inflammatory,S1,Surgery,Combined exposure
S1_GTGGAAGTCTCCCAAC-1,1.2746276,2.2729914,1,Transitional-A,S1,Surgery,Combined exposure
S1_GTGGAGATCCTAGAGT-1,0.529449,3.524793,3,Homeostatic-B,S1,Surgery,Combined exposure
S1_GTGGAGATCTAGAACC-1,0.1498852,-1.7135085,4,Homeostatic-C,S1,Surgery,Combined exposure
S1_GTGGCGTAGCGATCGA-1,3.3246524,5.806772,2,Homeostatic-A,S1,Surgery,Combined exposure
S1_GTGGCGTCAAGAAATC-1,5.8950424,2.782869,2,Homeostatic-A,S1,Surgery,Combined exposure
S1_GTGGCGTCAAGGATGC-1,2.0844305,-0.1837281,4,Homeostatic-C,S1,Surgery,Combined exposure
S1_GTGGCGTCAATCGCCG-1,3.6280696,2.859463,3,Homeostatic-B,S1,Surgery,Combined exposure
S1_GTGGCGTGTATCACGT-1,0.8027272,-2.548297,4,Homeostatic-C,S1,Surgery,Combined exposure
S1_GTGGGAAAGGCACAAC-1,10.605711,2.7032154,6,Rare,S1,Surgery,Combined exposure
S1_GTGGGAATCGAATCCA-1,0.7288709,2.066555,1,Transitional-A,S1,Surgery,Combined exposure
S1_GTGGTTACAGCACACC-1,1.1743401,1.5382502,1,Transitional-A,S1,Surgery,Combined exposure
S1_GTGGTTATCCAAACCA-1,0.3987829,6.9112077,0,Inflammatory,S1,Surgery,Combined exposure
S1_GTGTAACAGGTTGGAC-1,-1.3682935,2.3999014,1,Transitional-A,S1,Surgery,Combined exposure
S1_GTGTAACGTGTCATGT-1,-1.407973,5.8340354,0,Inflammatory,S1,Surgery,Combined exposure
S1_GTGTCCTGTTCGTAAC-1,10.0210495,2.0127208,6,Rare,S1,Surgery,Combined exposure
S1_GTGTCCTTCCTGGGAC-1,0.9380214,5.797198,0,Inflammatory,S1,Surgery,Combined exposure
S1_GTGTTAGCAAATCAAG-1,1.0096666,4.8513055,3,Homeostatic-B,S1,Surgery,Combined exposure
S1_GTTACAGCAGACTGCC-1,2.9470751,-0.527179,4,Homeostatic-C,S1,Surgery,Combined exposure
S1_GTTACCCGTTCGGACC-1,3.9756799,9.709739,0,Inflammatory,S1,Surgery,Combined exposure
S1_GTTACGATCAAACCTG-1,2.2142186,8.994623,0,Inflammatory,S1,Surgery,Combined exposure
S1_GTTACGATCAATCCAG-1,2.43876,4.819349,3,Homeostatic-B,S1,Surgery,Combined exposure
S1_GTTAGACGTGTGTACT-1,1.3142482,3.257746,3,Homeostatic-B,S1,Surgery,Combined exposure
S1_GTTAGTGAGGACACTG-1,4.1824455,1.954763,3,Homeostatic-B,S1,Surgery,Combined exposure
S1_GTTAGTGCAATTGAGA-1,-1.7519575,2.4382455,1,Transitional-A,S1,Surgery,Combined exposure
S1_GTTAGTGGTTTGGAAA-1,3.7057753,0.6968837,4,Homeostatic-C,S1,Surgery,Combined exposure
S1_GTTATGGGTCGAAGCA-1,4.015792,9.500062,0,Inflammatory,S1,Surgery,Combined exposure
S1_GTTCATTGTGACAGGT-1,6.289217,3.9760761,2,Homeostatic-A,S1,Surgery,Combined exposure
S1_GTTCCGTCACATGACT-1,-1.0708958,5.482705,0,Inflammatory,S1,Surgery,Combined exposure
S1_GTTCCGTCATTCAGCA-1,-1.4521203,1.6515211,1,Transitional-A,S1,Surgery,Combined exposure
S1_GTTCGCTCATCAGCTA-1,4.208482,5.937979,2,Homeostatic-A,S1,Surgery,Combined exposure
S1_GTTCTATAGCATCAAA-1,5.023467,5.4071765,2,Homeostatic-A,S1,Surgery,Combined exposure
S1_GTTCTATCATTCAGGT-1,5.4676733,9.896805,0,Inflammatory,S1,Surgery,Combined exposure
S1_GTTCTATTCTCGCGTT-1,2.9665911,9.751991,0,Inflammatory,S1,Surgery,Combined exposure
S1_GTTGAACCATCCTAAG-1,-2.2772179,1.4527104,1,Transitional-A,S1,Surgery,Combined exposure
S1_GTTGCGGCAGCAGAAC-1,0.7804828,6.809684,0,Inflammatory,S1,Surgery,Combined exposure
S1_GTTGCGGTCTCTCAAT-1,0.9077545,7.870259,0,Inflammatory,S1,Surgery,Combined exposure
S1_GTTGCTCTCATCTACT-1,0.22816218,1.616372,1,Transitional-A,S1,Surgery,Combined exposure
S1_GTTGCTCTCCCGAGTG-1,0.9511237,9.78627,0,Inflammatory,S1,Surgery,Combined exposure
S1_GTTGTCCGTTTACTTC-1,0.7787918,-0.803289,4,Homeostatic-C,S1,Surgery,Combined exposure
S1_GTTGTCCTCACTGGGC-1,-0.6141711,4.5220375,1,Transitional-A,S1,Surgery,Combined exposure
S1_GTTGTCCTCGGCTCTT-1,-1.731796,3.5447137,1,Transitional-A,S1,Surgery,Combined exposure
S1_GTTGTCCTCTAACACG-1,-0.95463526,0.90706724,1,Transitional-A,S1,Surgery,Combined exposure
S1_GTTGTGAAGCCATGCC-1,0.40395507,0.87351143,1,Transitional-A,S1,Surgery,Combined exposure
S1_GTTTACTAGGTTCATC-1,3.541226,7.615153,2,Homeostatic-A,S1,Surgery,Combined exposure
S1_GTTTACTGTCCGACGT-1,1.5202752,3.403944,3,Homeostatic-B,S1,Surgery,Combined exposure
S1_GTTTACTGTTCGGCTG-1,0.38791934,-0.20160428,4,Homeostatic-C,S1,Surgery,Combined exposure
S1_GTTTACTGTTGACTGT-1,2.4418314,3.677484,3,Homeostatic-B,S1,Surgery,Combined exposure
S1_GTTTGGAGTATCACCA-1,1.4816061,5.965999,0,Inflammatory,S1,Surgery,Combined exposure
S1_TAACACGAGACCCGCT-1,4.8608913,-0.6852857,5,Transitional-B,S1,Surgery,Combined exposure
S1_TAACACGCAAATGAGT-1,-2.1460268,2.185574,1,Transitional-A,S1,Surgery,Combined exposure
S1_TAACACGCATTGGCAT-1,3.4177935,3.6453772,3,Homeostatic-B,S1,Surgery,Combined exposure
S1_TAACACGTCCAACACA-1,3.7099614,7.043413,2,Homeostatic-A,S1,Surgery,Combined exposure
S1_TAACGACAGTGCAGCA-1,1.7463799,5.1217213,2,Homeostatic-A,S1,Surgery,Combined exposure
S1_TAACTTCCAGTCGGAA-1,4.089106,-0.90987265,4,Homeostatic-C,S1,Surgery,Combined exposure
S1_TAACTTCGTACAGTAA-1,-0.69742334,4.2611313,1,Transitional-A,S1,Surgery,Combined exposure
S1_TAACTTCGTCACGTGC-1,3.0997095,7.2223926,2,Homeostatic-A,S1,Surgery,Combined exposure
S1_TAACTTCTCCATTGCC-1,-1.8205317,1.8604475,1,Transitional-A,S1,Surgery,Combined exposure
S1_TAAGCACAGGGAGGAC-1,-0.11770607,5.5782084,0,Inflammatory,S1,Surgery,Combined exposure
S1_TAAGCACAGTAAGAGG-1,2.9484777,2.0916133,3,Homeostatic-B,S1,Surgery,Combined exposure
S1_TAAGCCAAGCATGCAG-1,8.034399,-0.9350578,5,Transitional-B,S1,Surgery,Combined exposure
S1_TAAGTCGGTCGAGCAA-1,2.661335,7.8941073,0,Inflammatory,S1,Surgery,Combined exposure
S1_TAATCTCGTTGATGTC-1,3.3813024,5.6869373,2,Homeostatic-A,S1,Surgery,Combined exposure
S1_TAATCTCTCACTGATG-1,1.669701,1.1229424,4,Homeostatic-C,S1,Surgery,Combined exposure
S1_TAATCTCTCGATTCCC-1,1.7975123,2.387292,3,Homeostatic-B,S1,Surgery,Combined exposure
S1_TAATTCCAGGCTTCCG-1,2.0280104,-1.6781517,4,Homeostatic-C,S1,Surgery,Combined exposure
S1_TAATTCCTCGCGAAGA-1,-1.7250044,2.432309,1,Transitional-A,S1,Surgery,Combined exposure
S1_TACAACGCATGGGATG-1,7.974098,-1.5483986,5,Transitional-B,S1,Surgery,Combined exposure
S1_TACACCCGTGTCACAT-1,1.9195315,3.5974598,3,Homeostatic-B,S1,Surgery,Combined exposure
S1_TACAGGTTCGTTGTTT-1,4.4943595,0.1094883,4,Homeostatic-C,S1,Surgery,Combined exposure
S1_TACATTCCACCAGTAT-1,2.7641728,-0.5325046,4,Homeostatic-C,S1,Surgery,Combined exposure
S1_TACCCACAGGGTCTTT-1,4.196941,5.067595,2,Homeostatic-A,S1,Surgery,Combined exposure
S1_TACCGAAAGCCTTTGA-1,-2.5024712,1.6577812,1,Transitional-A,S1,Surgery,Combined exposure
S1_TACCGAAGTCACATTG-1,3.5650282,7.9970446,2,Homeostatic-A,S1,Surgery,Combined exposure
S1_TACCGGGTCCCGATCT-1,0.42539445,1.1530217,1,Transitional-A,S1,Surgery,Combined exposure
S1_TACCGGGTCTTCCCGA-1,2.8943176,0.8301218,4,Homeostatic-C,S1,Surgery,Combined exposure
S1_TACCTCGTCTTCGATT-1,0.5520046,1.6916549,1,Transitional-A,S1,Surgery,Combined exposure
S1_TACGCTCAGAAACTCA-1,3.924697,8.172735,0,Inflammatory,S1,Surgery,Combined exposure
S1_TACGCTCCACGCGCTA-1,-0.0046742503,3.4654322,1,Transitional-A,S1,Surgery,Combined exposure
S1_TACGGGCAGAAAGCGA-1,-1.3227558,2.9932609,1,Transitional-A,S1,Surgery,Combined exposure
S1_TACGGGCCACCTATCC-1,0.4041173,2.5195441,1,Transitional-A,S1,Surgery,Combined exposure
S1_TACGGGCCACGCACCA-1,1.2361188,3.3479562,3,Homeostatic-B,S1,Surgery,Combined exposure
S1_TACGGTATCATCGACA-1,-0.55580676,0.27992228,1,Transitional-A,S1,Surgery,Combined exposure
S1_TACGTCCCAACCGTGC-1,0.89235336,-0.06637543,4,Homeostatic-C,S1,Surgery,Combined exposure
S1_TACGTCCTCATCGCAA-1,-0.37399992,0.13958411,1,Transitional-A,S1,Surgery,Combined exposure
S1_TACTGCCAGCTCGCAC-1,-1.5766221,0.87883097,1,Transitional-A,S1,Surgery,Combined exposure
S1_TACTGCCAGTAAGGGA-1,6.530902,6.141811,2,Homeostatic-A,S1,Surgery,Combined exposure
S1_TACTGCCCATGTCTAG-1,1.7269542,3.8436117,3,Homeostatic-B,S1,Surgery,Combined exposure
S1_TACTTACCATACCGTA-1,4.8328166,7.8523474,2,Homeostatic-A,S1,Surgery,Combined exposure
S1_TACTTACGTTACCGTA-1,-0.37999344,1.7758836,1,Transitional-A,S1,Surgery,Combined exposure
S1_TACTTACTCGTTCATT-1,5.4220443,4.014843,2,Homeostatic-A,S1,Surgery,Combined exposure
S1_TACTTGTAGCATCTTG-1,-0.39133704,-0.5397597,1,Transitional-A,S1,Surgery,Combined exposure
S1_TACTTGTAGTGCGACA-1,-0.82622343,1.6846678,1,Transitional-A,S1,Surgery,Combined exposure
S1_TAGACCACAGAGTCAG-1,-1.1318301,-0.5026858,1,Transitional-A,S1,Surgery,Combined exposure
S1_TAGACCATCCGTAGGC-1,-0.6426969,2.863579,1,Transitional-A,S1,Surgery,Combined exposure
S1_TAGACTGCAGGAATAT-1,2.9135187,0.38225904,4,Homeostatic-C,S1,Surgery,Combined exposure
S1_TAGACTGGTCGCCACA-1,1.6201189,3.8460972,3,Homeostatic-B,S1,Surgery,Combined exposure
S1_TAGAGTCAGTCATGAA-1,0.6211253,6.951683,0,Inflammatory,S1,Surgery,Combined exposure
S1_TAGATCGGTCCGTACG-1,0.26331043,1.7312968,1,Transitional-A,S1,Surgery,Combined exposure
S1_TAGGAGGCACGACGTC-1,3.049582,1.1393888,4,Homeostatic-C,S1,Surgery,Combined exposure
S1_TAGGTTGTCATTTGGG-1,6.442071,4.392701,2,Homeostatic-A,S1,Surgery,Combined exposure
S1_TAGTGCAAGTCAGAGC-1,6.215349,5.541227,2,Homeostatic-A,S1,Surgery,Combined exposure
S1_TAGTGCATCCTTCTGG-1,5.9466476,5.053105,2,Homeostatic-A,S1,Surgery,Combined exposure
S1_TAGTGCATCGTTCTAT-1,5.6870036,0.26918882,5,Transitional-B,S1,Surgery,Combined exposure
S1_TATATCCAGAGTATAC-1,5.087974,4.642998,2,Homeostatic-A,S1,Surgery,Combined exposure
S1_TATCAGGGTTCCTACC-1,1.8117021,5.44273,2,Homeostatic-A,S1,Surgery,Combined exposure
S1_TATCCTAAGTGGACTG-1,1.6913353,8.83662,0,Inflammatory,S1,Surgery,Combined exposure
S1_TATCTGTCATCAGCGC-1,5.4528437,9.911221,0,Inflammatory,S1,Surgery,Combined exposure
S1_TATCTTGTCGTAACAC-1,-1.02874,4.2921576,1,Transitional-A,S1,Surgery,Combined exposure
S1_TATCTTGTCTATGTGG-1,-0.6618543,0.29621297,1,Transitional-A,S1,Surgery,Combined exposure
S1_TATTCCAAGAGCTGCA-1,3.8457673,7.4561267,2,Homeostatic-A,S1,Surgery,Combined exposure
S1_TATTCCAAGGTTGAGC-1,1.7610124,11.635868,0,Inflammatory,S1,Surgery,Combined exposure
S1_TATTCCACAACAACAA-1,5.0570374,7.030744,2,Homeostatic-A,S1,Surgery,Combined exposure
S1_TATTCCACAGAAATCA-1,-0.12472922,0.9584081,1,Transitional-A,S1,Surgery,Combined exposure
S1_TATTCCACAGGATGAC-1,1.4016109,6.770565,0,Inflammatory,S1,Surgery,Combined exposure
S1_TATTCCACATGACTGT-1,3.6281662,5.5059443,2,Homeostatic-A,S1,Surgery,Combined exposure
S1_TATTGCTCACCCTTAC-1,-0.9314048,0.022193007,1,Transitional-A,S1,Surgery,Combined exposure
S1_TATTGCTCAGGTTCAT-1,0.5726205,-0.69093186,4,Homeostatic-C,S1,Surgery,Combined exposure
S1_TATTTCGAGACTTCAC-1,2.0395927,-2.351403,4,Homeostatic-C,S1,Surgery,Combined exposure
S1_TATTTCGCAATGTCAC-1,-2.7029014,1.0106953,1,Transitional-A,S1,Surgery,Combined exposure
S1_TCAAGCAGTGATACTC-1,1.3935999,4.8360424,3,Homeostatic-B,S1,Surgery,Combined exposure
S1_TCAAGTGCAAATTAGG-1,7.0599246,-1.8835386,5,Transitional-B,S1,Surgery,Combined exposure
S1_TCAAGTGGTACGAAAT-1,-2.4039984,3.2289927,1,Transitional-A,S1,Surgery,Combined exposure
S1_TCAAGTGGTCATCCGG-1,0.02437405,2.4907277,1,Transitional-A,S1,Surgery,Combined exposure
S1_TCAAGTGGTGCTGTCG-1,1.2702188,4.0876083,3,Homeostatic-B,S1,Surgery,Combined exposure
S1_TCAATCTAGTTGGCGA-1,2.5467956,0.3594969,4,Homeostatic-C,S1,Surgery,Combined exposure
S1_TCAATCTCATCACGGC-1,0.64575887,4.6816854,3,Homeostatic-B,S1,Surgery,Combined exposure
S1_TCAATCTGTGCAGGAT-1,3.2879627,4.511991,3,Homeostatic-B,S1,Surgery,Combined exposure
S1_TCACAAGCAGCATTGT-1,4.1000643,6.487985,2,Homeostatic-A,S1,Surgery,Combined exposure
S1_TCACACCAGGTAGTAT-1,0.6576084,1.8399829,1,Transitional-A,S1,Surgery,Combined exposure
S1_TCACACCGTCCCTAAA-1,-2.6750383,3.2822614,1,Transitional-A,S1,Surgery,Combined exposure
S1_TCACACCTCATAGCAC-1,2.4122958,10.373419,0,Inflammatory,S1,Surgery,Combined exposure
S1_TCACATTAGGTACTGG-1,2.0978813,10.686029,0,Inflammatory,S1,Surgery,Combined exposure
S1_TCACATTCAGTTCACA-1,-1.5942076,0.52289706,1,Transitional-A,S1,Surgery,Combined exposure
S1_TCACATTTCCGAGTGC-1,-2.37237,2.3280685,1,Transitional-A,S1,Surgery,Combined exposure
S1_TCACGCTAGAAATCCA-1,5.9437165,3.6535048,2,Homeostatic-A,S1,Surgery,Combined exposure
S1_TCACGCTTCTTCGTGC-1,2.7575064,11.212113,0,Inflammatory,S1,Surgery,Combined exposure
S1_TCACTATTCTAGCATG-1,4.4673414,3.4443507,2,Homeostatic-A,S1,Surgery,Combined exposure
S1_TCAGCAAGTACGAGTG-1,2.6766372,3.1415453,3,Homeostatic-B,S1,Surgery,Combined exposure
S1_TCAGCAATCCGTATAG-1,5.2370462,4.630491,2,Homeostatic-A,S1,Surgery,Combined exposure
S1_TCAGCAATCGGTCACG-1,-2.2412815,1.8966867,1,Transitional-A,S1,Surgery,Combined exposure
S1_TCAGGGCAGTGGATAT-1,6.6404495,-1.5958056,5,Transitional-B,S1,Surgery,Combined exposure
S1_TCAGGTAAGAAAGTCT-1,2.2184424,9.757093,0,Inflammatory,S1,Surgery,Combined exposure
S1_TCAGTCCGTACGCTTA-1,5.187106,4.010074,2,Homeostatic-A,S1,Surgery,Combined exposure
S1_TCAGTCCGTTATTCCT-1,0.7832747,4.0484014,3,Homeostatic-B,S1,Surgery,Combined exposure
S1_TCAGTGAAGCGCAATG-1,0.26294765,0.3337486,4,Homeostatic-C,S1,Surgery,Combined exposure
S1_TCATCATAGATGACAT-1,-1.6394111,-1.5187914,1,Transitional-A,S1,Surgery,Combined exposure
S1_TCATCATAGCACGTCC-1,1.165763,3.77208,3,Homeostatic-B,S1,Surgery,Combined exposure
S1_TCATCATAGGGCAACT-1,1.7452196,8.315871,0,Inflammatory,S1,Surgery,Combined exposure
S1_TCATCATTCACTGTTT-1,0.38376778,3.6508925,3,Homeostatic-B,S1,Surgery,Combined exposure
S1_TCATGAGGTAGGTGCA-1,2.4878368,8.358098,0,Inflammatory,S1,Surgery,Combined exposure
S1_TCATGCCAGCGTTCAT-1,2.407798,7.4126496,0,Inflammatory,S1,Surgery,Combined exposure
S1_TCATTGTGTGAGCGAT-1,2.6366343,3.8170576,3,Homeostatic-B,S1,Surgery,Combined exposure
S1_TCATTGTTCATGAGGG-1,-0.10411681,4.406091,1,Transitional-A,S1,Surgery,Combined exposure
S1_TCATTTGTCTCGAACA-1,-0.67507875,2.1821127,1,Transitional-A,S1,Surgery,Combined exposure
S1_TCCACCAAGCGACTGA-1,5.174614,4.9309874,2,Homeostatic-A,S1,Surgery,Combined exposure
S1_TCCACCAAGGATTTGA-1,5.321463,7.621379,2,Homeostatic-A,S1,Surgery,Combined exposure
S1_TCCACCAGTGGCTTAT-1,2.8357878,-1.6857529,4,Homeostatic-C,S1,Surgery,Combined exposure
S1_TCCAGAACAAGTCGTT-1,2.5754356,4.5961185,3,Homeostatic-B,S1,Surgery,Combined exposure
S1_TCCAGAAGTGCTGTCG-1,5.7158427,-0.4283972,5,Transitional-B,S1,Surgery,Combined exposure
S1_TCCATCGAGAGGCGTT-1,0.7862234,2.366673,1,Transitional-A,S1,Surgery,Combined exposure
S1_TCCATCGTCTGTCGCT-1,4.277223,5.2471743,2,Homeostatic-A,S1,Surgery,Combined exposure
S1_TCCCACATCCAAGAGG-1,3.3752072,0.9010642,4,Homeostatic-C,S1,Surgery,Combined exposure
S1_TCCCAGTAGAACGCGT-1,-0.9817452,0.27164826,1,Transitional-A,S1,Surgery,Combined exposure
S1_TCCCAGTCAGAGCCCT-1,3.1469345,-0.8275983,4,Homeostatic-C,S1,Surgery,Combined exposure
S1_TCCCAGTGTCAACCTA-1,3.0037959,6.317994,0,Inflammatory,S1,Surgery,Combined exposure
S1_TCCCATGTCCACGTAA-1,7.9828258,0.31676513,5,Transitional-B,S1,Surgery,Combined exposure
S1_TCCGAAAAGAAGTCTA-1,4.6698875,1.6819583,3,Homeostatic-B,S1,Surgery,Combined exposure
S1_TCCGATCCACAAGCCC-1,-0.66748685,1.6262497,1,Transitional-A,S1,Surgery,Combined exposure
S1_TCCGGGAAGGTAGTAT-1,3.2120497,-0.58439004,4,Homeostatic-C,S1,Surgery,Combined exposure
S1_TCCGGGAAGTCATGCT-1,0.2557456,3.8241553,1,Transitional-A,S1,Surgery,Combined exposure
S1_TCCGGGACACACGGAA-1,4.905217,8.057797,2,Homeostatic-A,S1,Surgery,Combined exposure
S1_TCCGGGACATGATCTG-1,-0.69036555,-0.3476764,1,Transitional-A,S1,Surgery,Combined exposure
S1_TCCTAATCACGACAGA-1,0.81232953,3.9051912,3,Homeostatic-B,S1,Surgery,Combined exposure
S1_TCCTAATCATCCAACA-1,3.4211237,5.282263,2,Homeostatic-A,S1,Surgery,Combined exposure
S1_TCCTAATGTTGAATCC-1,5.0493007,6.1916304,2,Homeostatic-A,S1,Surgery,Combined exposure
S1_TCCTCCCAGATGTAGT-1,4.6627555,5.2121334,2,Homeostatic-A,S1,Surgery,Combined exposure
S1_TCCTCCCAGGACACTG-1,2.219514,5.493579,2,Homeostatic-A,S1,Surgery,Combined exposure
S1_TCCTCCCAGTTCACTG-1,4.585187,5.5878377,2,Homeostatic-A,S1,Surgery,Combined exposure
S1_TCCTCCCGTGCAACAG-1,2.1191785,4.770774,3,Homeostatic-B,S1,Surgery,Combined exposure
S1_TCCTCGAAGACGCAGT-1,4.242039,10.428677,0,Inflammatory,S1,Surgery,Combined exposure
S1_TCCTCTTAGGCGTCCT-1,1.8442179,4.375564,3,Homeostatic-B,S1,Surgery,Combined exposure
S1_TCCTCTTGTTAGGCTT-1,6.546066,5.788981,2,Homeostatic-A,S1,Surgery,Combined exposure
S1_TCCTCTTGTTCAGCTA-1,3.2255187,4.7415915,2,Homeostatic-A,S1,Surgery,Combined exposure
S1_TCCTGCAAGCTGAGCA-1,0.9706693,2.9520864000000002,1,Transitional-A,S1,Surgery,Combined exposure
S1_TCCTGCAGTGATGGCA-1,2.945162,-0.6556191,4,Homeostatic-C,S1,Surgery,Combined exposure
S1_TCGAACAAGCAGCACA-1,-0.17984752,5.3419986,0,Inflammatory,S1,Surgery,Combined exposure
S1_TCGAAGTGTGGATACG-1,4.947815,4.534929,2,Homeostatic-A,S1,Surgery,Combined exposure
S1_TCGAAGTTCCTCACCA-1,-1.7587601,5.96818,0,Inflammatory,S1,Surgery,Combined exposure
S1_TCGACCTGTCAGGAGT-1,0.674064,0.023816813,4,Homeostatic-C,S1,Surgery,Combined exposure
S1_TCGACGGGTAGTAAGT-1,4.6197495,3.1367128,3,Homeostatic-B,S1,Surgery,Combined exposure
S1_TCGACGGTCCACCTGT-1,0.08686372,2.0217106,1,Transitional-A,S1,Surgery,Combined exposure
S1_TCGATTTAGTGCACAG-1,10.609823,2.6702983,6,Rare,S1,Surgery,Combined exposure
S1_TCGCACTAGAAGCTCG-1,4.3347926,5.1091967,2,Homeostatic-A,S1,Surgery,Combined exposure
S1_TCGCACTCACATGGTT-1,1.6435194,6.526085,0,Inflammatory,S1,Surgery,Combined exposure
S1_TCGCACTGTTGGCCGT-1,4.1053085,0.03922971,4,Homeostatic-C,S1,Surgery,Combined exposure
S1_TCGCAGGTCACCCTGT-1,2.9423428,11.127147,0,Inflammatory,S1,Surgery,Combined exposure
S1_TCGCTTGAGGTCCCGT-1,5.5727086,3.7606044,2,Homeostatic-A,S1,Surgery,Combined exposure
S1_TCGGATACAGACACCC-1,-2.0011494,0.9615021,1,Transitional-A,S1,Surgery,Combined exposure
S1_TCGGATACATTAGGCT-1,1.0225991,-1.0335306,4,Homeostatic-C,S1,Surgery,Combined exposure
S1_TCGGATAGTATCGAAA-1,2.329935,10.847861,0,Inflammatory,S1,Surgery,Combined exposure
S1_TCGGATAGTCGAATTC-1,1.7962732,1.743258,3,Homeostatic-B,S1,Surgery,Combined exposure
S1_TCGGATAGTCGTTCAA-1,3.2578595,6.1034474,2,Homeostatic-A,S1,Surgery,Combined exposure
S1_TCGGATATCGTGGCGT-1,5.3848295,0.01980887,5,Transitional-B,S1,Surgery,Combined exposure
S1_TCGGGACGTTCAATCG-1,4.405865,-0.26302487,4,Homeostatic-C,S1,Surgery,Combined exposure
S1_TCGGGCACAGCAGTGA-1,2.0731997,6.046378,2,Homeostatic-A,S1,Surgery,Combined exposure
S1_TCGGGCAGTACTGGGA-1,1.720752,6.423061,0,Inflammatory,S1,Surgery,Combined exposure
S1_TCGGGTGCAAATACGA-1,1.2068552,0.56083363,4,Homeostatic-C,S1,Surgery,Combined exposure
S1_TCGGGTGGTCCGTACG-1,3.4504998,5.382387,2,Homeostatic-A,S1,Surgery,Combined exposure
S1_TCGGTCTAGTGCGACA-1,1.3933024,7.431291,0,Inflammatory,S1,Surgery,Combined exposure
S1_TCGTAGAAGCAAATGT-1,2.726085,10.143579,0,Inflammatory,S1,Surgery,Combined exposure
S1_TCGTAGATCGCAGTTA-1,1.0461824,6.029149,0,Inflammatory,S1,Surgery,Combined exposure
S1_TCGTGCTAGACATACA-1,0.21392573,4.759464,1,Transitional-A,S1,Surgery,Combined exposure
S1_TCGTGCTAGGGAGATA-1,5.2183523,7.8354025,2,Homeostatic-A,S1,Surgery,Combined exposure
S1_TCGTGCTTCCGCTTAC-1,-0.28615475,-0.62274826,4,Homeostatic-C,S1,Surgery,Combined exposure
S1_TCGTGCTTCTGGTGGC-1,-0.4851193,7.761421,0,Inflammatory,S1,Surgery,Combined exposure
S1_TCGTGGGAGACATATG-1,3.700866,1.0959835,3,Homeostatic-B,S1,Surgery,Combined exposure
S1_TCGTGGGAGATGACAT-1,2.6868262,0.6011504,4,Homeostatic-C,S1,Surgery,Combined exposure
S1_TCTAACTCATGAATCC-1,3.0446823,7.9740663,0,Inflammatory,S1,Surgery,Combined exposure
S1_TCTACATGTGAATGAT-1,2.0856888,8.048583,0,Inflammatory,S1,Surgery,Combined exposure
S1_TCTACATGTGACGCCT-1,3.4085927,6.1596622,2,Homeostatic-A,S1,Surgery,Combined exposure
S1_TCTACATTCAAGAATG-1,2.4086475,0.44333994,4,Homeostatic-C,S1,Surgery,Combined exposure
S1_TCTATACAGCAAATGT-1,0.5667046,4.205291,3,Homeostatic-B,S1,Surgery,Combined exposure
S1_TCTATACGTCCCTGTT-1,1.2918166,7.6881595,0,Inflammatory,S1,Surgery,Combined exposure
S1_TCTATCACAGCGGTTC-1,3.192572,5.472106,2,Homeostatic-A,S1,Surgery,Combined exposure
S1_TCTATCAGTGCACGCT-1,1.4572457,-0.7169174,4,Homeostatic-C,S1,Surgery,Combined exposure
S1_TCTATCATCACTCACC-1,1.1121895,2.9161198,3,Homeostatic-B,S1,Surgery,Combined exposure
S1_TCTCACGGTCTAACTG-1,1.1659634,0.20845154,4,Homeostatic-C,S1,Surgery,Combined exposure
S1_TCTCAGCTCAGTAGGG-1,2.2318048,1.9579461,3,Homeostatic-B,S1,Surgery,Combined exposure
S1_TCTCCGACAAGAGGTC-1,0.3979299,-1.2488567,4,Homeostatic-C,S1,Surgery,Combined exposure
S1_TCTCTGGCAAAGGGTC-1,1.1489303,8.028699,0,Inflammatory,S1,Surgery,Combined exposure
S1_TCTCTGGGTGCGACAA-1,-1.2130668,2.6751711,1,Transitional-A,S1,Surgery,Combined exposure
S1_TCTGGCTCAACTCGAT-1,-1.4348474,3.7619476,1,Transitional-A,S1,Surgery,Combined exposure
S1_TCTGGCTGTATCGTAC-1,1.4907403,7.84045,0,Inflammatory,S1,Surgery,Combined exposure
S1_TCTGTCGCACTCCACT-1,2.5765593,5.092243,3,Homeostatic-B,S1,Surgery,Combined exposure
S1_TCTGTCGTCAAGTAAG-1,1.784863,2.6720173,3,Homeostatic-B,S1,Surgery,Combined exposure
S1_TCTGTCGTCTTTCAGT-1,6.3002615,3.804322,2,Homeostatic-A,S1,Surgery,Combined exposure
S1_TCTTAGTAGACAACAT-1,3.397011,8.169241,2,Homeostatic-A,S1,Surgery,Combined exposure
S1_TCTTAGTTCAAGCCAT-1,-2.4963722,1.989147,1,Transitional-A,S1,Surgery,Combined exposure
S1_TCTTCCTGTAGTTCCA-1,5.365455,1.2947865,5,Transitional-B,S1,Surgery,Combined exposure
S1_TCTTCCTGTCCCTGTT-1,4.50429,4.4822526,2,Homeostatic-A,S1,Surgery,Combined exposure
S1_TCTTCCTGTTGCCAAT-1,10.491001,2.022377,6,Rare,S1,Surgery,Combined exposure
S1_TCTTCCTTCAACCGAT-1,-1.4229329,4.2570043,1,Transitional-A,S1,Surgery,Combined exposure
S1_TGAATCGAGTTGAATG-1,1.2334954,6.49525,0,Inflammatory,S1,Surgery,Combined exposure
S1_TGAATCGCAGGCCCTA-1,0.13577294,3.2443986,1,Transitional-A,S1,Surgery,Combined exposure
S1_TGAATCGGTGCTCTTC-1,3.2954361,2.5704968,3,Homeostatic-B,S1,Surgery,Combined exposure
S1_TGAATGCAGTCTGCAT-1,3.5815725,12.124938,0,Inflammatory,S1,Surgery,Combined exposure
S1_TGACAGTAGCAACTTC-1,-0.4505256,-0.458017,1,Transitional-A,S1,Surgery,Combined exposure
S1_TGACAGTGTAGTCTTG-1,1.5629153,3.7760382,3,Homeostatic-B,S1,Surgery,Combined exposure
S1_TGACGCGAGCGCCTTG-1,2.7177815,5.805028,2,Homeostatic-A,S1,Surgery,Combined exposure
S1_TGACGCGCAGCACAAG-1,5.7941604,4.4196596,2,Homeostatic-A,S1,Surgery,Combined exposure
S1_TGACTCCAGCATCCTA-1,-0.9768353,0.86004597,1,Transitional-A,S1,Surgery,Combined exposure
S1_TGAGACTAGTATCCTG-1,3.0064456,10.832836,0,Inflammatory,S1,Surgery,Combined exposure
S1_TGAGACTTCGATACAC-1,-2.0734868,1.9908732,1,Transitional-A,S1,Surgery,Combined exposure
S1_TGAGCATCAGCTGAAG-1,2.6781428,3.7035215,3,Homeostatic-B,S1,Surgery,Combined exposure
S1_TGAGCATGTGTGTCGC-1,1.3140483,-0.43514028,4,Homeostatic-C,S1,Surgery,Combined exposure
S1_TGAGCGCAGACGTCCC-1,5.2512913,0.32852855,5,Transitional-B,S1,Surgery,Combined exposure
S1_TGAGCGCCACCGTGGT-1,-1.0350443,3.429564,1,Transitional-A,S1,Surgery,Combined exposure
S1_TGAGCGCGTAGAATGT-1,0.23943795,1.7601644,1,Transitional-A,S1,Surgery,Combined exposure
S1_TGAGGAGTCCAACACA-1,7.2177296,4.0589375,2,Homeostatic-A,S1,Surgery,Combined exposure
S1_TGAGGGATCGCCACTT-1,2.7486227,1.6435372,3,Homeostatic-B,S1,Surgery,Combined exposure
S1_TGAGGTTAGACATATG-1,4.713955,3.9452534,2,Homeostatic-A,S1,Surgery,Combined exposure
S1_TGAGGTTCAAATTAGG-1,2.3340616,8.288316,0,Inflammatory,S1,Surgery,Combined exposure
S1_TGAGGTTCATAATCGC-1,4.993926,5.2303934,2,Homeostatic-A,S1,Surgery,Combined exposure
S1_TGAGTCAGTCGTATGT-1,2.7248888,5.803357,3,Homeostatic-B,S1,Surgery,Combined exposure
S1_TGATCAGCAATCACGT-1,0.82916373,5.021049,3,Homeostatic-B,S1,Surgery,Combined exposure
S1_TGATCTTTCTTCACGC-1,6.805586,3.297566,2,Homeostatic-A,S1,Surgery,Combined exposure
S1_TGATGCACATCGTGCG-1,4.245618,0.14915161,4,Homeostatic-C,S1,Surgery,Combined exposure
S1_TGATTCTTCACAATGC-1,2.634522,5.285235,2,Homeostatic-A,S1,Surgery,Combined exposure
S1_TGATTTCCAGCTGAGA-1,0.8962236,-0.86663663,4,Homeostatic-C,S1,Surgery,Combined exposure
S1_TGATTTCGTTGTTGCA-1,3.9471495,4.4988837,2,Homeostatic-A,S1,Surgery,Combined exposure
S1_TGATTTCTCCCTCGTA-1,0.1693893,5.3910313,0,Inflammatory,S1,Surgery,Combined exposure
S1_TGCACGGCAGTATGAA-1,10.9043865,2.283302,6,Rare,S1,Surgery,Combined exposure
S1_TGCACGGTCCTTATGT-1,4.0790257,13.123911,0,Inflammatory,S1,Surgery,Combined exposure
S1_TGCAGGCAGTAGGCCA-1,5.8607764,8.139246,2,Homeostatic-A,S1,Surgery,Combined exposure
S1_TGCAGGCCAAGCGGAT-1,2.7441382,11.0699,0,Inflammatory,S1,Surgery,Combined exposure
S1_TGCAGGCCAATTAGGA-1,-1.329261,6.5133834,0,Inflammatory,S1,Surgery,Combined exposure
S1_TGCAGGCCAGGTATGG-1,3.78136,2.7746809,3,Homeostatic-B,S1,Surgery,Combined exposure
S1_TGCAGGCTCGGCTTCT-1,2.28734,1.2792625,4,Homeostatic-C,S1,Surgery,Combined exposure
S1_TGCATCCCAACCACAT-1,1.509993,-2.1120253,4,Homeostatic-C,S1,Surgery,Combined exposure
S1_TGCATCCTCAGCACCG-1,0.7866391,2.9766583,1,Transitional-A,S1,Surgery,Combined exposure
S1_TGCCGAGTCCTCGCAT-1,-2.2147949,1.309652,1,Transitional-A,S1,Surgery,Combined exposure
S1_TGCGACGAGACATCCT-1,-0.70670384,1.0373405,1,Transitional-A,S1,Surgery,Combined exposure
S1_TGCGACGGTGGTATGG-1,3.4859357,12.659165,0,Inflammatory,S1,Surgery,Combined exposure
S1_TGCGATACAAACTAGA-1,3.213009,2.4732249,3,Homeostatic-B,S1,Surgery,Combined exposure
S1_TGCGATACACTCATAG-1,0.9408593,3.8170307,3,Homeostatic-B,S1,Surgery,Combined exposure
S1_TGCGGCAAGTGCAGCA-1,0.20874213,2.2265332,1,Transitional-A,S1,Surgery,Combined exposure
S1_TGCGGCATCCGTAATG-1,4.7999954,2.75487,3,Homeostatic-B,S1,Surgery,Combined exposure
S1_TGCGGCATCGACTCCT-1,1.8911839,9.406926,0,Inflammatory,S1,Surgery,Combined exposure
S1_TGCGGGTGTACCTGTA-1,-1.087882,7.41395,0,Inflammatory,S1,Surgery,Combined exposure
S1_TGCGGGTTCATTTGGG-1,-0.22860335,0.9273913,1,Transitional-A,S1,Surgery,Combined exposure
S1_TGCTCCATCCTACCAC-1,5.9718614,4.568744,2,Homeostatic-A,S1,Surgery,Combined exposure
S1_TGCTCGTCAATCTCTT-1,1.4652705,7.037709,0,Inflammatory,S1,Surgery,Combined exposure
S1_TGCTCGTGTATGAGGC-1,4.0656176,5.8143196,2,Homeostatic-A,S1,Surgery,Combined exposure
S1_TGCTCGTGTTACACAC-1,5.7502866,1.3022567,5,Transitional-B,S1,Surgery,Combined exposure
S1_TGCTCGTTCAGGAACG-1,3.2409992,3.6831043,3,Homeostatic-B,S1,Surgery,Combined exposure
S1_TGCTGAATCTAGACCA-1,1.8425816,3.8278267,3,Homeostatic-B,S1,Surgery,Combined exposure
S1_TGCTTCGAGGCTCCCA-1,3.9990222,-0.25348172,4,Homeostatic-C,S1,Surgery,Combined exposure
S1_TGCTTGCTCATTTCGT-1,5.25465,3.7988462,2,Homeostatic-A,S1,Surgery,Combined exposure
S1_TGCTTGCTCGGAAGGT-1,2.4800599,-1.6287171,4,Homeostatic-C,S1,Surgery,Combined exposure
S1_TGGAACTAGAGAATCT-1,1.4561312,-1.4192147,4,Homeostatic-C,S1,Surgery,Combined exposure
S1_TGGAACTCAACGACAG-1,6.49219,6.4953713,2,Homeostatic-A,S1,Surgery,Combined exposure
S1_TGGAGAGCAGCGAGTA-1,0.17061992,0.90449035,1,Transitional-A,S1,Surgery,Combined exposure
S1_TGGAGAGTCCATTGGA-1,-0.71042407,2.1986754,1,Transitional-A,S1,Surgery,Combined exposure
S1_TGGAGAGTCCCATACC-1,2.4674988,7.1925516,2,Homeostatic-A,S1,Surgery,Combined exposure
S1_TGGAGGAGTGCATGAG-1,5.079255,8.033213,2,Homeostatic-A,S1,Surgery,Combined exposure
S1_TGGAGGAGTTAACCTG-1,2.4003353,7.1739535,2,Homeostatic-A,S1,Surgery,Combined exposure
S1_TGGGAGATCGTCAACA-1,4.5388145,4.897143,2,Homeostatic-A,S1,Surgery,Combined exposure
S1_TGGGCGTTCACCTTAT-1,1.7760895,-1.8672619,4,Homeostatic-C,S1,Surgery,Combined exposure
S1_TGGGCTGCAACAGTGG-1,3.043584,2.9247506,3,Homeostatic-B,S1,Surgery,Combined exposure
S1_TGGGCTGCACTTGTGA-1,2.2392273,5.2830167,2,Homeostatic-A,S1,Surgery,Combined exposure
S1_TGGGCTGTCATTCATC-1,-1.3001854,0.42972398,1,Transitional-A,S1,Surgery,Combined exposure
S1_TGGGTTAAGTGTGTTC-1,-0.30242732,2.0749984,1,Transitional-A,S1,Surgery,Combined exposure
S1_TGGGTTAGTCCACTTC-1,2.960211,-0.098413736,4,Homeostatic-C,S1,Surgery,Combined exposure
S1_TGGTACAAGCAGGTCA-1,-0.16540201,0.85953104,1,Transitional-A,S1,Surgery,Combined exposure
S1_TGGTAGTGTACAAGTA-1,5.83368,9.236896,0,Inflammatory,S1,Surgery,Combined exposure
S1_TGGTAGTGTGATTGGG-1,0.28313294,0.77882415,1,Transitional-A,S1,Surgery,Combined exposure
S1_TGGTAGTTCCTCTTTC-1,5.3450837,3.2258646,2,Homeostatic-A,S1,Surgery,Combined exposure
S1_TGGTGATGTGCTTCAA-1,-1.1079556,-0.100338995,1,Transitional-A,S1,Surgery,Combined exposure
S1_TGTAACGAGGAGCTGT-1,1.2849737,3.6032093,3,Homeostatic-B,S1,Surgery,Combined exposure
S1_TGTAACGCAGCAGGAT-1,-1.288052,0.4576031,1,Transitional-A,S1,Surgery,Combined exposure
S1_TGTACAGCACGGCGTT-1,4.0344324,1.9500233,3,Homeostatic-B,S1,Surgery,Combined exposure
S1_TGTAGACCATTGTCGA-1,4.405893,10.820289,0,Inflammatory,S1,Surgery,Combined exposure
S1_TGTAGACGTCATAACC-1,0.48888245,1.2458804,1,Transitional-A,S1,Surgery,Combined exposure
S1_TGTAGACTCGTCTCAC-1,3.8090994,6.778099,2,Homeostatic-A,S1,Surgery,Combined exposure
S1_TGTCAGAAGCATCCCG-1,3.1191146,10.240093,0,Inflammatory,S1,Surgery,Combined exposure
S1_TGTCAGAGTAACGGTG-1,1.5577617,0.34549704,4,Homeostatic-C,S1,Surgery,Combined exposure
S1_TGTCCCAAGGTTGGTG-1,0.6808766,5.707378,0,Inflammatory,S1,Surgery,Combined exposure
S1_TGTGTGAAGTCTTCGA-1,5.2031035,0.6110462,5,Transitional-B,S1,Surgery,Combined exposure
S1_TGTTACTCACGCTGTG-1,4.8412404,4.3915777,2,Homeostatic-A,S1,Surgery,Combined exposure
S1_TGTTACTCAGAGTGTG-1,0.22817224,4.095111,1,Transitional-A,S1,Surgery,Combined exposure
S1_TGTTCCGGTGTCTTCC-1,2.5506623,3.545116,3,Homeostatic-B,S1,Surgery,Combined exposure
S1_TGTTCTAAGTGTAGTA-1,3.8146832,2.6438575,3,Homeostatic-B,S1,Surgery,Combined exposure
S1_TGTTGAGAGTCGGGAT-1,-1.176357,0.54165536,1,Transitional-A,S1,Surgery,Combined exposure
S1_TGTTGAGCAAGTCATC-1,5.7620234,9.611594,0,Inflammatory,S1,Surgery,Combined exposure
S1_TGTTGGAAGGACAACC-1,-2.5991595,0.3198853,1,Transitional-A,S1,Surgery,Combined exposure
S1_TGTTGGAGTAGAGGAA-1,-0.048552364,2.4282475,1,Transitional-A,S1,Surgery,Combined exposure
S1_TGTTGGATCTTTGCGC-1,4.31785,4.4317055,2,Homeostatic-A,S1,Surgery,Combined exposure
S1_TGTTTGTAGCTTAGTC-1,0.45963287,2.401549,1,Transitional-A,S1,Surgery,Combined exposure
S1_TTAATCCTCTACGCGG-1,4.8257184,7.097987,2,Homeostatic-A,S1,Surgery,Combined exposure
S1_TTACAGGAGTAACCGG-1,-1.6233455,3.6198063,1,Transitional-A,S1,Surgery,Combined exposure
S1_TTACCATCAGGTGAGT-1,1.9848508,3.1765864,3,Homeostatic-B,S1,Surgery,Combined exposure
S1_TTACCATTCTACTGAG-1,2.6504257,2.3319871,3,Homeostatic-B,S1,Surgery,Combined exposure
S1_TTACCATTCTGATGGT-1,4.579576,10.604875,0,Inflammatory,S1,Surgery,Combined exposure
S1_TTACCGCGTATCAGCT-1,1.8348053,0.4104986,4,Homeostatic-C,S1,Surgery,Combined exposure
S1_TTACGTTAGCAGAAAG-1,0.7124696,-1.3698509,4,Homeostatic-C,S1,Surgery,Combined exposure
S1_TTACGTTGTTCTGACA-1,4.5724626,3.9518073,2,Homeostatic-A,S1,Surgery,Combined exposure
S1_TTAGGCAAGGTAAGAG-1,-0.71847343,5.8725963,0,Inflammatory,S1,Surgery,Combined exposure
S1_TTAGGCACACTAAACC-1,-1.6724441,3.4050286,1,Transitional-A,S1,Surgery,Combined exposure
S1_TTAGGGTGTGCATTAC-1,4.670873,-0.7161045,4,Homeostatic-C,S1,Surgery,Combined exposure
S1_TTAGTCTCACAGCCAC-1,3.4743483,1.271476,3,Homeostatic-B,S1,Surgery,Combined exposure
S1_TTATTGCTCCACAGCG-1,6.4422526,3.3001382,2,Homeostatic-A,S1,Surgery,Combined exposure
S1_TTCACCGAGTCACGCC-1,-0.5992504,0.7106969,1,Transitional-A,S1,Surgery,Combined exposure
S1_TTCACGCCACAACGCC-1,2.203624,7.8335133,0,Inflammatory,S1,Surgery,Combined exposure
S1_TTCACGCGTGCGTCGT-1,2.0417066,0.9337611,4,Homeostatic-C,S1,Surgery,Combined exposure
S1_TTCACGCTCACTGAAC-1,-1.127653,1.6605706,1,Transitional-A,S1,Surgery,Combined exposure
S1_TTCACGCTCCACACAA-1,-1.2277656,1.134215,1,Transitional-A,S1,Surgery,Combined exposure
S1_TTCAGGAAGTCGCGAA-1,2.5655355,11.273924,0,Inflammatory,S1,Surgery,Combined exposure
S1_TTCATGTTCGACGATT-1,0.2841921,-2.2876163,4,Homeostatic-C,S1,Surgery,Combined exposure
S1_TTCATGTTCTAAACGC-1,-1.3908577,4.6709976,1,Transitional-A,S1,Surgery,Combined exposure
S1_TTCCAATAGTAGGAAG-1,7.723138,-0.24490927,5,Transitional-B,S1,Surgery,Combined exposure
S1_TTCCAATCATGACTGT-1,-0.24669893,0.21247254,4,Homeostatic-C,S1,Surgery,Combined exposure
S1_TTCCAATGTGTGTGGA-1,3.9167993,10.748457,0,Inflammatory,S1,Surgery,Combined exposure
S1_TTCCGGTCATTCAGGT-1,1.2100804,10.63817,0,Inflammatory,S1,Surgery,Combined exposure
S1_TTCCGTGCAAGTCCAT-1,0.9648052,6.74372,0,Inflammatory,S1,Surgery,Combined exposure
S1_TTCCTAAAGCTAGATA-1,1.9949504,8.365163,0,Inflammatory,S1,Surgery,Combined exposure
S1_TTCCTTCCAAACAGGC-1,5.244973,-1.9082607,5,Transitional-B,S1,Surgery,Combined exposure
S1_TTCCTTCCAGGACTTT-1,0.7719586,6.795657,0,Inflammatory,S1,Surgery,Combined exposure
S1_TTCGATTGTAGACAGC-1,4.215845,5.6528587,2,Homeostatic-A,S1,Surgery,Combined exposure
S1_TTCGCTGTCGTCCTCA-1,5.31561,7.7280197,2,Homeostatic-A,S1,Surgery,Combined exposure
S1_TTCGGTCAGGTGCCAA-1,6.8318896,4.4769654,2,Homeostatic-A,S1,Surgery,Combined exposure
S1_TTCGGTCTCATACGGT-1,-1.4508687,0.03220202,1,Transitional-A,S1,Surgery,Combined exposure
S1_TTCTAACAGGTAGCAC-1,0.38785267,3.2484558,1,Transitional-A,S1,Surgery,Combined exposure
S1_TTCTCTCTCTGGGCCA-1,1.4414777,7.259801,0,Inflammatory,S1,Surgery,Combined exposure
S1_TTCTGTAGTGGACCAA-1,3.687805,5.3770084,2,Homeostatic-A,S1,Surgery,Combined exposure
S1_TTCTGTATCAATCCGA-1,4.818017,-0.93531024,5,Transitional-B,S1,Surgery,Combined exposure
S1_TTCTGTATCCTCTCGA-1,6.9411235,5.644179,2,Homeostatic-A,S1,Surgery,Combined exposure
S1_TTCTTCCAGAGGTCGT-1,1.9390455,-0.5256324,4,Homeostatic-C,S1,Surgery,Combined exposure
S1_TTCTTCCGTATGAGGC-1,4.380875,4.8283615,2,Homeostatic-A,S1,Surgery,Combined exposure
S1_TTCTTGAAGCATCTTG-1,1.6883394,3.2111359,3,Homeostatic-B,S1,Surgery,Combined exposure
S1_TTGAACGTCCGTGTCT-1,2.4629037,-0.2163412,4,Homeostatic-C,S1,Surgery,Combined exposure
S1_TTGACCCCAATACCTG-1,4.617832,8.302007,2,Homeostatic-A,S1,Surgery,Combined exposure
S1_TTGACCCCAGTCAGTT-1,6.3250384,0.24562824,5,Transitional-B,S1,Surgery,Combined exposure
S1_TTGACCCCAGTTCTAG-1,0.864977,4.2925863,3,Homeostatic-B,S1,Surgery,Combined exposure
S1_TTGAGTGCAACGATCT-1,0.13599245,1.0168835,1,Transitional-A,S1,Surgery,Combined exposure
S1_TTGAGTGGTATGAAGT-1,4.1855683,8.5085745,2,Homeostatic-A,S1,Surgery,Combined exposure
S1_TTGAGTGTCCGTGTCT-1,1.377357,0.9145864,4,Homeostatic-C,S1,Surgery,Combined exposure
S1_TTGCATTAGGACAGCT-1,5.5574436,6.3748503,2,Homeostatic-A,S1,Surgery,Combined exposure
S1_TTGCATTTCGCCGAAC-1,0.3882968,6.0097494,0,Inflammatory,S1,Surgery,Combined exposure
S1_TTGCGTCAGGACTAAT-1,5.9042196,8.56165,2,Homeostatic-A,S1,Surgery,Combined exposure
S1_TTGCTGCTCTCATGCC-1,-1.601402,7.4047565,0,Inflammatory,S1,Surgery,Combined exposure
S1_TTGGGATAGAAGGCTC-1,1.2228187,3.5379817,3,Homeostatic-B,S1,Surgery,Combined exposure
S1_TTGGGATAGAGGGCGA-1,1.1834619,2.6863363,1,Transitional-A,S1,Surgery,Combined exposure
S1_TTGGGATGTGCTATTG-1,2.5252225,4.313147,3,Homeostatic-B,S1,Surgery,Combined exposure
S1_TTGGGCGAGAGATGCC-1,8.555625,-0.85044324,5,Transitional-B,S1,Surgery,Combined exposure
S1_TTGGGCGCACACGTGC-1,-0.68796283,2.6486125,1,Transitional-A,S1,Surgery,Combined exposure
S1_TTGGGCGCAGCGTTTA-1,4.2067747,8.88805,2,Homeostatic-A,S1,Surgery,Combined exposure
S1_TTGGGCGTCGCAGTGC-1,-1.6157249,1.159942,1,Transitional-A,S1,Surgery,Combined exposure
S1_TTGGGTACACGCGTCA-1,2.949332,0.8389489,4,Homeostatic-C,S1,Surgery,Combined exposure
S1_TTGGGTAGTGCATGAG-1,3.7763932,6.6095266,2,Homeostatic-A,S1,Surgery,Combined exposure
S1_TTGGGTATCCTTCTGG-1,2.8351746,1.1205364,4,Homeostatic-C,S1,Surgery,Combined exposure
S1_TTGGTTTAGAGGGTAA-1,5.892327,-0.5538574,5,Transitional-B,S1,Surgery,Combined exposure
S1_TTGGTTTAGATTGAGT-1,-0.92309624,4.3542914,1,Transitional-A,S1,Surgery,Combined exposure
S1_TTGGTTTCAAGACGGT-1,6.406339,2.7144866,2,Homeostatic-A,S1,Surgery,Combined exposure
S1_TTGTGGATCTGAATCG-1,0.50790864,2.983388,1,Transitional-A,S1,Surgery,Combined exposure
S1_TTGTTCAAGCATGATA-1,-0.9741852,5.021956,1,Transitional-A,S1,Surgery,Combined exposure
S1_TTGTTGTAGCCTGTCG-1,0.5944059,4.600045,3,Homeostatic-B,S1,Surgery,Combined exposure
S1_TTGTTGTAGTCCTGCG-1,-2.0374198,3.7097692,1,Transitional-A,S1,Surgery,Combined exposure
S1_TTGTTTGCATCCGGCA-1,-2.721781,1.007199,1,Transitional-A,S1,Surgery,Combined exposure
S1_TTGTTTGGTAGTAAGT-1,3.4943976,-0.33230752,4,Homeostatic-C,S1,Surgery,Combined exposure
S1_TTGTTTGTCCTAGCTC-1,-2.0557108,2.831101,1,Transitional-A,S1,Surgery,Combined exposure
S1_TTTACCATCGTGGGTC-1,6.1531005,2.9538245,2,Homeostatic-A,S1,Surgery,Combined exposure
S1_TTTACGTGTACCGGAA-1,-0.99230534,2.6963787,1,Transitional-A,S1,Surgery,Combined exposure
S1_TTTAGTCAGGTCATCT-1,-1.9239789,2.1673965,1,Transitional-A,S1,Surgery,Combined exposure
S1_TTTAGTCGTGGTTTAC-1,-0.96333194,4.4726596,1,Transitional-A,S1,Surgery,Combined exposure
S1_TTTCACACAAATTGCC-1,0.10322411,2.011484,1,Transitional-A,S1,Surgery,Combined exposure
S1_TTTCAGTAGCATGCAG-1,2.4085143,6.878919,0,Inflammatory,S1,Surgery,Combined exposure
S1_TTTCAGTGTTCAGCTA-1,1.1389105,-2.293816,4,Homeostatic-C,S1,Surgery,Combined exposure
S1_TTTCATGCACTAACCA-1,1.7889818,5.1942844,3,Homeostatic-B,S1,Surgery,Combined exposure
S1_TTTCGATAGCCGATTT-1,1.7969397,10.199568,0,Inflammatory,S1,Surgery,Combined exposure
S1_TTTCGATCAGTTGTTG-1,-2.3455305,1.8908831,1,Transitional-A,S1,Surgery,Combined exposure
S1_TTTCGATTCATTGGTG-1,4.054879,6.659186,2,Homeostatic-A,S1,Surgery,Combined exposure
S1_TTTGACTGTAGGACCA-1,5.699378,4.238974,2,Homeostatic-A,S1,Surgery,Combined exposure
S1_TTTGATCAGGCATCTT-1,2.0848825,3.0579612,3,Homeostatic-B,S1,Surgery,Combined exposure
S1_TTTGGTTAGGTCTGGA-1,5.096301,0.9346853,5,Transitional-B,S1,Surgery,Combined exposure
S1_TTTGGTTGTTACGTAC-1,4.9868145,5.490766,2,Homeostatic-A,S1,Surgery,Combined exposure
S2_AAACCCAAGCATGGGT-1,0.12839061,3.3527365,1,Transitional-A,S2,Surgery,Combined exposure
S2_AAACCCAGTGCCTGCA-1,1.441535,0.6824639,4,Homeostatic-C,S2,Surgery,Combined exposure
S2_AAACGAACAATGTCAC-1,2.4708276,10.832253,0,Inflammatory,S2,Surgery,Combined exposure
S2_AAACGAACACACACTA-1,1.5709561,0.9757194,4,Homeostatic-C,S2,Surgery,Combined exposure
S2_AAACGAAGTAGCGCCT-1,-0.12226954,3.311733,1,Transitional-A,S2,Surgery,Combined exposure
S2_AAACGAATCAGACCTA-1,0.43411598,-1.3987757,4,Homeostatic-C,S2,Surgery,Combined exposure
S2_AAACGCTCAGGAATCG-1,-1.3344576,2.9810069,1,Transitional-A,S2,Surgery,Combined exposure
S2_AAAGAACCAGGAAGTC-1,3.5453963,6.121773,2,Homeostatic-A,S2,Surgery,Combined exposure
S2_AAAGAACGTACTAACC-1,0.07745969,1.7050614,1,Transitional-A,S2,Surgery,Combined exposure
S2_AAAGAACTCTGGCTGG-1,-1.0499513,1.6764212,1,Transitional-A,S2,Surgery,Combined exposure
S2_AAAGGATCACCGGAAA-1,-1.582482,7.4529786,0,Inflammatory,S2,Surgery,Combined exposure
S2_AAAGGATCAGTAACGG-1,-1.4819142,-1.321487,1,Transitional-A,S2,Surgery,Combined exposure
S2_AAAGGATTCTGTTGGA-1,3.4659486,7.3288083,2,Homeostatic-A,S2,Surgery,Combined exposure
S2_AAAGGTACACAACCGC-1,7.5379996,1.6135514,5,Transitional-B,S2,Surgery,Combined exposure
S2_AAAGGTACAGAATTCC-1,-1.2341781,-1.8569683,1,Transitional-A,S2,Surgery,Combined exposure
S2_AAAGGTAGTAACGCGA-1,2.278507,-1.7771425,4,Homeostatic-C,S2,Surgery,Combined exposure
S2_AAAGTCCAGGTTCAGG-1,4.623039,8.649234,2,Homeostatic-A,S2,Surgery,Combined exposure
S2_AAAGTCCTCATGGAGG-1,-1.3512698,3.7075977,1,Transitional-A,S2,Surgery,Combined exposure
S2_AAAGTGAGTTATAGAG-1,4.676034,12.53016,0,Inflammatory,S2,Surgery,Combined exposure
S2_AAAGTGATCTGTCCCA-1,1.2356302,1.7870538,4,Homeostatic-C,S2,Surgery,Combined exposure
S2_AAATGGAAGGTTGCCC-1,2.2644737,5.8129973,2,Homeostatic-A,S2,Surgery,Combined exposure
S2_AAATGGATCACCCATC-1,6.1532316,0.3832649,5,Transitional-B,S2,Surgery,Combined exposure
S2_AACAAAGTCTTTACAC-1,-0.24242382,1.272081,1,Transitional-A,S2,Surgery,Combined exposure
S2_AACAACCAGACAGCGT-1,-0.8268161,3.7273183,1,Transitional-A,S2,Surgery,Combined exposure
S2_AACAACCAGCAACCAG-1,-1.5163561,-0.24349424,1,Transitional-A,S2,Surgery,Combined exposure
S2_AACAACCTCCCACAGG-1,5.817953,-1.8967451,5,Transitional-B,S2,Surgery,Combined exposure
S2_AACAAGACATCAACCA-1,-0.6345531,-0.41537967,1,Transitional-A,S2,Surgery,Combined exposure
S2_AACACACAGAAGTATC-1,-1.8936098,0.3757702,1,Transitional-A,S2,Surgery,Combined exposure
S2_AACAGGGAGCACACCC-1,3.2647147,2.5694125,3,Homeostatic-B,S2,Surgery,Combined exposure
S2_AACAGGGGTCTGCGCA-1,3.285394,5.0584674,2,Homeostatic-A,S2,Surgery,Combined exposure
S2_AACAGGGTCCCTCAAC-1,-2.176112,-0.14201027,1,Transitional-A,S2,Surgery,Combined exposure
S2_AACCACATCTACCCAC-1,-1.0356555,0.55071115,1,Transitional-A,S2,Surgery,Combined exposure
S2_AACCACATCTATTTCG-1,2.5815072,6.8323746,0,Inflammatory,S2,Surgery,Combined exposure
S2_AACGAAAGTCTACGTA-1,1.1864216,5.27069,0,Inflammatory,S2,Surgery,Combined exposure
S2_AACGAAAGTCTAGGTT-1,-0.51789147,-1.2768147,4,Homeostatic-C,S2,Surgery,Combined exposure
S2_AACGAAATCCTTCTGG-1,-1.124451,3.7314668,1,Transitional-A,S2,Surgery,Combined exposure
S2_AAGAACACAGAGGCAT-1,0.6425416,9.53222,0,Inflammatory,S2,Surgery,Combined exposure
S2_AAGACAACACGTCTCT-1,2.4956293,2.9198258,3,Homeostatic-B,S2,Surgery,Combined exposure
S2_AAGACAACACTACAGT-1,6.549539,2.6140828,2,Homeostatic-A,S2,Surgery,Combined exposure
S2_AAGACTCAGGAGAATG-1,2.365632,-1.1354427,4,Homeostatic-C,S2,Surgery,Combined exposure
S2_AAGACTCGTATCAAGA-1,4.717499,4.5614104,2,Homeostatic-A,S2,Surgery,Combined exposure
S2_AAGACTCTCAACTACG-1,-0.32078916,3.2369094,1,Transitional-A,S2,Surgery,Combined exposure
S2_AAGATAGGTCTGATCA-1,5.0580635,6.6562533,2,Homeostatic-A,S2,Surgery,Combined exposure
S2_AAGCATCTCCTAAACG-1,1.2643462,0.99965036,4,Homeostatic-C,S2,Surgery,Combined exposure
S2_AAGCGTTAGCATCGAG-1,3.7241805,8.262117,2,Homeostatic-A,S2,Surgery,Combined exposure
S2_AAGCGTTCAATTCTCT-1,5.771742,7.5524125,2,Homeostatic-A,S2,Surgery,Combined exposure
S2_AAGCGTTTCAACCCGG-1,2.3827353,7.021105,0,Inflammatory,S2,Surgery,Combined exposure
S2_AAGCGTTTCAGGAGAC-1,2.4875703,-1.2376326,4,Homeostatic-C,S2,Surgery,Combined exposure
S2_AAGGAATCAAAGGCTG-1,-1.557722,4.5004625,1,Transitional-A,S2,Surgery,Combined exposure
S2_AAGGTAACAACTCGAT-1,-0.565832,2.3463037,1,Transitional-A,S2,Surgery,Combined exposure
S2_AAGGTAACAATAGGAT-1,-1.2237793,-1.7182561,1,Transitional-A,S2,Surgery,Combined exposure
S2_AAGGTAAGTTGGCCTG-1,-0.86358184,5.806464,0,Inflammatory,S2,Surgery,Combined exposure
S2_AAGTACCAGACAACTA-1,-1.350141,0.68494016,1,Transitional-A,S2,Surgery,Combined exposure
S2_AAGTACCTCATTCATC-1,-0.2973022,9.198117,0,Inflammatory,S2,Surgery,Combined exposure
S2_AAGTGAAAGGGCGAGA-1,-0.58349395,-0.7222771,1,Transitional-A,S2,Surgery,Combined exposure
S2_AAGTGAAAGTAGTCCT-1,2.579278,3.0893524,3,Homeostatic-B,S2,Surgery,Combined exposure
S2_AAGTTCGTCCACACCT-1,1.2018635,7.469979,0,Inflammatory,S2,Surgery,Combined exposure
S2_AAGTTCGTCTTGCGCT-1,-1.5881246,-0.66526353,1,Transitional-A,S2,Surgery,Combined exposure
S2_AATAGAGCATGTGCCG-1,3.406742,-0.70664483,4,Homeostatic-C,S2,Surgery,Combined exposure
S2_AATAGAGGTGGGACAT-1,2.6795409,5.006635,3,Homeostatic-B,S2,Surgery,Combined exposure
S2_AATAGAGTCTGCTTTA-1,1.872359,-1.5735453,4,Homeostatic-C,S2,Surgery,Combined exposure
S2_AATCACGCACACGGAA-1,-1.7742668,2.770893,1,Transitional-A,S2,Surgery,Combined exposure
S2_AATCACGTCGACGACC-1,-0.58312464,2.075424,1,Transitional-A,S2,Surgery,Combined exposure
S2_AATCGACCAATACCTG-1,0.9720026,-2.53535,4,Homeostatic-C,S2,Surgery,Combined exposure
S2_AATCGTGGTAATGATG-1,4.732718,0.32505694,5,Transitional-B,S2,Surgery,Combined exposure
S2_AATGAAGAGCCATATC-1,1.6294278,0.68327326,4,Homeostatic-C,S2,Surgery,Combined exposure
S2_AATGAAGCAAGTGGAC-1,4.3341002,2.7463374,3,Homeostatic-B,S2,Surgery,Combined exposure
S2_AATGACCAGAGTTGTA-1,-0.9142955,-2.068803,1,Transitional-A,S2,Surgery,Combined exposure
S2_AATGACCAGTGAATAC-1,3.1278548,0.48386964,4,Homeostatic-C,S2,Surgery,Combined exposure
S2_AATGACCTCGGCTTGG-1,1.3897902,-0.0583722,4,Homeostatic-C,S2,Surgery,Combined exposure
S2_AATGCCAGTAAGTAGT-1,-1.1128129,0.75068104,1,Transitional-A,S2,Surgery,Combined exposure
S2_AATGCCAGTGACGTCC-1,1.7514837,5.0000057,3,Homeostatic-B,S2,Surgery,Combined exposure
S2_AATGCCATCAACTCTT-1,4.071739,3.471263,3,Homeostatic-B,S2,Surgery,Combined exposure
S2_AATGCCATCATCACTT-1,6.4563775,-0.71561110000000006,5,Transitional-B,S2,Surgery,Combined exposure
S2_AATGGAAGTCCTTTGC-1,2.532356,1.2544695,4,Homeostatic-C,S2,Surgery,Combined exposure
S2_AATGGAAGTCTCGACG-1,2.4870968,-2.5425236,4,Homeostatic-C,S2,Surgery,Combined exposure
S2_AATGGCTGTATCGATC-1,0.24039659,8.94915,0,Inflammatory,S2,Surgery,Combined exposure
S2_AATGGCTGTGCCGTTG-1,5.065384,0.78554654,5,Transitional-B,S2,Surgery,Combined exposure
S2_AATGGCTGTGCTAGCC-1,0.63232565,4.4087014,3,Homeostatic-B,S2,Surgery,Combined exposure
S2_AATTCCTGTACGCGTC-1,3.0700154,1.9883186,3,Homeostatic-B,S2,Surgery,Combined exposure
S2_AATTCCTTCCGTTGAA-1,0.9487543,1.4430281,1,Transitional-A,S2,Surgery,Combined exposure
S2_AATTTCCTCATTACTC-1,0.51183677,5.882094,0,Inflammatory,S2,Surgery,Combined exposure
S2_ACAAAGATCAATCTTC-1,1.7709059,2.6706517,3,Homeostatic-B,S2,Surgery,Combined exposure
S2_ACAAAGATCTAGACAC-1,4.4928565,0.29762697,4,Homeostatic-C,S2,Surgery,Combined exposure
S2_ACAACCATCACTGATG-1,3.6199424,2.1082191,3,Homeostatic-B,S2,Surgery,Combined exposure
S2_ACAACCATCTGGTGCG-1,-2.2446213,1.0741411,1,Transitional-A,S2,Surgery,Combined exposure
S2_ACAAGCTTCCTTGAAG-1,-0.37049496,-0.34495464,1,Transitional-A,S2,Surgery,Combined exposure
S2_ACACAGTAGTACGAGC-1,7.1368246,0.51737064,5,Transitional-B,S2,Surgery,Combined exposure
S2_ACACAGTAGTTGGGAC-1,0.76783377,3.4257414,3,Homeostatic-B,S2,Surgery,Combined exposure
S2_ACACAGTCACACACGC-1,-0.83407015,7.723976,0,Inflammatory,S2,Surgery,Combined exposure
S2_ACACAGTTCCATGCAA-1,-0.83005065,-0.80526185,1,Transitional-A,S2,Surgery,Combined exposure
S2_ACACCAATCAACCTTT-1,-2.0802505,4.244007,1,Transitional-A,S2,Surgery,Combined exposure
S2_ACACCAATCCTTCTAA-1,4.3215404,3.3175633,3,Homeostatic-B,S2,Surgery,Combined exposure
S2_ACACGCGCAAATGGTA-1,5.713337,1.571854,3,Homeostatic-B,S2,Surgery,Combined exposure
S2_ACACGCGCACTCATAG-1,1.8764079,0.1838229,4,Homeostatic-C,S2,Surgery,Combined exposure
S2_ACACGCGGTCACTACA-1,-0.5689864,-0.55574137,1,Transitional-A,S2,Surgery,Combined exposure
S2_ACACTGACAATGTCAC-1,0.9666969,2.7773743,3,Homeostatic-B,S2,Surgery,Combined exposure
S2_ACACTGAGTACGTGAG-1,-0.59946305,2.7009606,1,Transitional-A,S2,Surgery,Combined exposure
S2_ACACTGAGTACTGAGG-1,1.1806445,-1.5712242,4,Homeostatic-C,S2,Surgery,Combined exposure
S2_ACACTGAGTTCGGTCG-1,-0.6756125,-0.21829674,1,Transitional-A,S2,Surgery,Combined exposure
S2_ACAGAAAGTCAAAGAT-1,1.2575506,7.2415953,0,Inflammatory,S2,Surgery,Combined exposure
S2_ACAGAAATCATGCCAA-1,2.5402064,4.7453184,3,Homeostatic-B,S2,Surgery,Combined exposure
S2_ACAGCCGAGCTGACAG-1,-1.7407695,0.2936514,1,Transitional-A,S2,Surgery,Combined exposure
S2_ACAGCCGGTACCTAGT-1,0.0024308222,-1.1307427,4,Homeostatic-C,S2,Surgery,Combined exposure
S2_ACAGCCGTCCTTCACG-1,3.5990171,4.297743,3,Homeostatic-B,S2,Surgery,Combined exposure
S2_ACAGGGACAAGGCTTT-1,-0.5958257,6.4058647,0,Inflammatory,S2,Surgery,Combined exposure
S2_ACAGGGATCTTGGATG-1,2.698428,6.432274,0,Inflammatory,S2,Surgery,Combined exposure
S2_ACATCCCCACAAATGA-1,5.279183,-1.3295608,5,Transitional-B,S2,Surgery,Combined exposure
S2_ACATCCCGTGTCCATA-1,2.0771718,8.202536,0,Inflammatory,S2,Surgery,Combined exposure
S2_ACATCGAAGGGCATGT-1,3.7297144,1.4044987,3,Homeostatic-B,S2,Surgery,Combined exposure
S2_ACATCGACACCATAAC-1,0.9331357,1.8527706,1,Transitional-A,S2,Surgery,Combined exposure
S2_ACATCGAGTAGTGTGG-1,0.24805291,-0.5794101,4,Homeostatic-C,S2,Surgery,Combined exposure
S2_ACATCGAGTCTTCGAA-1,3.2734563,0.46649542,4,Homeostatic-C,S2,Surgery,Combined exposure
S2_ACATGCACAAGGACAC-1,-2.329557,2.093011,1,Transitional-A,S2,Surgery,Combined exposure
S2_ACATTTCCATTCACAG-1,-1.6744903,-0.8192785,1,Transitional-A,S2,Surgery,Combined exposure
S2_ACATTTCTCCAATGCA-1,-2.127299,0.27431738,1,Transitional-A,S2,Surgery,Combined exposure
S2_ACCAAACGTATCTCTT-1,3.8582764,0.26055047,4,Homeostatic-C,S2,Surgery,Combined exposure
S2_ACCAAACGTGCAACGA-1,3.3670979,-0.05420291,4,Homeostatic-C,S2,Surgery,Combined exposure
S2_ACCAACACACCGCTGA-1,3.9577932,6.176421,2,Homeostatic-A,S2,Surgery,Combined exposure
S2_ACCATTTTCTCAATCT-1,-0.14270316,1.0651182,1,Transitional-A,S2,Surgery,Combined exposure
S2_ACCCAAAAGGATACGC-1,1.0433629,-1.7461574,4,Homeostatic-C,S2,Surgery,Combined exposure
S2_ACCCTTGAGTCGCTAT-1,-2.228141,0.23988943,1,Transitional-A,S2,Surgery,Combined exposure
S2_ACCCTTGCAAATTGCC-1,1.0736645,4.578327,3,Homeostatic-B,S2,Surgery,Combined exposure
S2_ACCCTTGTCGCAATTG-1,1.7980915,2.09953,3,Homeostatic-B,S2,Surgery,Combined exposure
S2_ACCGTTCCATGAAGGC-1,-2.4135222,-0.30895206,1,Transitional-A,S2,Surgery,Combined exposure
S2_ACCGTTCGTGGCGTAA-1,1.4009424,2.5980499,3,Homeostatic-B,S2,Surgery,Combined exposure
S2_ACCTGAAAGCATGCGA-1,-2.271297,0.011941514,1,Transitional-A,S2,Surgery,Combined exposure
S2_ACCTGAAGTGAGTCAG-1,7.4411063,2.0519009,5,Transitional-B,S2,Surgery,Combined exposure
S2_ACCTGAATCCTGGGTG-1,3.71453,2.945517,3,Homeostatic-B,S2,Surgery,Combined exposure
S2_ACCTGTCCATGATAGA-1,7.95183,-0.97241515,5,Transitional-B,S2,Surgery,Combined exposure
S2_ACCTGTCTCCAGTGTA-1,3.9478953,-1.8313707,4,Homeostatic-C,S2,Surgery,Combined exposure
S2_ACCTGTCTCCGGTTCT-1,-2.2677884,3.2081504,1,Transitional-A,S2,Surgery,Combined exposure
S2_ACGATCAAGGTCCCTG-1,-0.5920797,2.6117518,1,Transitional-A,S2,Surgery,Combined exposure
S2_ACGATCACATCAGCTA-1,6.109434,2.4181445,2,Homeostatic-A,S2,Surgery,Combined exposure
S2_ACGATGTAGCCAACCC-1,5.388518,9.6462965,0,Inflammatory,S2,Surgery,Combined exposure
S2_ACGATGTGTCATCGCG-1,2.2863035,4.704197,3,Homeostatic-B,S2,Surgery,Combined exposure
S2_ACGATGTGTCCTTGTC-1,1.6801172,-1.5942427,4,Homeostatic-C,S2,Surgery,Combined exposure
S2_ACGCACGAGGCATCGA-1,0.987143,0.8912379,1,Transitional-A,S2,Surgery,Combined exposure
S2_ACGCACGCAAACTCGT-1,0.07051146,-0.8313079,4,Homeostatic-C,S2,Surgery,Combined exposure
S2_ACGGAAGAGACGTCCC-1,5.5764346,-0.43764347,5,Transitional-B,S2,Surgery,Combined exposure
S2_ACGGGTCAGTTACTCG-1,4.2290134,-0.18096022,4,Homeostatic-C,S2,Surgery,Combined exposure
S2_ACGGGTCCACTACCGG-1,0.30680242,0.50915325,4,Homeostatic-C,S2,Surgery,Combined exposure
S2_ACGGTCGCAAATGAAC-1,0.98536545,4.3174977,3,Homeostatic-B,S2,Surgery,Combined exposure
S2_ACGGTCGCATGACACT-1,2.2392945,-0.61000484,4,Homeostatic-C,S2,Surgery,Combined exposure
S2_ACGGTTAAGTCAGAGC-1,-1.834686,0.91225666,1,Transitional-A,S2,Surgery,Combined exposure
S2_ACGTAACCATTGAAAG-1,0.87347996,0.12930976,4,Homeostatic-C,S2,Surgery,Combined exposure
S2_ACGTACAAGTCTCTGA-1,1.3909734,0.79906154,4,Homeostatic-C,S2,Surgery,Combined exposure
S2_ACGTACATCCTCTGCA-1,3.0720263,11.04204,0,Inflammatory,S2,Surgery,Combined exposure
S2_ACGTAGTTCATGCTAG-1,2.3537388,-1.2467544,4,Homeostatic-C,S2,Surgery,Combined exposure
S2_ACGTAGTTCGGAAGGT-1,-1.7533879,2.1884692,1,Transitional-A,S2,Surgery,Combined exposure
S2_ACTACGACACACCTTC-1,1.2181653,6.018444,0,Inflammatory,S2,Surgery,Combined exposure
S2_ACTACGACACAGCGCT-1,0.473088,10.0914345,0,Inflammatory,S2,Surgery,Combined exposure
S2_ACTACGACAGCACAAG-1,0.14010547,8.780975,0,Inflammatory,S2,Surgery,Combined exposure
S2_ACTACGAGTGCAGTGA-1,-0.9582074,2.6776981,1,Transitional-A,S2,Surgery,Combined exposure
S2_ACTATCTCATCCGCGA-1,-2.0392501,1.1331038,1,Transitional-A,S2,Surgery,Combined exposure
S2_ACTATCTTCGCCAGAC-1,-1.7424495,4.6274385,1,Transitional-A,S2,Surgery,Combined exposure
S2_ACTATGGTCCCAAGTA-1,4.634366,5.808047,2,Homeostatic-A,S2,Surgery,Combined exposure
S2_ACTATTCGTTTACACG-1,2.0003202,1.0907625,4,Homeostatic-C,S2,Surgery,Combined exposure
S2_ACTCCCAAGGGAGGCA-1,-0.39811566,8.21444,0,Inflammatory,S2,Surgery,Combined exposure
S2_ACTCCCAAGGTTATAG-1,4.52491,1.1325747,3,Homeostatic-B,S2,Surgery,Combined exposure
S2_ACTCTCGAGGTTCATC-1,0.90720636,5.55257,3,Homeostatic-B,S2,Surgery,Combined exposure
S2_ACTCTCGTCTCTAAGG-1,1.780312,5.6461844,3,Homeostatic-B,S2,Surgery,Combined exposure
S2_ACTGATGAGCGACTGA-1,-2.1661067,3.5957282,1,Transitional-A,S2,Surgery,Combined exposure
S2_ACTGATGCAGGTACGA-1,-0.59307295,6.592255,0,Inflammatory,S2,Surgery,Combined exposure
S2_ACTGCAAAGATTAGAC-1,1.0738901,-0.4337023,4,Homeostatic-C,S2,Surgery,Combined exposure
S2_ACTGTGATCAAAGACA-1,2.6390328,1.8871962,3,Homeostatic-B,S2,Surgery,Combined exposure
S2_ACTGTGATCCTACAAG-1,-1.257559,-1.9760745,1,Transitional-A,S2,Surgery,Combined exposure
S2_ACTTAGGGTGGAGGTT-1,-0.5539789,1.5659763,1,Transitional-A,S2,Surgery,Combined exposure
S2_ACTTCCGCAATACCCA-1,0.73876846,1.1964422,1,Transitional-A,S2,Surgery,Combined exposure
S2_ACTTCCGCACTCCACT-1,1.6930716,0.5179283,4,Homeostatic-C,S2,Surgery,Combined exposure
S2_ACTTCCGGTCCTCATC-1,0.19439188,-1.8467596,4,Homeostatic-C,S2,Surgery,Combined exposure
S2_ACTTTCAGTACAGCGA-1,1.7924914,2.9955287,3,Homeostatic-B,S2,Surgery,Combined exposure
S2_ACTTTCATCGGAGATG-1,4.4364185,2.4574564,3,Homeostatic-B,S2,Surgery,Combined exposure
S2_ACTTTGTAGGGAGGAC-1,-2.4314728,3.204802,1,Transitional-A,S2,Surgery,Combined exposure
S2_ACTTTGTAGTGGCCTC-1,-1.5963458,-0.06661231,1,Transitional-A,S2,Surgery,Combined exposure
S2_ACTTTGTTCGCCAATA-1,1.9365839,-2.4595468,4,Homeostatic-C,S2,Surgery,Combined exposure
S2_AGAAATGAGCAACTCT-1,0.16653356,1.8255935,1,Transitional-A,S2,Surgery,Combined exposure
S2_AGAAATGAGTTGAAGT-1,-1.1415206,4.5709376,1,Transitional-A,S2,Surgery,Combined exposure
S2_AGAAATGGTTCAGCTA-1,-0.98598164,3.0348663,1,Transitional-A,S2,Surgery,Combined exposure
S2_AGAACAAAGGGCCAAT-1,-2.2937946,4.3074803,1,Transitional-A,S2,Surgery,Combined exposure
S2_AGAACAACAGGCTACC-1,2.4057212,9.721598,0,Inflammatory,S2,Surgery,Combined exposure
S2_AGAACCTAGAGAGAAC-1,1.097507,2.9847453,3,Homeostatic-B,S2,Surgery,Combined exposure
S2_AGAACCTCATGGGTCC-1,-1.2899526,2.9695566,1,Transitional-A,S2,Surgery,Combined exposure
S2_AGAACCTGTATAGGAT-1,0.4228448,2.9796882,1,Transitional-A,S2,Surgery,Combined exposure
S2_AGAAGCGCACCAAAGG-1,1.6518657,5.815516,3,Homeostatic-B,S2,Surgery,Combined exposure
S2_AGAAGCGCAGTGACCC-1,0.87008977,-2.784999,4,Homeostatic-C,S2,Surgery,Combined exposure
S2_AGACAAACAAAGACGC-1,0.80681443,-0.8091855,4,Homeostatic-C,S2,Surgery,Combined exposure
S2_AGACACTTCATCACAG-1,-0.6770274,-0.559808,1,Transitional-A,S2,Surgery,Combined exposure
S2_AGACAGGCATCGAACT-1,1.9412295,-1.4969648,4,Homeostatic-C,S2,Surgery,Combined exposure
S2_AGACAGGTCCGTACGG-1,4.3701344,8.346759,2,Homeostatic-A,S2,Surgery,Combined exposure
S2_AGACCATTCAAATGCC-1,-2.1589696,3.9380267,1,Transitional-A,S2,Surgery,Combined exposure
S2_AGACCCGTCGCGTGCA-1,-0.40874127,-0.82219607,4,Homeostatic-C,S2,Surgery,Combined exposure
S2_AGACTCACAGTTAGGG-1,0.866936,0.29034218,4,Homeostatic-C,S2,Surgery,Combined exposure
S2_AGAGAATCAAGTGCAG-1,1.6255206,1.4315826,4,Homeostatic-C,S2,Surgery,Combined exposure
S2_AGAGAATCAATGCTCA-1,3.004857,-1.6180266,4,Homeostatic-C,S2,Surgery,Combined exposure
S2_AGAGAATGTAGCCCTG-1,1.5714164,0.99850595,4,Homeostatic-C,S2,Surgery,Combined exposure
S2_AGAGAATGTCAGTTTG-1,0.9331589,-1.4767232,4,Homeostatic-C,S2,Surgery,Combined exposure
S2_AGAGAGCAGGGTACGT-1,1.4482331,-1.7141329,4,Homeostatic-C,S2,Surgery,Combined exposure
S2_AGAGAGCAGTGAACAT-1,0.2981334,-1.219148,4,Homeostatic-C,S2,Surgery,Combined exposure
S2_AGAGAGCTCGCAGAGA-1,-1.3161308,-0.6523171,1,Transitional-A,S2,Surgery,Combined exposure
S2_AGAGCAGAGATAGCAT-1,8.3089285,0.1394898,5,Transitional-B,S2,Surgery,Combined exposure
S2_AGAGCAGCAGGTCAGA-1,1.7982272,8.964895,0,Inflammatory,S2,Surgery,Combined exposure
S2_AGAGCAGGTAGACGTG-1,3.924093,4.4719667,3,Homeostatic-B,S2,Surgery,Combined exposure
S2_AGAGCCCCAATTTCCT-1,5.3948536,0.55818164,5,Transitional-B,S2,Surgery,Combined exposure
S2_AGATAGAGTTCCTTGC-1,2.6375537,5.5387354,0,Inflammatory,S2,Surgery,Combined exposure
S2_AGATAGAGTTGTTGTG-1,-2.370102,0.7820481,1,Transitional-A,S2,Surgery,Combined exposure
S2_AGATCCACACAAGTGG-1,7.056142,5.3113384,2,Homeostatic-A,S2,Surgery,Combined exposure
S2_AGATCCAGTGAGACCA-1,1.0904299,6.8885126,0,Inflammatory,S2,Surgery,Combined exposure
S2_AGATCGTGTAACAGGC-1,1.7558671,0.84825397,4,Homeostatic-C,S2,Surgery,Combined exposure
S2_AGATCGTTCAAGCCAT-1,-0.24046674,3.9974518,1,Transitional-A,S2,Surgery,Combined exposure
S2_AGATCGTTCGAAATCC-1,1.4007264,-0.1769858,4,Homeostatic-C,S2,Surgery,Combined exposure
S2_AGATGCTGTAATACCC-1,0.30070928,-0.32521507,4,Homeostatic-C,S2,Surgery,Combined exposure
S2_AGCATCAAGGGATCGT-1,5.313803,0.30805704,5,Transitional-B,S2,Surgery,Combined exposure
S2_AGCATCACAGCGTATT-1,-2.3729982,2.5192661,1,Transitional-A,S2,Surgery,Combined exposure
S2_AGCATCAGTAAGGAGA-1,7.041419,-0.39945504,5,Transitional-B,S2,Surgery,Combined exposure
S2_AGCCAATGTCAGATTC-1,-0.56307834,1.1705338,1,Transitional-A,S2,Surgery,Combined exposure
S2_AGCCAATTCCCTCTTT-1,3.6438699,6.0836673,2,Homeostatic-A,S2,Surgery,Combined exposure
S2_AGCCACGCACTCCACT-1,0.17496361,5.6322865,0,Inflammatory,S2,Surgery,Combined exposure
S2_AGCCACGCATGGTGGA-1,2.3794854,8.632765,0,Inflammatory,S2,Surgery,Combined exposure
S2_AGCCACGTCACACCGG-1,-2.23296,3.1212785,1,Transitional-A,S2,Surgery,Combined exposure
S2_AGCCAGCGTGTGCTTA-1,3.611963,6.9263086,2,Homeostatic-A,S2,Surgery,Combined exposure
S2_AGCCAGCGTTACTCAG-1,0.19637436,-0.09259538,4,Homeostatic-C,S2,Surgery,Combined exposure
S2_AGCCAGCTCCTTGACC-1,-1.1790563,0.83934015,1,Transitional-A,S2,Surgery,Combined exposure
S2_AGCGATTCATAATCCG-1,-0.3943345,-1.390538,4,Homeostatic-C,S2,Surgery,Combined exposure
S2_AGCGCCAGTTCTCTAT-1,-1.0888262,-1.1598469,1,Transitional-A,S2,Surgery,Combined exposure
S2_AGCGCCAGTTTGAACC-1,2.4225938,0.31978133,4,Homeostatic-C,S2,Surgery,Combined exposure
S2_AGCGCTGTCTTCCCGA-1,1.376793,0.88324386,4,Homeostatic-C,S2,Surgery,Combined exposure
S2_AGCGTATAGATTAGCA-1,2.291408,-1.1330135,4,Homeostatic-C,S2,Surgery,Combined exposure
S2_AGCGTATAGTAGATCA-1,-2.8542733,3.0977361,1,Transitional-A,S2,Surgery,Combined exposure
S2_AGCGTATTCCACTTCG-1,-1.324763,1.0852364,1,Transitional-A,S2,Surgery,Combined exposure
S2_AGCGTCGAGTACTGGG-1,4.277771,-0.043075077,4,Homeostatic-C,S2,Surgery,Combined exposure
S2_AGCTACAAGTTTGAGA-1,7.4439464,0.61772156,5,Transitional-B,S2,Surgery,Combined exposure
S2_AGCTCAAAGGTCCAGA-1,0.28867623,-0.06738232,4,Homeostatic-C,S2,Surgery,Combined exposure
S2_AGCTCAACAAACGAGC-1,0.8208379,-1.7490253,4,Homeostatic-C,S2,Surgery,Combined exposure
S2_AGCTCAACAAGCGAAC-1,3.5493968,1.5609723,3,Homeostatic-B,S2,Surgery,Combined exposure
S2_AGCTCAATCTGAGTCA-1,-0.26110777,-0.78851074,1,Transitional-A,S2,Surgery,Combined exposure
S2_AGGAAATCAATTGCGT-1,-2.6499233,2.102457,1,Transitional-A,S2,Surgery,Combined exposure
S2_AGGAAATCAGCACGAA-1,3.815793,3.5218394,3,Homeostatic-B,S2,Surgery,Combined exposure
S2_AGGACGACACTATGTG-1,-0.11291214,-0.0086544175,1,Transitional-A,S2,Surgery,Combined exposure
S2_AGGACTTTCGACGATT-1,-1.1765631,0.2980581,1,Transitional-A,S2,Surgery,Combined exposure
S2_AGGAGGTCATAACGGG-1,10.316317,1.7527703,6,Rare,S2,Surgery,Combined exposure
S2_AGGAGGTTCCCATTCG-1,-1.3813052,-1.6433526,1,Transitional-A,S2,Surgery,Combined exposure
S2_AGGATAAGTTGGGATG-1,8.193475,-0.8538603,5,Transitional-B,S2,Surgery,Combined exposure
S2_AGGATAATCGATGCTA-1,6.1512885,-1.6187098,5,Transitional-B,S2,Surgery,Combined exposure
S2_AGGCATTGTGGAGGTT-1,5.9108844,1.0675403,5,Transitional-B,S2,Surgery,Combined exposure
S2_AGGCCACAGTCAGCGA-1,0.36931404,-1.379456,4,Homeostatic-C,S2,Surgery,Combined exposure
S2_AGGGAGTCACCTGTCT-1,1.7486141,1.4293212,4,Homeostatic-C,S2,Surgery,Combined exposure
S2_AGGGAGTTCGAACCAT-1,1.8154368,1.739022,4,Homeostatic-C,S2,Surgery,Combined exposure
S2_AGGGAGTTCTTCGTGC-1,0.45583785,-0.97287303,4,Homeostatic-C,S2,Surgery,Combined exposure
S2_AGGGCTCAGTGTGTTC-1,1.6936042,-0.69400406,4,Homeostatic-C,S2,Surgery,Combined exposure
S2_AGGGTGAGTTGCATTG-1,6.423399,-1.7624706,5,Transitional-B,S2,Surgery,Combined exposure
S2_AGGGTTTAGATAGTGT-1,1.6706612,1.263914,4,Homeostatic-C,S2,Surgery,Combined exposure
S2_AGGTAGGCAGTGTGGA-1,0.43087974,3.312271,1,Transitional-A,S2,Surgery,Combined exposure
S2_AGGTCATAGGCCCGTT-1,-2.2968144,3.5860038,1,Transitional-A,S2,Surgery,Combined exposure
S2_AGGTCATCAACCGCTG-1,2.4644368,2.3322752,3,Homeostatic-B,S2,Surgery,Combined exposure
S2_AGGTCTAAGCTGGTGA-1,-2.0570064,4.007258,1,Transitional-A,S2,Surgery,Combined exposure
S2_AGGTCTACAGCTGGTC-1,2.4731822,0.67507887,4,Homeostatic-C,S2,Surgery,Combined exposure
S2_AGGTCTATCGGTCTAA-1,0.13702698,1.904477,1,Transitional-A,S2,Surgery,Combined exposure
S2_AGGTTACAGCCTCAAT-1,1.4202117,6.7002883,0,Inflammatory,S2,Surgery,Combined exposure
S2_AGTAACCGTAAGTCAA-1,1.3724872,2.8055463,3,Homeostatic-B,S2,Surgery,Combined exposure
S2_AGTAACCGTATTCCGA-1,7.2073846,3.4499545,2,Homeostatic-A,S2,Surgery,Combined exposure
S2_AGTACCAAGGTCTACT-1,3.0932205,-1.6510705,4,Homeostatic-C,S2,Surgery,Combined exposure
S2_AGTACCATCATTGCTT-1,2.7084858,-0.014289112,4,Homeostatic-C,S2,Surgery,Combined exposure
S2_AGTACTGCAGCATACT-1,3.777919,-0.78835875,4,Homeostatic-C,S2,Surgery,Combined exposure
S2_AGTAGCTAGTCCCAGC-1,0.10266721,2.0989163,1,Transitional-A,S2,Surgery,Combined exposure
S2_AGTAGTCAGCTCACTA-1,-1.2019401,-0.5209686,1,Transitional-A,S2,Surgery,Combined exposure
S2_AGTAGTCCAACGGGTA-1,-2.1223242,4.887858,1,Transitional-A,S2,Surgery,Combined exposure
S2_AGTAGTCTCGTGCACG-1,3.4571981,7.9582925,2,Homeostatic-A,S2,Surgery,Combined exposure
S2_AGTCAACAGCTGTGCC-1,1.8543584,-1.5144923,4,Homeostatic-C,S2,Surgery,Combined exposure
S2_AGTCAACCAGAGGTAC-1,4.196474,2.7153084,3,Homeostatic-B,S2,Surgery,Combined exposure
S2_AGTCACATCAAGTCGT-1,0.043704726,-1.9074328,4,Homeostatic-C,S2,Surgery,Combined exposure
S2_AGTGACTAGCAGGCTA-1,6.1456413,0.8327424,5,Transitional-B,S2,Surgery,Combined exposure
S2_AGTGACTCATACCACA-1,-0.4909604,4.37167,1,Transitional-A,S2,Surgery,Combined exposure
S2_AGTGCCGAGGACGCAT-1,5.4189296,-0.6478537,5,Transitional-B,S2,Surgery,Combined exposure
S2_AGTGCCGAGGGAGTGG-1,6.2697196,3.0166688,2,Homeostatic-A,S2,Surgery,Combined exposure
S2_AGTGCCGGTGTGCTTA-1,3.4750571,0.30449677000000003,4,Homeostatic-C,S2,Surgery,Combined exposure
S2_AGTGTTGAGTAATTGG-1,1.418361,4.1819553,3,Homeostatic-B,S2,Surgery,Combined exposure
S2_AGTGTTGAGTTGAATG-1,0.33613446,2.8516738,1,Transitional-A,S2,Surgery,Combined exposure
S2_AGTGTTGGTAACGCGA-1,0.03315631,9.872198,0,Inflammatory,S2,Surgery,Combined exposure
S2_AGTGTTGGTAGGCAGT-1,4.9184666,-1.141541,5,Transitional-B,S2,Surgery,Combined exposure
S2_AGTGTTGTCTCTAGGA-1,1.4519416,-1.274949,4,Homeostatic-C,S2,Surgery,Combined exposure
S2_AGTTAGCCAACCCTCT-1,0.6710391,-0.056791205,4,Homeostatic-C,S2,Surgery,Combined exposure
S2_AGTTAGCGTCACATTG-1,-1.6459641,0.7215876,1,Transitional-A,S2,Surgery,Combined exposure
S2_AGTTAGCTCTATCGGA-1,2.8322856,3.1876888,3,Homeostatic-B,S2,Surgery,Combined exposure
S2_AGTTCGAAGCACCCAC-1,3.137718,10.394546,0,Inflammatory,S2,Surgery,Combined exposure
S2_AGTTCGACAGGGAGAG-1,5.418458,1.8550148,3,Homeostatic-B,S2,Surgery,Combined exposure
S2_AGTTCGAGTTCAAAGA-1,0.8102303,3.851404,3,Homeostatic-B,S2,Surgery,Combined exposure
S2_ATACCGACAATGCAAA-1,3.9536557,0.8770074,4,Homeostatic-C,S2,Surgery,Combined exposure
S2_ATACCGATCTTGGGCG-1,-0.9026394,2.2180607,1,Transitional-A,S2,Surgery,Combined exposure
S2_ATACCTTCAAATGCGG-1,-0.69637686,0.89740044,1,Transitional-A,S2,Surgery,Combined exposure
S2_ATACCTTCAGGTTCGC-1,9.9983015,2.182346,6,Rare,S2,Surgery,Combined exposure
S2_ATACCTTGTCCCGCAA-1,0.60125786,4.204893,3,Homeostatic-B,S2,Surgery,Combined exposure
S2_ATACTTCAGCTGTACT-1,-1.8899525,-1.0336092,1,Transitional-A,S2,Surgery,Combined exposure
S2_ATACTTCGTACAGTAA-1,-1.4978019,4.548187,1,Transitional-A,S2,Surgery,Combined exposure
S2_ATAGAGAAGCTACGTT-1,0.74607784,0.1608957,4,Homeostatic-C,S2,Surgery,Combined exposure
S2_ATAGGCTGTGAAAGTT-1,3.1403997,2.8245702,3,Homeostatic-B,S2,Surgery,Combined exposure
S2_ATAGGCTTCTATCGGA-1,1.15364,1.0058627,4,Homeostatic-C,S2,Surgery,Combined exposure
S2_ATAGGCTTCTCCATAT-1,-1.0575205,2.6414192,1,Transitional-A,S2,Surgery,Combined exposure
S2_ATCACAGAGATGGGCT-1,-1.0086174,-0.20838654,1,Transitional-A,S2,Surgery,Combined exposure
S2_ATCACAGGTAGACACG-1,-0.91781986,5.8590574,0,Inflammatory,S2,Surgery,Combined exposure
S2_ATCACAGTCCGTTTCG-1,1.6230252,1.7509433,4,Homeostatic-C,S2,Surgery,Combined exposure
S2_ATCACGAAGACATATG-1,2.5996475,9.617209,0,Inflammatory,S2,Surgery,Combined exposure
S2_ATCACGATCCTGCTAC-1,1.1627096,8.52706,0,Inflammatory,S2,Surgery,Combined exposure
S2_ATCACGATCCTGTTGC-1,1.1959888,6.560245,0,Inflammatory,S2,Surgery,Combined exposure
S2_ATCACTTCATTGGATC-1,-1.1946331,0.10405991,1,Transitional-A,S2,Surgery,Combined exposure
S2_ATCACTTGTATAGGAT-1,2.1190975,0.51386154,4,Homeostatic-C,S2,Surgery,Combined exposure
S2_ATCACTTGTTGGCCGT-1,-1.6537265,0.35012615,1,Transitional-A,S2,Surgery,Combined exposure
S2_ATCACTTGTTTGGGTT-1,0.72456354,6.51895,0,Inflammatory,S2,Surgery,Combined exposure
S2_ATCACTTTCTACTGAG-1,5.9480863,-0.10353379,5,Transitional-B,S2,Surgery,Combined exposure
S2_ATCAGGTAGACACACG-1,2.9269466,1.0774273,4,Homeostatic-C,S2,Surgery,Combined exposure
S2_ATCCCTGCAGACACAG-1,2.2152188,4.1907697,3,Homeostatic-B,S2,Surgery,Combined exposure
S2_ATCCCTGGTCAAGCCC-1,2.6562681,2.8038094,3,Homeostatic-B,S2,Surgery,Combined exposure
S2_ATCCCTGGTCACCGAC-1,4.22388,4.954024,2,Homeostatic-A,S2,Surgery,Combined exposure
S2_ATCCCTGGTCGTTTCC-1,8.009156,0.5352932,5,Transitional-B,S2,Surgery,Combined exposure
S2_ATCCCTGGTGTATTGC-1,4.236117,13.234712,0,Inflammatory,S2,Surgery,Combined exposure
S2_ATCCCTGTCTTCTAAC-1,5.7911024,-0.007122455,5,Transitional-B,S2,Surgery,Combined exposure
S2_ATCCGTCGTACGGCAA-1,2.9797208,3.5512311,3,Homeostatic-B,S2,Surgery,Combined exposure
S2_ATCCTATCATAGGCGA-1,-2.6479402,2.2292538,1,Transitional-A,S2,Surgery,Combined exposure
S2_ATCGGATAGAAGTATC-1,-1.7959297,4.545388,1,Transitional-A,S2,Surgery,Combined exposure
S2_ATCGGATAGCATCCCG-1,-1.3367124,0.19310902,1,Transitional-A,S2,Surgery,Combined exposure
S2_ATCGGATGTCTATGAC-1,-1.0246829,2.387558,1,Transitional-A,S2,Surgery,Combined exposure
S2_ATCGGATTCTATCGTT-1,0.19536203,-1.8107872,4,Homeostatic-C,S2,Surgery,Combined exposure
S2_ATCGGCGCATTGTAGC-1,-1.0185616,3.7574239,1,Transitional-A,S2,Surgery,Combined exposure
S2_ATCGTGAAGTTGGGAC-1,-1.1816478,0.61752033,1,Transitional-A,S2,Surgery,Combined exposure
S2_ATCTCTAAGATCCAAA-1,0.5121992,3.5635316,3,Homeostatic-B,S2,Surgery,Combined exposure
S2_ATCTCTAGTTGACGGA-1,1.5542588,6.699215,0,Inflammatory,S2,Surgery,Combined exposure
S2_ATGAAAGCATTCACCC-1,1.5693655,2.3092945,3,Homeostatic-B,S2,Surgery,Combined exposure
S2_ATGACCAGTAGCTGAG-1,0.41611797,0.35849306,4,Homeostatic-C,S2,Surgery,Combined exposure
S2_ATGACCATCCACTTCG-1,1.0099617,6.6147604,0,Inflammatory,S2,Surgery,Combined exposure
S2_ATGAGGGGTCTTAGTG-1,0.17517526,-1.9368925,4,Homeostatic-C,S2,Surgery,Combined exposure
S2_ATGAGTCAGCTGTTAC-1,2.2925105,7.880463,0,Inflammatory,S2,Surgery,Combined exposure
S2_ATGATCGAGGAACGCT-1,6.1070642,1.4597902,5,Transitional-B,S2,Surgery,Combined exposure
S2_ATGATCGTCATAGCAC-1,5.006982,8.821223,2,Homeostatic-A,S2,Surgery,Combined exposure
S2_ATGCCTCAGCACTCCG-1,0.6094027,3.6915433,3,Homeostatic-B,S2,Surgery,Combined exposure
S2_ATGCCTCAGCTGGCTC-1,3.3294237,6.786625,2,Homeostatic-A,S2,Surgery,Combined exposure
S2_ATGCGATAGCGTGAGT-1,10.265398,2.440366,6,Rare,S2,Surgery,Combined exposure
S2_ATGCGATAGTGTAGTA-1,2.1368132,-1.9238789,4,Homeostatic-C,S2,Surgery,Combined exposure
S2_ATGCGATGTCTAACTG-1,-1.949185,0.43252525000000003,1,Transitional-A,S2,Surgery,Combined exposure
S2_ATGCGATTCGTCCTCA-1,-0.9708271,2.6196957,1,Transitional-A,S2,Surgery,Combined exposure
S2_ATGGAGGTCGCACGAC-1,0.56693155,3.073088,1,Transitional-A,S2,Surgery,Combined exposure
S2_ATGGGAGAGACATATG-1,1.8346713,0.2317152,4,Homeostatic-C,S2,Surgery,Combined exposure
S2_ATGGGAGGTTCTCCAC-1,1.971096,1.1740514,4,Homeostatic-C,S2,Surgery,Combined exposure
S2_ATGGGTTAGTATAACG-1,2.9357166,3.5115132,3,Homeostatic-B,S2,Surgery,Combined exposure
S2_ATGGGTTGTATGCAAA-1,1.4507931,-1.7368809,4,Homeostatic-C,S2,Surgery,Combined exposure
S2_ATGGGTTGTGGTACAG-1,4.1380224,-0.73788846,4,Homeostatic-C,S2,Surgery,Combined exposure
S2_ATGGTTGCAACAAGAT-1,2.1633239,5.5707893,0,Inflammatory,S2,Surgery,Combined exposure
S2_ATGGTTGCATGACGAG-1,-2.067703,0.8387065,1,Transitional-A,S2,Surgery,Combined exposure
S2_ATTACCTAGTACCGGA-1,-0.90409964,0.8868335,1,Transitional-A,S2,Surgery,Combined exposure
S2_ATTACCTCATGTCTAG-1,-0.2012342,0.0150620565,1,Transitional-A,S2,Surgery,Combined exposure
S2_ATTACTCGTTACTCAG-1,-0.8823993,5.2033453,1,Transitional-A,S2,Surgery,Combined exposure
S2_ATTCACTCACGGTCTG-1,6.2124624,2.7896388,5,Transitional-B,S2,Surgery,Combined exposure
S2_ATTCAGGTCATTACGG-1,4.2388444,1.3065132,3,Homeostatic-B,S2,Surgery,Combined exposure
S2_ATTCCATAGCGTGTCC-1,5.4762945,0.06474579,5,Transitional-B,S2,Surgery,Combined exposure
S2_ATTCCATGTTTGTGGT-1,6.101063,-2.1593196,5,Transitional-B,S2,Surgery,Combined exposure
S2_ATTCCCGTCAGTGTCA-1,7.678873,2.8619645,2,Homeostatic-A,S2,Surgery,Combined exposure
S2_ATTCCTATCCCGTGTT-1,2.2270055,2.6077845,3,Homeostatic-B,S2,Surgery,Combined exposure
S2_ATTCCTATCGTGACTA-1,7.4148445,3.9386728,2,Homeostatic-A,S2,Surgery,Combined exposure
S2_ATTCGTTCAGGAACCA-1,3.3282342,2.668213,3,Homeostatic-B,S2,Surgery,Combined exposure
S2_ATTCGTTGTGAGTTGG-1,1.4472824,4.881154,3,Homeostatic-B,S2,Surgery,Combined exposure
S2_ATTCTTGTCTCACGAA-1,2.2979355,1.6023573,3,Homeostatic-B,S2,Surgery,Combined exposure
S2_ATTCTTGTCTTGCAAG-1,3.3260453,0.8958091,4,Homeostatic-C,S2,Surgery,Combined exposure
S2_ATTGGGTAGTTCGGTT-1,4.1442103,4.781205,2,Homeostatic-A,S2,Surgery,Combined exposure
S2_ATTGGGTAGTTGAAAC-1,-0.4683788,1.2290848,1,Transitional-A,S2,Surgery,Combined exposure
S2_ATTGGGTCAGGTTTAC-1,1.5912297,4.5225797,3,Homeostatic-B,S2,Surgery,Combined exposure
S2_ATTGTTCAGGTTACCT-1,-0.5786113,-2.3155801,4,Homeostatic-C,S2,Surgery,Combined exposure
S2_ATTTACCAGTTGCTCA-1,6.929856,2.385706,2,Homeostatic-A,S2,Surgery,Combined exposure
S2_ATTTACCTCTCCGAAA-1,3.2646174,1.9539397,3,Homeostatic-B,S2,Surgery,Combined exposure
S2_ATTTCACGTGTTGCCG-1,-0.048851628,3.8437805,1,Transitional-A,S2,Surgery,Combined exposure
S2_ATTTCACGTTTACGTG-1,3.207246,1.4608636,3,Homeostatic-B,S2,Surgery,Combined exposure
S2_ATTTCTGGTTGCTCGG-1,0.43420404,0.024703678,4,Homeostatic-C,S2,Surgery,Combined exposure
S2_ATTTCTGTCCATGATG-1,-2.3991795,-0.008877656,1,Transitional-A,S2,Surgery,Combined exposure
S2_CAAAGAACAGGAATCG-1,-1.4923675,6.3378787,0,Inflammatory,S2,Surgery,Combined exposure
S2_CAACAGTAGAGTGGCT-1,1.1080126,2.6099033,3,Homeostatic-B,S2,Surgery,Combined exposure
S2_CAACCAACATCATCCC-1,0.84892714,4.004755,3,Homeostatic-B,S2,Surgery,Combined exposure
S2_CAACGATAGCTAAACA-1,2.4605827,1.5461453,4,Homeostatic-C,S2,Surgery,Combined exposure
S2_CAACGATAGGGCAGAG-1,2.9795206,4.960217,2,Homeostatic-A,S2,Surgery,Combined exposure
S2_CAACGATTCGGCTTCT-1,2.9499676,-0.57270586,4,Homeostatic-C,S2,Surgery,Combined exposure
S2_CAACGGCAGCAGCACA-1,-0.57031834,8.006457,0,Inflammatory,S2,Surgery,Combined exposure
S2_CAACGGCCATCACGGC-1,3.9160018,-1.0162234,4,Homeostatic-C,S2,Surgery,Combined exposure
S2_CAAGACTAGAGCAAGA-1,-2.2899885,2.6928296,1,Transitional-A,S2,Surgery,Combined exposure
S2_CAAGACTCAGCGTACC-1,1.422294,3.1173518,3,Homeostatic-B,S2,Surgery,Combined exposure
S2_CAAGACTGTTATCCAG-1,-1.6435336,4.723124,1,Transitional-A,S2,Surgery,Combined exposure
S2_CAAGACTTCCACGGGT-1,0.25161812,2.594644,1,Transitional-A,S2,Surgery,Combined exposure
S2_CAAGACTTCCATTTAC-1,1.3741852,-1.0793965,4,Homeostatic-C,S2,Surgery,Combined exposure
S2_CAAGACTTCGTTGTAG-1,-1.9139037,2.3078187,1,Transitional-A,S2,Surgery,Combined exposure
S2_CAAGACTTCTTGAACG-1,2.9866643,-0.8269491,4,Homeostatic-C,S2,Surgery,Combined exposure
S2_CAAGACTTCTTGGTGA-1,1.6859936,2.783178,3,Homeostatic-B,S2,Surgery,Combined exposure
S2_CAAGAGGAGGTCCTGC-1,-0.10934994,1.6467342,1,Transitional-A,S2,Surgery,Combined exposure
S2_CAAGAGGGTACTCGTA-1,3.2647443,4.2348995,3,Homeostatic-B,S2,Surgery,Combined exposure
S2_CAAGCTAAGTGTACAA-1,1.3428718,-2.6206577,4,Homeostatic-C,S2,Surgery,Combined exposure
S2_CAAGCTAAGTGTTGTC-1,-1.5182765,-1.6370794,1,Transitional-A,S2,Surgery,Combined exposure
S2_CAAGCTATCAGTCTTT-1,-1.0501473,0.5408815,1,Transitional-A,S2,Surgery,Combined exposure
S2_CAATACGGTTCTCTCG-1,3.8586998,4.238921,3,Homeostatic-B,S2,Surgery,Combined exposure
S2_CAATTTCCAACCACGC-1,1.4404185,-0.77557415,4,Homeostatic-C,S2,Surgery,Combined exposure
S2_CAATTTCGTCAGGCAA-1,8.128048,0.3845438,5,Transitional-B,S2,Surgery,Combined exposure
S2_CAATTTCTCTATCGTT-1,0.3393353,2.3876133,3,Homeostatic-B,S2,Surgery,Combined exposure
S2_CACAACATCTTCGGTC-1,1.3366284,0.49947858,4,Homeostatic-C,S2,Surgery,Combined exposure
S2_CACACAAGTCTTAGTG-1,1.6020389,6.7421484,0,Inflammatory,S2,Surgery,Combined exposure
S2_CACAGATAGCCAAGTG-1,1.563588,-1.8377305,4,Homeostatic-C,S2,Surgery,Combined exposure
S2_CACAGATCAAATGAGT-1,7.539963,-1.2900875,5,Transitional-B,S2,Surgery,Combined exposure
S2_CACAGATCAGCAGTTT-1,0.9723947,4.228124,3,Homeostatic-B,S2,Surgery,Combined exposure
S2_CACAGATGTGGAACCA-1,2.2261593,4.9485817,3,Homeostatic-B,S2,Surgery,Combined exposure
S2_CACAGATTCACTGTCC-1,0.4151009,3.2840364,1,Transitional-A,S2,Surgery,Combined exposure
S2_CACAGGCGTGTCATCA-1,-0.1286664,2.1793172,1,Transitional-A,S2,Surgery,Combined exposure
S2_CACAGGCTCAACTTTC-1,0.21778832,1.4583274,1,Transitional-A,S2,Surgery,Combined exposure
S2_CACCAAAAGAATCGTA-1,2.2258546,2.1145847,3,Homeostatic-B,S2,Surgery,Combined exposure
S2_CACCAAACAAGTGATA-1,0.11125618,1.654701,1,Transitional-A,S2,Surgery,Combined exposure
S2_CACCGTTCAAGGTACG-1,1.0445571,-1.6344148,4,Homeostatic-C,S2,Surgery,Combined exposure
S2_CACCGTTTCTAGCATG-1,4.5988283,-1.2864643,4,Homeostatic-C,S2,Surgery,Combined exposure
S2_CACGAATAGTATGGAT-1,4.3704576,-1.3327603,4,Homeostatic-C,S2,Surgery,Combined exposure
S2_CACGAATCAACCGTGC-1,5.3854065,1.7563996,3,Homeostatic-B,S2,Surgery,Combined exposure
S2_CACGTTCCAGTGCCTG-1,-0.90291834,7.478736,0,Inflammatory,S2,Surgery,Combined exposure
S2_CACTAAGAGCTCTGTA-1,5.286551,5.144055,2,Homeostatic-A,S2,Surgery,Combined exposure
S2_CACTAAGGTTTGAACC-1,1.4919125,-0.96040726,4,Homeostatic-C,S2,Surgery,Combined exposure
S2_CACTGAAGTTAGGCTT-1,5.4656005,3.1651356,2,Homeostatic-A,S2,Surgery,Combined exposure
S2_CACTGAATCTGTCGCT-1,3.8840258,-0.5987018,4,Homeostatic-C,S2,Surgery,Combined exposure
S2_CACTGGGCAGCCCAGT-1,-1.7798132,7.223348,0,Inflammatory,S2,Surgery,Combined exposure
S2_CACTGGGCATAGCTGT-1,1.1438811,-0.7860225,4,Homeostatic-C,S2,Surgery,Combined exposure
S2_CACTGTCGTCTTGAGT-1,6.425676,4.096502,2,Homeostatic-A,S2,Surgery,Combined exposure
S2_CACTTCGCAACTGCTA-1,1.7443688,2.5829046,3,Homeostatic-B,S2,Surgery,Combined exposure
S2_CACTTCGTCACGGGAA-1,5.952301,-0.39258558,5,Transitional-B,S2,Surgery,Combined exposure
S2_CAGAGCCTCGCCAGAC-1,0.16021305,3.056292,1,Transitional-A,S2,Surgery,Combined exposure
S2_CAGATACGTCCAGGTC-1,0.5924138,-1.9815179,4,Homeostatic-C,S2,Surgery,Combined exposure
S2_CAGATCAAGAGATCGC-1,-0.23741959,3.8770013,1,Transitional-A,S2,Surgery,Combined exposure
S2_CAGATCAGTCCGAAAG-1,6.9721203,0.2109061,5,Transitional-B,S2,Surgery,Combined exposure
S2_CAGATCATCTGAGGCC-1,3.3122165,4.305737,3,Homeostatic-B,S2,Surgery,Combined exposure
S2_CAGCAATAGTATGCAA-1,-1.9715807,4.105758,1,Transitional-A,S2,Surgery,Combined exposure
S2_CAGCAATGTGTGTGGA-1,-2.056648,4.395224,1,Transitional-A,S2,Surgery,Combined exposure
S2_CAGCACGCAATCTCTT-1,1.1991817,9.279166,0,Inflammatory,S2,Surgery,Combined exposure
S2_CAGCACGGTGACACAG-1,-1.116177,-1.8411765,1,Transitional-A,S2,Surgery,Combined exposure
S2_CAGCACGGTTGTTGTG-1,4.5561395,-1.7601461,4,Homeostatic-C,S2,Surgery,Combined exposure
S2_CAGCACGTCGAGTGGA-1,7.284226,1.3762679,5,Transitional-B,S2,Surgery,Combined exposure
S2_CAGCAGCGTACAGAGC-1,-0.6880524,0.908595,1,Transitional-A,S2,Surgery,Combined exposure
S2_CAGCAGCGTCGCACAC-1,-0.87821746,-1.9862264,1,Transitional-A,S2,Surgery,Combined exposure
S2_CAGCAGCTCCTCACGT-1,4.3229876,4.03552,2,Homeostatic-A,S2,Surgery,Combined exposure
S2_CAGCGTGGTATGTCAC-1,-0.6099296,1.9615055,1,Transitional-A,S2,Surgery,Combined exposure
S2_CAGCGTGGTGATATAG-1,8.177502,0.22438031,5,Transitional-B,S2,Surgery,Combined exposure
S2_CAGGCCAAGCGTTAGG-1,3.529186,4.7219353,2,Homeostatic-A,S2,Surgery,Combined exposure
S2_CAGGCCACAATTTCTC-1,0.6803231,-1.7844365,4,Homeostatic-C,S2,Surgery,Combined exposure
S2_CAGGCCAGTAGGCAAC-1,0.7421387,1.0236305,1,Transitional-A,S2,Surgery,Combined exposure
S2_CAGGCCAGTCAAACGG-1,0.024894327,2.0713713,1,Transitional-A,S2,Surgery,Combined exposure
S2_CAGGCCAGTGCCTTTC-1,3.1073518,-1.2133931,4,Homeostatic-C,S2,Surgery,Combined exposure
S2_CAGGGCTTCCACCCTA-1,0.66460204,8.145869,0,Inflammatory,S2,Surgery,Combined exposure
S2_CAGGTATTCTACTCAT-1,1.7856262,5.4900312,3,Homeostatic-B,S2,Surgery,Combined exposure
S2_CAGTGCGTCCATCTCG-1,3.993712,-0.23533918,4,Homeostatic-C,S2,Surgery,Combined exposure
S2_CAGTTAGGTCACCCTT-1,-1.4591001,6.127226,0,Inflammatory,S2,Surgery,Combined exposure
S2_CAGTTCCTCCATTGTT-1,10.426635,1.7675422,6,Rare,S2,Surgery,Combined exposure
S2_CAGTTCCTCTGCGAGC-1,4.551561,6.634303,2,Homeostatic-A,S2,Surgery,Combined exposure
S2_CATAAGCAGCAGTACG-1,1.4690896,3.4680378e-4,4,Homeostatic-C,S2,Surgery,Combined exposure
S2_CATAAGCTCCTCTCGA-1,1.7424397,-2.6367476,4,Homeostatic-C,S2,Surgery,Combined exposure
S2_CATACAGAGCCGTAAG-1,0.72821856,-1.6815403,4,Homeostatic-C,S2,Surgery,Combined exposure
S2_CATACAGCATGTTACG-1,3.0587,2.6047523,3,Homeostatic-B,S2,Surgery,Combined exposure
S2_CATACAGGTAATGCGG-1,1.2812818,3.4028766,3,Homeostatic-B,S2,Surgery,Combined exposure
S2_CATACAGTCTGCATGA-1,-0.66526246,1.0619804,1,Transitional-A,S2,Surgery,Combined exposure
S2_CATACCCAGGACAACC-1,6.1127343,4.5973454,2,Homeostatic-A,S2,Surgery,Combined exposure
S2_CATACCCCATAATGCC-1,3.2806225,6.504082,2,Homeostatic-A,S2,Surgery,Combined exposure
S2_CATACCCTCAGCGGAA-1,0.18347088,-1.6455266,4,Homeostatic-C,S2,Surgery,Combined exposure
S2_CATACTTAGCCAGACA-1,-0.053698692,4.297775,1,Transitional-A,S2,Surgery,Combined exposure
S2_CATACTTCATCTAACG-1,0.018384118,8.8065605,0,Inflammatory,S2,Surgery,Combined exposure
S2_CATACTTGTCCGGACT-1,4.154643,11.133593,0,Inflammatory,S2,Surgery,Combined exposure
S2_CATACTTTCTGCGGCA-1,0.4864519,9.676215,0,Inflammatory,S2,Surgery,Combined exposure
S2_CATAGACGTAGGCTGA-1,7.8864756,-0.7911743,5,Transitional-B,S2,Surgery,Combined exposure
S2_CATCAAGCAATAGAGT-1,0.55554986,5.535298,0,Inflammatory,S2,Surgery,Combined exposure
S2_CATCAAGGTGTGTGTT-1,2.2999415,0.9213984,4,Homeostatic-C,S2,Surgery,Combined exposure
S2_CATCCACAGAGAAGGT-1,1.1276219,1.6947627,4,Homeostatic-C,S2,Surgery,Combined exposure
S2_CATCCACAGTGCACCC-1,0.72336173,0.4102475,4,Homeostatic-C,S2,Surgery,Combined exposure
S2_CATCCCATCAAATGAG-1,1.4046448,2.2217653,3,Homeostatic-B,S2,Surgery,Combined exposure
S2_CATCCCATCGTTATCT-1,-0.17869197,7.9000173,0,Inflammatory,S2,Surgery,Combined exposure
S2_CATCCGTAGTTTGTCG-1,1.1839949,3.977853,3,Homeostatic-B,S2,Surgery,Combined exposure
S2_CATCCGTGTGAATGTA-1,-2.813153,2.4743826,1,Transitional-A,S2,Surgery,Combined exposure
S2_CATCCGTGTTATCTGG-1,2.255488,1.1327026,4,Homeostatic-C,S2,Surgery,Combined exposure
S2_CATCCGTTCATGAGTC-1,2.962816,9.883148,0,Inflammatory,S2,Surgery,Combined exposure
S2_CATCGCTCAACCCGCA-1,2.5362043,1.7997028,3,Homeostatic-B,S2,Surgery,Combined exposure
S2_CATCGGGAGGTTCATC-1,-0.62671864,7.255761,0,Inflammatory,S2,Surgery,Combined exposure
S2_CATCGGGGTGTTCCAA-1,0.91638535,-1.6275232,4,Homeostatic-C,S2,Surgery,Combined exposure
S2_CATCGGGGTTGGCTAT-1,-0.88431543,1.2163302,1,Transitional-A,S2,Surgery,Combined exposure
S2_CATGAGTCAGAGTCAG-1,10.718392,1.9251577,6,Rare,S2,Surgery,Combined exposure
S2_CATGCCTAGATGCTAA-1,1.6087408,9.971479,0,Inflammatory,S2,Surgery,Combined exposure
S2_CATGCCTCAGGCGAAT-1,-1.8200496,4.376439,1,Transitional-A,S2,Surgery,Combined exposure
S2_CATGCCTGTAAGATCA-1,1.7321309,1.3629065,4,Homeostatic-C,S2,Surgery,Combined exposure
S2_CATGCGGAGTAGGTTA-1,-0.9079823,4.579247,1,Transitional-A,S2,Surgery,Combined exposure
S2_CATGCGGAGTCGAGGT-1,3.387756,3.371289,3,Homeostatic-B,S2,Surgery,Combined exposure
S2_CATGCTCCAATCCTAG-1,-2.1893592,0.3694131,1,Transitional-A,S2,Surgery,Combined exposure
S2_CATGCTCCATGGAATA-1,-1.0291306,1.0349646,1,Transitional-A,S2,Surgery,Combined exposure
S2_CATGGATTCACTCCGT-1,5.252874,1.8410866,3,Homeostatic-B,S2,Surgery,Combined exposure
S2_CATGGTAGTGACTGAG-1,7.462602,-0.8861834,5,Transitional-B,S2,Surgery,Combined exposure
S2_CATTCATTCATGGTAC-1,9.852532,2.050345,6,Rare,S2,Surgery,Combined exposure
S2_CATTCATTCGTGTGGC-1,1.7793211,1.425776,4,Homeostatic-C,S2,Surgery,Combined exposure
S2_CATTCATTCTATCGCC-1,0.8940735,-2.106136,4,Homeostatic-C,S2,Surgery,Combined exposure
S2_CATTCCGGTAGCACAG-1,0.3880308,7.696153,0,Inflammatory,S2,Surgery,Combined exposure
S2_CATTCCGTCCCAACTC-1,-0.22380808,-2.1897898,4,Homeostatic-C,S2,Surgery,Combined exposure
S2_CATTCTAAGCTCGCAC-1,5.7360115,0.09252874,5,Transitional-B,S2,Surgery,Combined exposure
S2_CATTCTAAGGGTGAGG-1,-1.292508,-0.28937215,1,Transitional-A,S2,Surgery,Combined exposure
S2_CATTGAGTCACCTTGC-1,4.863299,3.7625902,2,Homeostatic-A,S2,Surgery,Combined exposure
S2_CATTGTTAGATCCCAT-1,6.0261106,-1.5381738,5,Transitional-B,S2,Surgery,Combined exposure
S2_CATTGTTAGGCTCACC-1,-0.9020446,1.7849455,1,Transitional-A,S2,Surgery,Combined exposure
S2_CATTTCAAGGGAGGAC-1,0.09115034,3.8242028,3,Homeostatic-B,S2,Surgery,Combined exposure
S2_CATTTCAGTCGGCCTA-1,1.8904983,4.283911,3,Homeostatic-B,S2,Surgery,Combined exposure
S2_CATTTCAGTTGTGGAG-1,3.3423746,2.37651,3,Homeostatic-B,S2,Surgery,Combined exposure
S2_CCAATGAAGATGCCGA-1,4.1314597,5.9791584,2,Homeostatic-A,S2,Surgery,Combined exposure
S2_CCAATGATCATGCCCT-1,-1.4278055,-1.7523067,1,Transitional-A,S2,Surgery,Combined exposure
S2_CCACAAAGTAGTTCCA-1,1.2812316,2.7787714,3,Homeostatic-B,S2,Surgery,Combined exposure
S2_CCACAAATCAGGACAG-1,1.5900661,0.15900235,4,Homeostatic-C,S2,Surgery,Combined exposure
S2_CCACACTTCTAACACG-1,3.558571,-1.002125,4,Homeostatic-C,S2,Surgery,Combined exposure
S2_CCACCATCAAGTTGGG-1,0.33035922,-1.8224298,4,Homeostatic-C,S2,Surgery,Combined exposure
S2_CCACGAGTCATGCTAG-1,1.077568,5.4218187,0,Inflammatory,S2,Surgery,Combined exposure
S2_CCACGTTCATAGATGA-1,3.0739553,5.2006817,2,Homeostatic-A,S2,Surgery,Combined exposure
S2_CCACGTTTCTGGAGAG-1,3.6439986,2.9814336,3,Homeostatic-B,S2,Surgery,Combined exposure
S2_CCATAAGCAACTGATC-1,-0.19658408,-1.401203,1,Transitional-A,S2,Surgery,Combined exposure
S2_CCATAAGCAGCGAACA-1,-0.11506969,0.09462247,4,Homeostatic-C,S2,Surgery,Combined exposure
S2_CCATAAGCATCCAACA-1,-1.3674895,2.251406,1,Transitional-A,S2,Surgery,Combined exposure
S2_CCATAAGGTGCCCACA-1,1.9844866,0.8557382,4,Homeostatic-C,S2,Surgery,Combined exposure
S2_CCCAACTAGATACGAT-1,4.1606183,-1.4275969,4,Homeostatic-C,S2,Surgery,Combined exposure
S2_CCCAACTAGCCGATAG-1,3.2002337,-0.1962129,4,Homeostatic-C,S2,Surgery,Combined exposure
S2_CCCAACTAGTCTCCTC-1,-2.4336836,1.3176792,1,Transitional-A,S2,Surgery,Combined exposure
S2_CCCAACTCAAAGCTAA-1,1.7485474,-1.9758333,4,Homeostatic-C,S2,Surgery,Combined exposure
S2_CCCAACTCAACCGATT-1,6.346311,-0.99515337,5,Transitional-B,S2,Surgery,Combined exposure
S2_CCCATTGCAACGCCCA-1,10.856942,2.158961,6,Rare,S2,Surgery,Combined exposure
S2_CCCATTGGTATTCCGA-1,-2.0917068,1.3955783,1,Transitional-A,S2,Surgery,Combined exposure
S2_CCCATTGGTTTGAACC-1,0.02333376,-0.5201019,4,Homeostatic-C,S2,Surgery,Combined exposure
S2_CCCATTGTCAGTGTGT-1,0.5740804,-0.9138781,4,Homeostatic-C,S2,Surgery,Combined exposure
S2_CCCGAAGAGACCAGCA-1,5.4008074,-0.14809626,5,Transitional-B,S2,Surgery,Combined exposure
S2_CCCGAAGAGTCATCGT-1,-1.025307,4.0426373,1,Transitional-A,S2,Surgery,Combined exposure
S2_CCCGAAGGTGGTAATA-1,0.96372896,2.772199,3,Homeostatic-B,S2,Surgery,Combined exposure
S2_CCCGAAGTCTCAACCC-1,2.7388213,1.8462545,3,Homeostatic-B,S2,Surgery,Combined exposure
S2_CCCGGAAAGCCGATCC-1,-2.1313643,1.0699302,1,Transitional-A,S2,Surgery,Combined exposure
S2_CCCGGAAGTAGAGTTA-1,1.5049263,3.0226605,3,Homeostatic-B,S2,Surgery,Combined exposure
S2_CCCTAACAGATGCGAC-1,3.1737773,1.5506557,3,Homeostatic-B,S2,Surgery,Combined exposure
S2_CCCTAACTCCGACATA-1,1.4351565,-1.0988305,4,Homeostatic-C,S2,Surgery,Combined exposure
S2_CCCTCAAAGGATACGC-1,5.8435206,1.9606558,3,Homeostatic-B,S2,Surgery,Combined exposure
S2_CCCTCAAGTACTCGAT-1,-0.012223544,-0.48558846,4,Homeostatic-C,S2,Surgery,Combined exposure
S2_CCCTCAATCAATGTCG-1,3.3428397,1.7040483,3,Homeostatic-B,S2,Surgery,Combined exposure
S2_CCCTCAATCTGCCTGT-1,0.2078501,0.711655,1,Transitional-A,S2,Surgery,Combined exposure
S2_CCCTGATAGAACCCGA-1,0.9192365,2.5326092,3,Homeostatic-B,S2,Surgery,Combined exposure
S2_CCGATCTAGCTCGCAC-1,-2.2353673,4.1004624,1,Transitional-A,S2,Surgery,Combined exposure
S2_CCGATCTCACACTGGC-1,-0.54591507,0.5719544,1,Transitional-A,S2,Surgery,Combined exposure
S2_CCGATGGCACATGACT-1,-0.83077353,-0.616481,1,Transitional-A,S2,Surgery,Combined exposure
S2_CCGCAAGGTATCACGT-1,1.5300595,2.5151918,3,Homeostatic-B,S2,Surgery,Combined exposure
S2_CCGGACAAGGATTACA-1,7.9783773,0.3526093,5,Transitional-B,S2,Surgery,Combined exposure
S2_CCGGACAAGGTCCCGT-1,-1.427232,-0.5975113,1,Transitional-A,S2,Surgery,Combined exposure
S2_CCGGACAGTCTGTTAG-1,-0.46282434,3.5837255,1,Transitional-A,S2,Surgery,Combined exposure
S2_CCGGTAGAGAGAGTTT-1,0.8441532,-1.1783597,4,Homeostatic-C,S2,Surgery,Combined exposure
S2_CCGGTGAGTCGCATCG-1,3.7328248,7.7647443,2,Homeostatic-A,S2,Surgery,Combined exposure
S2_CCGTAGGAGTCTAGAA-1,-0.54848856,0.29922265,1,Transitional-A,S2,Surgery,Combined exposure
S2_CCGTGAGAGATAACAC-1,2.036697,0.20246504,4,Homeostatic-C,S2,Surgery,Combined exposure
S2_CCGTGAGCAGGTGAGT-1,5.3691907,1.2029047,5,Transitional-B,S2,Surgery,Combined exposure
S2_CCGTGAGTCTTTGCAT-1,-2.7420647,2.6953995,1,Transitional-A,S2,Surgery,Combined exposure
S2_CCGTTCACAGGCGATA-1,2.7236383,7.398336,2,Homeostatic-A,S2,Surgery,Combined exposure
S2_CCTAACCGTCCGACGT-1,-1.8718876,0.5463929,1,Transitional-A,S2,Surgery,Combined exposure
S2_CCTAAGACAATACGCT-1,0.89983445,-0.62820363,4,Homeostatic-C,S2,Surgery,Combined exposure
S2_CCTACGTAGATGTAGT-1,-1.1431229,3.2038612,1,Transitional-A,S2,Surgery,Combined exposure
S2_CCTATCGGTGTGATGG-1,-2.673197,3.135763,1,Transitional-A,S2,Surgery,Combined exposure
S2_CCTCAACAGAGTGACC-1,3.6444366,2.3781354,3,Homeostatic-B,S2,Surgery,Combined exposure
S2_CCTCAACAGCCATTCA-1,-0.8733502,1.6175388,1,Transitional-A,S2,Surgery,Combined exposure
S2_CCTCAGTTCAACGCTA-1,-1.5785621,1.3269048,1,Transitional-A,S2,Surgery,Combined exposure
S2_CCTCAGTTCCGCATAA-1,-2.0052757,4.7567444,1,Transitional-A,S2,Surgery,Combined exposure
S2_CCTCATGGTAACGCGA-1,3.943276,6.524432,2,Homeostatic-A,S2,Surgery,Combined exposure
S2_CCTCATGGTATCGCAT-1,-1.0160211,2.8077674,1,Transitional-A,S2,Surgery,Combined exposure
S2_CCTCCTCAGTGGTTAA-1,0.6373944,8.980064,0,Inflammatory,S2,Surgery,Combined exposure
S2_CCTCCTCGTCGCTGCA-1,-2.4267323,1.1947781,1,Transitional-A,S2,Surgery,Combined exposure
S2_CCTCTAGGTCTACTGA-1,-2.3337882,0.5902377,1,Transitional-A,S2,Surgery,Combined exposure
S2_CCTCTAGGTCTGTCAA-1,5.992126,0.5107544,5,Transitional-B,S2,Surgery,Combined exposure
S2_CCTCTAGGTGCACAAG-1,-1.5732492,0.21532708,1,Transitional-A,S2,Surgery,Combined exposure
S2_CCTCTAGTCCGCAACG-1,3.7548444,2.2037418,3,Homeostatic-B,S2,Surgery,Combined exposure
S2_CCTCTCCCATACCACA-1,-0.49340633,1.7140619,1,Transitional-A,S2,Surgery,Combined exposure
S2_CCTCTCCGTGTCTCCT-1,7.4042497,0.26088026,5,Transitional-B,S2,Surgery,Combined exposure
S2_CCTCTCCTCAAAGAAC-1,0.52989346,9.054311,0,Inflammatory,S2,Surgery,Combined exposure
S2_CCTGCATCAAAGCGTG-1,2.5602093,-1.1149052,4,Homeostatic-C,S2,Surgery,Combined exposure
S2_CCTGCATCATGAGTAA-1,4.4870796,2.3824544,3,Homeostatic-B,S2,Surgery,Combined exposure
S2_CCTTCAGCACAACGTT-1,-2.5238805,1.1491814,1,Transitional-A,S2,Surgery,Combined exposure
S2_CCTTCAGCATCTAACG-1,1.873609,-2.096749,4,Homeostatic-C,S2,Surgery,Combined exposure
S2_CCTTCAGTCCATTTAC-1,-0.0062252907,4.253319,1,Transitional-A,S2,Surgery,Combined exposure
S2_CCTTCAGTCCCAATAG-1,3.2630455,-1.5728147,4,Homeostatic-C,S2,Surgery,Combined exposure
S2_CGAAGGACACTGGAAG-1,0.8193958,2.1549633,1,Transitional-A,S2,Surgery,Combined exposure
S2_CGAAGGATCCATCAGA-1,0.090621464,4.521356,1,Transitional-A,S2,Surgery,Combined exposure
S2_CGAAGTTCAGTCTGGC-1,0.95188046,0.48783717,4,Homeostatic-C,S2,Surgery,Combined exposure
S2_CGAAGTTGTAGCTAAA-1,3.2936177,1.6616758,3,Homeostatic-B,S2,Surgery,Combined exposure
S2_CGAATTGAGTATGAAC-1,-0.36356357,-1.2268766,1,Transitional-A,S2,Surgery,Combined exposure
S2_CGAGAAGCAACTAGAA-1,-1.9198952,2.4212759,1,Transitional-A,S2,Surgery,Combined exposure
S2_CGAGAAGCACGGTGTC-1,5.2274733,0.2588808,5,Transitional-B,S2,Surgery,Combined exposure
S2_CGAGGAAAGGAAAGTG-1,4.760466,0.011993666,4,Homeostatic-C,S2,Surgery,Combined exposure
S2_CGAGGAATCAGCTTCC-1,2.582173,-0.3641221,4,Homeostatic-C,S2,Surgery,Combined exposure
S2_CGAGGAATCCGGCTTT-1,-0.8614542,6.061261e-4,1,Transitional-A,S2,Surgery,Combined exposure
S2_CGAGGCTAGGGTTAAT-1,2.4662528,11.711695,0,Inflammatory,S2,Surgery,Combined exposure
S2_CGAGGCTCACAGTATC-1,6.217151,-0.32369006,5,Transitional-B,S2,Surgery,Combined exposure
S2_CGAGTGCAGAAGTCTA-1,2.156632,-2.0818758,4,Homeostatic-C,S2,Surgery,Combined exposure
S2_CGAGTGCTCTGGCCAG-1,-0.8474685,1.4687151,1,Transitional-A,S2,Surgery,Combined exposure
S2_CGAGTTATCTCTATGT-1,2.374021,2.3560793,3,Homeostatic-B,S2,Surgery,Combined exposure
S2_CGATCGGGTTCGGTCG-1,1.5376878,1.4247718,4,Homeostatic-C,S2,Surgery,Combined exposure
S2_CGATCGGTCCATCGTC-1,2.3242598,-1.5829455,4,Homeostatic-C,S2,Surgery,Combined exposure
S2_CGATCGGTCGAGCACC-1,2.9782012,5.609709,2,Homeostatic-A,S2,Surgery,Combined exposure
S2_CGATGCGCAAGGTCAG-1,1.6775312,4.272164,3,Homeostatic-B,S2,Surgery,Combined exposure
S2_CGATGGCAGAAGGTAG-1,0.9421173,-0.34719822,4,Homeostatic-C,S2,Surgery,Combined exposure
S2_CGATGGCAGCTCTATG-1,0.91365415,1.5971357,1,Transitional-A,S2,Surgery,Combined exposure
S2_CGCAGGTAGTTCCAGT-1,-1.5864532,-0.42042747,1,Transitional-A,S2,Surgery,Combined exposure
S2_CGCAGGTAGTTCGCAT-1,1.4165902,1.3590822,1,Transitional-A,S2,Surgery,Combined exposure
S2_CGCAGGTTCAAATAGG-1,10.849728,2.2629776,6,Rare,S2,Surgery,Combined exposure
S2_CGCATAACAGTGCGCT-1,1.1129159,1.2359031,3,Homeostatic-B,S2,Surgery,Combined exposure
S2_CGCATAATCCCGTGTT-1,-0.26024213,3.9801059,1,Transitional-A,S2,Surgery,Combined exposure
S2_CGCATGGAGGACGCAT-1,6.902585,2.9004796,2,Homeostatic-A,S2,Surgery,Combined exposure
S2_CGCATGGAGTCTCGTA-1,1.5364106,-1.741269,4,Homeostatic-C,S2,Surgery,Combined exposure
S2_CGCATGGCAAAGGCGT-1,3.0689707,4.8053455,2,Homeostatic-A,S2,Surgery,Combined exposure
S2_CGCATGGCATCCTAAG-1,-1.5979292,0.6708658,1,Transitional-A,S2,Surgery,Combined exposure
S2_CGCCAGATCTACCCAC-1,-2.5754378,2.7175124,1,Transitional-A,S2,Surgery,Combined exposure
S2_CGCCATTAGGGTTAGC-1,0.9927887,4.0647,3,Homeostatic-B,S2,Surgery,Combined exposure
S2_CGCCATTCATGTCAGT-1,4.510649,3.2566595,3,Homeostatic-B,S2,Surgery,Combined exposure
S2_CGCCATTGTATCGATC-1,1.7131993,-0.28523704,4,Homeostatic-C,S2,Surgery,Combined exposure
S2_CGCCATTTCAACCTCC-1,3.925148,3.5934222,3,Homeostatic-B,S2,Surgery,Combined exposure
S2_CGCGTGACAAAGCAAT-1,-1.2711957,4.6755714,1,Transitional-A,S2,Surgery,Combined exposure
S2_CGCGTGATCAACGTGT-1,1.384305,5.505849,0,Inflammatory,S2,Surgery,Combined exposure
S2_CGGAACCAGATGGCAC-1,2.2140386,12.026668,0,Inflammatory,S2,Surgery,Combined exposure
S2_CGGAACCAGCACTAAA-1,3.4966505,0.77773080000000006,4,Homeostatic-C,S2,Surgery,Combined exposure
S2_CGGAACCGTGAATTAG-1,2.274753,3.6741388,3,Homeostatic-B,S2,Surgery,Combined exposure
S2_CGGAATTCATTAAAGG-1,0.4316047,3.646794,1,Transitional-A,S2,Surgery,Combined exposure
S2_CGGAATTGTATGCGTT-1,-2.3266277,0.5184419,1,Transitional-A,S2,Surgery,Combined exposure
S2_CGGAATTTCTATGCCC-1,-2.458266,2.1903436,1,Transitional-A,S2,Surgery,Combined exposure
S2_CGGACACGTCTAGGTT-1,3.1711848,2.320725,3,Homeostatic-B,S2,Surgery,Combined exposure
S2_CGGAGAATCATTTACC-1,-1.0361964,1.9535159,1,Transitional-A,S2,Surgery,Combined exposure
S2_CGGCAGTAGGATGTTA-1,-1.3707653,3.617943,1,Transitional-A,S2,Surgery,Combined exposure
S2_CGGGCATCAGTAGTTC-1,0.1519221,1.2285913,1,Transitional-A,S2,Surgery,Combined exposure
S2_CGGGCATTCCGCGAGT-1,1.6066542,2.64173,3,Homeostatic-B,S2,Surgery,Combined exposure
S2_CGGGTCAAGCAAATCA-1,0.32648376,6.428846,0,Inflammatory,S2,Surgery,Combined exposure
S2_CGGGTCAGTACTGCCG-1,1.6566149,-1.5682929,4,Homeostatic-C,S2,Surgery,Combined exposure
S2_CGGGTGTAGATCCTAC-1,2.4779437,3.2933908,3,Homeostatic-B,S2,Surgery,Combined exposure
S2_CGGGTGTAGGTCACCC-1,-0.8319483,6.049237,0,Inflammatory,S2,Surgery,Combined exposure
S2_CGGGTGTGTATGGAGC-1,-0.7580123,7.268833,0,Inflammatory,S2,Surgery,Combined exposure
S2_CGGTCAGAGGGCCTCT-1,-1.9421399,1.7799983,1,Transitional-A,S2,Surgery,Combined exposure
S2_CGGTCAGCACCCTGAG-1,-2.2166665,0.7574551,1,Transitional-A,S2,Surgery,Combined exposure
S2_CGTAAGTAGAGGTCAC-1,4.623656,1.0581023,3,Homeostatic-B,S2,Surgery,Combined exposure
S2_CGTAAGTAGCGCTTCG-1,-0.68160164,0.553053,1,Transitional-A,S2,Surgery,Combined exposure
S2_CGTAATGTCATCTACT-1,-2.0356643,2.398999,1,Transitional-A,S2,Surgery,Combined exposure
S2_CGTAGTAAGTAAACGT-1,7.371594,0.43907157,5,Transitional-B,S2,Surgery,Combined exposure
S2_CGTAGTAAGTATTCCG-1,-0.3725483,3.3604567,1,Transitional-A,S2,Surgery,Combined exposure
S2_CGTAGTACAAGCGATG-1,2.753665,5.8236485,0,Inflammatory,S2,Surgery,Combined exposure
S2_CGTCAAAAGAGGATGA-1,-1.6332687,1.6829892,1,Transitional-A,S2,Surgery,Combined exposure
S2_CGTCAAACACACTTAG-1,0.897313,4.9442325,0,Inflammatory,S2,Surgery,Combined exposure
S2_CGTGAATAGTTATGGA-1,2.7465346,-0.62635326,4,Homeostatic-C,S2,Surgery,Combined exposure
S2_CGTGAATCACAGTATC-1,1.3520838,3.7117493,3,Homeostatic-B,S2,Surgery,Combined exposure
S2_CGTGATACATACAGCT-1,-1.8352655,-1.2609644,1,Transitional-A,S2,Surgery,Combined exposure
S2_CGTGATACATGACTTG-1,2.0373676,4.0290837,3,Homeostatic-B,S2,Surgery,Combined exposure
S2_CGTGATAGTCCAGCGT-1,5.0037274,2.4025958,3,Homeostatic-B,S2,Surgery,Combined exposure
S2_CGTGATAGTGTAGCAG-1,8.374281,-0.5214687,5,Transitional-B,S2,Surgery,Combined exposure
S2_CGTGCTTAGTACTGTC-1,1.9530004,0.36553535,4,Homeostatic-C,S2,Surgery,Combined exposure
S2_CGTGCTTGTGAGAACC-1,7.0024943,4.4059467,2,Homeostatic-A,S2,Surgery,Combined exposure
S2_CGTGCTTTCGTCCATC-1,0.53217757,-2.354862,4,Homeostatic-C,S2,Surgery,Combined exposure
S2_CGTGTCTTCCCGATCT-1,3.556187,3.5102813,3,Homeostatic-B,S2,Surgery,Combined exposure
S2_CGTGTCTTCCGATCTC-1,6.9523864,5.2313333,2,Homeostatic-A,S2,Surgery,Combined exposure
S2_CGTTAGACAGTAACAA-1,1.0708461,2.8317394,3,Homeostatic-B,S2,Surgery,Combined exposure
S2_CGTTAGAGTTTACCAG-1,1.5990537,0.9774481,4,Homeostatic-C,S2,Surgery,Combined exposure
S2_CGTTAGATCAGCTTCC-1,1.4414867,2.6645873,3,Homeostatic-B,S2,Surgery,Combined exposure
S2_CGTTAGATCATCGTAG-1,-0.69477373,4.3250556,1,Transitional-A,S2,Surgery,Combined exposure
S2_CGTTGGGCATAGAGGC-1,1.9424953,2.441678,3,Homeostatic-B,S2,Surgery,Combined exposure
S2_CGTTGGGCATCGAAGG-1,2.1921892,10.118558,0,Inflammatory,S2,Surgery,Combined exposure
S2_CTAACTTAGTGGTGGT-1,3.4399717,2.659092,3,Homeostatic-B,S2,Surgery,Combined exposure
S2_CTAACTTGTGTTGATC-1,1.0129144,-2.1850834,4,Homeostatic-C,S2,Surgery,Combined exposure
S2_CTAACTTTCTATCCAT-1,-0.3109047,2.111544,1,Transitional-A,S2,Surgery,Combined exposure
S2_CTAAGTGCACATGAAA-1,-0.3635622,1.6130084,1,Transitional-A,S2,Surgery,Combined exposure
S2_CTAAGTGGTCATCCGG-1,0.9014218,-0.065612555,4,Homeostatic-C,S2,Surgery,Combined exposure
S2_CTAAGTGGTTCCAAAC-1,3.637946,-0.0682601,4,Homeostatic-C,S2,Surgery,Combined exposure
S2_CTACAGACAAGCCTGC-1,1.6315434,2.1484172,3,Homeostatic-B,S2,Surgery,Combined exposure
S2_CTACAGAGTGCCTACG-1,0.47080612,-0.6742714,4,Homeostatic-C,S2,Surgery,Combined exposure
S2_CTACAGATCTCGCCTA-1,-0.3678171,-1.9802638,4,Homeostatic-C,S2,Surgery,Combined exposure
S2_CTACATTAGGTGGGTT-1,-1.3298756,4.766575,1,Transitional-A,S2,Surgery,Combined exposure
S2_CTACGGGGTGTGTCCG-1,2.1770172,10.295503,0,Inflammatory,S2,Surgery,Combined exposure
S2_CTACTATAGACGCCAA-1,7.283836,0.27455494,5,Transitional-B,S2,Surgery,Combined exposure
S2_CTACTATAGCATGCGA-1,1.2270403,-1.2362823,4,Homeostatic-C,S2,Surgery,Combined exposure
S2_CTAGACACACTGCGAC-1,-0.6232736,-0.42866576,1,Transitional-A,S2,Surgery,Combined exposure
S2_CTAGACAGTGTCATGT-1,1.4156301,7.8675404,0,Inflammatory,S2,Surgery,Combined exposure
S2_CTAGGTACACAGCTGC-1,3.022213,3.0484555,3,Homeostatic-B,S2,Surgery,Combined exposure
S2_CTATAGGGTCACCCTT-1,1.2938921,3.1183755,3,Homeostatic-B,S2,Surgery,Combined exposure
S2_CTATCCGCAACAGTGG-1,-1.9878286,5.152105,1,Transitional-A,S2,Surgery,Combined exposure
S2_CTATCTACACGACGAA-1,1.5789745,1.0048647,4,Homeostatic-C,S2,Surgery,Combined exposure
S2_CTCAACCAGGAGGTTC-1,0.6064852,5.00397,3,Homeostatic-B,S2,Surgery,Combined exposure
S2_CTCAACCCACAGCATT-1,2.0483286,4.6864314,3,Homeostatic-B,S2,Surgery,Combined exposure
S2_CTCAAGACAACTGGTT-1,2.5753627,0.1514172,4,Homeostatic-C,S2,Surgery,Combined exposure
S2_CTCAAGACAGCCTACG-1,1.0015854,4.0221443,3,Homeostatic-B,S2,Surgery,Combined exposure
S2_CTCAATTAGTACTGGG-1,8.09746,-1.351686,5,Transitional-B,S2,Surgery,Combined exposure
S2_CTCAATTGTAGAATAC-1,1.1104834,-0.54087955,4,Homeostatic-C,S2,Surgery,Combined exposure
S2_CTCAATTGTTCTTGTT-1,1.9171741,1.2988489,4,Homeostatic-C,S2,Surgery,Combined exposure
S2_CTCAATTGTTGGGAAC-1,-1.5861652,5.101729,1,Transitional-A,S2,Surgery,Combined exposure
S2_CTCAGAAAGTTCAACC-1,1.7243121,2.6090887,3,Homeostatic-B,S2,Surgery,Combined exposure
S2_CTCAGGGAGGAAGTGA-1,-0.5227216,0.18980859,1,Transitional-A,S2,Surgery,Combined exposure
S2_CTCAGTCAGCTATCTG-1,-0.052880675,-1.8790364,4,Homeostatic-C,S2,Surgery,Combined exposure
S2_CTCAGTCTCCGCAACG-1,3.7099342,1.4145976,3,Homeostatic-B,S2,Surgery,Combined exposure
S2_CTCATTAGTATAGGGC-1,3.3136363,2.7047684,3,Homeostatic-B,S2,Surgery,Combined exposure
S2_CTCATTAGTCGTATGT-1,4.134058,8.889682,2,Homeostatic-A,S2,Surgery,Combined exposure
S2_CTCATTATCAGACTGT-1,1.917357,3.6282313,3,Homeostatic-B,S2,Surgery,Combined exposure
S2_CTCCAACGTATGATCC-1,-0.5284078,3.6285105,1,Transitional-A,S2,Surgery,Combined exposure
S2_CTCCAACTCAGCGTCG-1,0.6067819,2.0356386,1,Transitional-A,S2,Surgery,Combined exposure
S2_CTCCACACAGAGTTGG-1,1.2389239,-0.26536343,4,Homeostatic-C,S2,Surgery,Combined exposure
S2_CTCCACAGTGGTCTCG-1,6.0093517,6.5670958,2,Homeostatic-A,S2,Surgery,Combined exposure
S2_CTCCACAGTTTGGAGG-1,-0.4098044,1.3431631,1,Transitional-A,S2,Surgery,Combined exposure
S2_CTCCATGAGTCGTCTA-1,-0.915282,-1.5569946,1,Transitional-A,S2,Surgery,Combined exposure
S2_CTCCATGCAAGAGGTC-1,8.05113,0.45650464,5,Transitional-B,S2,Surgery,Combined exposure
S2_CTCCATGGTTATAGCC-1,-1.0676162,6.008971,0,Inflammatory,S2,Surgery,Combined exposure
S2_CTCCCAAAGCCAAGCA-1,1.5474439,1.524233,4,Homeostatic-C,S2,Surgery,Combined exposure
S2_CTCCCAAAGGAACGAA-1,-1.8335797,6.9744263,0,Inflammatory,S2,Surgery,Combined exposure
S2_CTCCCAAAGGCTCTAT-1,0.13990782,8.936059,0,Inflammatory,S2,Surgery,Combined exposure
S2_CTCCCTCCAACGATTC-1,-0.3132288,1.8971107,1,Transitional-A,S2,Surgery,Combined exposure
S2_CTCCCTCCAAGGGCAT-1,-0.23196156,6.57485,0,Inflammatory,S2,Surgery,Combined exposure
S2_CTCCCTCTCAACTGAC-1,0.5260118,3.7048798,1,Transitional-A,S2,Surgery,Combined exposure
S2_CTCCTCCCAAGCCTGC-1,10.454179,1.6228434,6,Rare,S2,Surgery,Combined exposure
S2_CTCTCGAGTAGAGCTG-1,5.236312,0.49376458,4,Homeostatic-C,S2,Surgery,Combined exposure
S2_CTCTGGTCAAAGCTAA-1,-1.9980376,4.8142014,1,Transitional-A,S2,Surgery,Combined exposure
S2_CTCTGGTGTCTCGACG-1,0.4131149,0.75543994,1,Transitional-A,S2,Surgery,Combined exposure
S2_CTGAGCGTCGATACAC-1,4.967994,1.6290524,3,Homeostatic-B,S2,Surgery,Combined exposure
S2_CTGAGGCCAATACAGA-1,0.6211945,2.6578898,3,Homeostatic-B,S2,Surgery,Combined exposure
S2_CTGATCCGTGAGTGAC-1,4.7546287,-2.1355524,4,Homeostatic-C,S2,Surgery,Combined exposure
S2_CTGATCCTCGCAATGT-1,3.9395032,-0.83990115,4,Homeostatic-C,S2,Surgery,Combined exposure
S2_CTGCAGGAGAGTATAC-1,4.029372,1.6138777,3,Homeostatic-B,S2,Surgery,Combined exposure
S2_CTGCAGGCAGATCCTA-1,1.7853566,-0.5900804,4,Homeostatic-C,S2,Surgery,Combined exposure
S2_CTGCCATAGATTGTGA-1,1.137068,-0.732181,4,Homeostatic-C,S2,Surgery,Combined exposure
S2_CTGCCATGTCCTATAG-1,2.1936383,10.71265,0,Inflammatory,S2,Surgery,Combined exposure
S2_CTGCCTATCAGTAGGG-1,4.190087,-1.642417,4,Homeostatic-C,S2,Surgery,Combined exposure
S2_CTGCCTATCCTTATAC-1,4.8395,1.8350245,3,Homeostatic-B,S2,Surgery,Combined exposure
S2_CTGCGAGGTTAGGGAC-1,3.3936858,2.5191941,3,Homeostatic-B,S2,Surgery,Combined exposure
S2_CTGCTCACAGAACGCA-1,-0.10494357,0.70417625,1,Transitional-A,S2,Surgery,Combined exposure
S2_CTGGACGCATGGAAGC-1,-1.2557365,3.3939838,1,Transitional-A,S2,Surgery,Combined exposure
S2_CTGGACGTCGGCTATA-1,0.5909447,-2.2199101,4,Homeostatic-C,S2,Surgery,Combined exposure
S2_CTGGCAGCACCCTCTA-1,-0.8123071,2.6226997,1,Transitional-A,S2,Surgery,Combined exposure
S2_CTGTACCCAAAGCTCT-1,3.7465665,4.786218,2,Homeostatic-A,S2,Surgery,Combined exposure
S2_CTGTACCCAGAATCGG-1,3.7390726,-0.16511941,4,Homeostatic-C,S2,Surgery,Combined exposure
S2_CTGTACCGTATGCTTG-1,3.935422,-0.9377904,4,Homeostatic-C,S2,Surgery,Combined exposure
S2_CTGTATTTCATGCAGT-1,0.3824542,-1.7014642,4,Homeostatic-C,S2,Surgery,Combined exposure
S2_CTGTCGTAGAAGTGTT-1,-0.32744542,1.7238307,1,Transitional-A,S2,Surgery,Combined exposure
S2_CTGTCGTAGTTGTACC-1,5.3954344,10.323626,0,Inflammatory,S2,Surgery,Combined exposure
S2_CTGTCGTGTTTCGATG-1,-0.91650397,-1.2836578,1,Transitional-A,S2,Surgery,Combined exposure
S2_CTGTCGTTCGTGCAGC-1,1.468193,4.039875,3,Homeostatic-B,S2,Surgery,Combined exposure
S2_CTGTGAAAGTGCAGGT-1,8.1591215,0.22092868,5,Transitional-B,S2,Surgery,Combined exposure
S2_CTGTGAAGTCACCACG-1,8.113348,-0.6160453,5,Transitional-B,S2,Surgery,Combined exposure
S2_CTGTGGGAGTTGGGAC-1,10.301307,1.8888015,6,Rare,S2,Surgery,Combined exposure
S2_CTGTGGGGTACCCAGC-1,-0.6532348,0.83888495,1,Transitional-A,S2,Surgery,Combined exposure
S2_CTTACCGTCAGACCGC-1,4.2596183,2.4048746,3,Homeostatic-B,S2,Surgery,Combined exposure
S2_CTTAGGACAACCGATT-1,-1.1302377,5.9061794,0,Inflammatory,S2,Surgery,Combined exposure
S2_CTTAGGATCGCTTGAA-1,4.8400793,11.109779,0,Inflammatory,S2,Surgery,Combined exposure
S2_CTTCAATAGCCTTGAT-1,-0.8899879,1.1184125,1,Transitional-A,S2,Surgery,Combined exposure
S2_CTTCAATAGCCTTTCC-1,5.8525424,1.6652887,5,Transitional-B,S2,Surgery,Combined exposure
S2_CTTCAATGTCACTACA-1,3.6680462,2.4791493,3,Homeostatic-B,S2,Surgery,Combined exposure
S2_CTTCAATTCTGAGAGG-1,0.21410303,0.44888186,4,Homeostatic-C,S2,Surgery,Combined exposure
S2_CTTCCGAAGCCGCACT-1,1.4286084,7.2322254,0,Inflammatory,S2,Surgery,Combined exposure
S2_CTTCCGAAGTTGCGCC-1,-0.95457953,-1.2823075,1,Transitional-A,S2,Surgery,Combined exposure
S2_CTTCCTTCACTCCCTA-1,2.243178,-1.1690719999999999,4,Homeostatic-C,S2,Surgery,Combined exposure
S2_CTTCCTTTCCAGTTCC-1,3.0874717,3.7736726,3,Homeostatic-B,S2,Surgery,Combined exposure
S2_CTTCCTTTCCATCCGT-1,1.765832,-0.8131393,4,Homeostatic-C,S2,Surgery,Combined exposure
S2_CTTCCTTTCTTACGGA-1,5.365498,0.124285676,5,Transitional-B,S2,Surgery,Combined exposure
S2_CTTCGGTTCATGCGGC-1,-1.7475805,-1.2706347,1,Transitional-A,S2,Surgery,Combined exposure
S2_CTTCTAAAGGGAGGTG-1,10.877548,2.3144271,6,Rare,S2,Surgery,Combined exposure
S2_CTTCTCTAGGTCGTAG-1,1.8990452,4.02851,3,Homeostatic-B,S2,Surgery,Combined exposure
S2_CTTCTCTGTAGCGTTT-1,1.7806951,2.054701,3,Homeostatic-B,S2,Surgery,Combined exposure
S2_CTTGAGACAAGAAATC-1,1.1958686,3.4113264,3,Homeostatic-B,S2,Surgery,Combined exposure
S2_CTTGAGAGTGGCTAGA-1,7.062103,0.072426364,5,Transitional-B,S2,Surgery,Combined exposure
S2_CTTGATTCAACGTAAA-1,-0.79236346,4.08727,1,Transitional-A,S2,Surgery,Combined exposure
S2_CTTGATTTCTGACGCG-1,0.2612146,-1.5974894,4,Homeostatic-C,S2,Surgery,Combined exposure
S2_CTTTCAAAGTCTAACC-1,1.3191149,1.111551,4,Homeostatic-C,S2,Surgery,Combined exposure
S2_CTTTCAAGTATGGAAT-1,8.200439,-0.8509423,5,Transitional-B,S2,Surgery,Combined exposure
S2_CTTTCAAGTCTGTCAA-1,0.71398056,5.8644013,0,Inflammatory,S2,Surgery,Combined exposure
S2_CTTTCAATCGCGCCAA-1,0.6114763,6.1548133,0,Inflammatory,S2,Surgery,Combined exposure
S2_CTTTCGGCAATCACGT-1,0.96116245,-2.0643508,4,Homeostatic-C,S2,Surgery,Combined exposure
S2_CTTTCGGCAGGCGAAT-1,3.2120354,5.586722,2,Homeostatic-A,S2,Surgery,Combined exposure
S2_GAAACCTAGTAACGAT-1,4.003051,0.09686829,4,Homeostatic-C,S2,Surgery,Combined exposure
S2_GAAACCTCAGCTGTAT-1,-0.9895544,5.0765185,1,Transitional-A,S2,Surgery,Combined exposure
S2_GAAACCTTCACTGGTA-1,0.4906468,1.8573179,1,Transitional-A,S2,Surgery,Combined exposure
S2_GAAATGAAGCGGTATG-1,0.64290625,-0.8857262,4,Homeostatic-C,S2,Surgery,Combined exposure
S2_GAAATGAGTGCACATT-1,6.499781,0.26725715,5,Transitional-B,S2,Surgery,Combined exposure
S2_GAAATGATCTGGACTA-1,1.6725317,1.2891853,4,Homeostatic-C,S2,Surgery,Combined exposure
S2_GAACACTGTCATACCA-1,3.3311653,10.212465,0,Inflammatory,S2,Surgery,Combined exposure
S2_GAACGTTCAACCGTAT-1,-1.1001908,7.818032,0,Inflammatory,S2,Surgery,Combined exposure
S2_GAACGTTTCCATTGCC-1,0.5332383,-1.585995,4,Homeostatic-C,S2,Surgery,Combined exposure
S2_GAACGTTTCTCTAGGA-1,0.51302874,3.5443761,3,Homeostatic-B,S2,Surgery,Combined exposure
S2_GAACTGTCAAGACAAT-1,5.114879,0.7705698,5,Transitional-B,S2,Surgery,Combined exposure
S2_GAACTGTCACTCTGCT-1,-0.2378255,-0.8252694,4,Homeostatic-C,S2,Surgery,Combined exposure
S2_GAACTGTCATTCACCC-1,1.1194067,-1.6955009,4,Homeostatic-C,S2,Surgery,Combined exposure
S2_GAACTGTTCGCCGAAC-1,10.940629,2.126442,6,Rare,S2,Surgery,Combined exposure
S2_GAAGAATTCGCTCTCA-1,4.526555,0.3299542,4,Homeostatic-C,S2,Surgery,Combined exposure
S2_GAAGGACAGCTATCCA-1,3.1674614,1.7231697,3,Homeostatic-B,S2,Surgery,Combined exposure
S2_GAAGGACCACACGGAA-1,0.67702883,-1.3989505,4,Homeostatic-C,S2,Surgery,Combined exposure
S2_GAAGGACCATCAACCA-1,0.05273106,2.2966692,1,Transitional-A,S2,Surgery,Combined exposure
S2_GAAGGACTCAGACTGT-1,1.4518743,8.93972,0,Inflammatory,S2,Surgery,Combined exposure
S2_GAAGGGTCAACGTTAC-1,1.0519316,1.9710672,1,Transitional-A,S2,Surgery,Combined exposure
S2_GAAGGGTCACCAAATC-1,5.7585497,-0.745907,5,Transitional-B,S2,Surgery,Combined exposure
S2_GAATCACGTGGAAATT-1,6.669988,0.2903855,5,Transitional-B,S2,Surgery,Combined exposure
S2_GAATCACTCGTGAGAG-1,4.7934985,5.658638,2,Homeostatic-A,S2,Surgery,Combined exposure
S2_GAATCGTCAGGCTATT-1,-2.587224,2.4783654,1,Transitional-A,S2,Surgery,Combined exposure
S2_GAATCGTTCCGCTAGG-1,7.4674006,0.10896654,5,Transitional-B,S2,Surgery,Combined exposure
S2_GACACGCAGATACATG-1,-0.93310785,4.397776,1,Transitional-A,S2,Surgery,Combined exposure
S2_GACACGCCAGCTACCG-1,4.400801,-2.2247474,4,Homeostatic-C,S2,Surgery,Combined exposure
S2_GACACGCGTTGTACGT-1,2.0609963,4.3709617,3,Homeostatic-B,S2,Surgery,Combined exposure
S2_GACACGCTCCGACGGT-1,1.6819997,5.695956,0,Inflammatory,S2,Surgery,Combined exposure
S2_GACACGCTCTCTCTTC-1,-0.7786923,1.2508353,1,Transitional-A,S2,Surgery,Combined exposure
S2_GACAGCCAGGGTACAC-1,10.71165,2.3906686,6,Rare,S2,Surgery,Combined exposure
S2_GACAGCCCAGTGGGTA-1,1.8181291,-1.1476649,4,Homeostatic-C,S2,Surgery,Combined exposure
S2_GACATCAGTCACAATC-1,5.4996033,-0.6294911,5,Transitional-B,S2,Surgery,Combined exposure
S2_GACATCATCCGATAGT-1,-0.942165,-0.73296684,1,Transitional-A,S2,Surgery,Combined exposure
S2_GACCAATAGGCCATAG-1,-0.8124887,5.6303887,0,Inflammatory,S2,Surgery,Combined exposure
S2_GACCCAGAGAAATCCA-1,-1.0151815,5.0319123,1,Transitional-A,S2,Surgery,Combined exposure
S2_GACCCAGAGACTTAAG-1,2.9160006,-0.09121188,4,Homeostatic-C,S2,Surgery,Combined exposure
S2_GACCCAGAGGGTGAGG-1,-2.2662966,3.7053306,1,Transitional-A,S2,Surgery,Combined exposure
S2_GACCCAGCAAGACTGG-1,4.2141323,12.670085,0,Inflammatory,S2,Surgery,Combined exposure
S2_GACCCAGCACGATAGG-1,2.1267018,3.1926427,3,Homeostatic-B,S2,Surgery,Combined exposure
S2_GACCCAGTCCTGTTAT-1,2.1103067,-0.07047638,4,Homeostatic-C,S2,Surgery,Combined exposure
S2_GACCGTGGTTGCATAC-1,-1.6536525,3.5995672,1,Transitional-A,S2,Surgery,Combined exposure
S2_GACGCTGAGATGTTAG-1,5.1662474,1.4788339,5,Transitional-B,S2,Surgery,Combined exposure
S2_GACGCTGTCAAGGTGG-1,0.7654911,1.4082428,1,Transitional-A,S2,Surgery,Combined exposure
S2_GACGCTGTCAGCGCAC-1,-1.4792422,1.8307776,1,Transitional-A,S2,Surgery,Combined exposure
S2_GACGCTGTCTAATTCC-1,-1.0608886,-0.05463612,1,Transitional-A,S2,Surgery,Combined exposure
S2_GACGTTACATGACGAG-1,1.2879571,-1.8692266,4,Homeostatic-C,S2,Surgery,Combined exposure
S2_GACGTTAGTATCGAGG-1,0.9688101,-0.67772955,4,Homeostatic-C,S2,Surgery,Combined exposure
S2_GACTATGCAACAGTGG-1,0.27669308,8.682808,0,Inflammatory,S2,Surgery,Combined exposure
S2_GACTATGTCTGGACCG-1,3.9279788,0.24642022,4,Homeostatic-C,S2,Surgery,Combined exposure
S2_GACTCAAAGACATACA-1,-1.2447269,6.7380095,0,Inflammatory,S2,Surgery,Combined exposure
S2_GACTCAAAGCGACTGA-1,1.0342464,4.1876626,3,Homeostatic-B,S2,Surgery,Combined exposure
S2_GACTCTCAGGTTCATC-1,1.4324298,3.1028495,3,Homeostatic-B,S2,Surgery,Combined exposure
S2_GACTGATCAGTAGAAT-1,-0.31468338,1.426891,1,Transitional-A,S2,Surgery,Combined exposure
S2_GAGACCCAGTGGACGT-1,1.0923709,-2.0489848,4,Homeostatic-C,S2,Surgery,Combined exposure
S2_GAGACCCCAGCTACAT-1,0.04727174,4.364777,1,Transitional-A,S2,Surgery,Combined exposure
S2_GAGACTTAGAGGCCAT-1,-1.7667614,4.1332498,1,Transitional-A,S2,Surgery,Combined exposure
S2_GAGACTTGTGATACCT-1,-1.9607121,2.710179,1,Transitional-A,S2,Surgery,Combined exposure
S2_GAGAGGTCATCAACCA-1,6.223284,-1.9697634,5,Transitional-B,S2,Surgery,Combined exposure
S2_GAGATGGCACGTGAGA-1,2.9601326,1.1883388,4,Homeostatic-C,S2,Surgery,Combined exposure
S2_GAGCCTGAGCCTGCCA-1,10.476578,1.6423187,6,Rare,S2,Surgery,Combined exposure
S2_GAGCCTGTCGTCGATA-1,0.6638973,9.216314,0,Inflammatory,S2,Surgery,Combined exposure
S2_GAGGCAAGTCCTGTTC-1,1.6531153,3.1065817,3,Homeostatic-B,S2,Surgery,Combined exposure
S2_GAGGCAAGTGACATCT-1,-0.65799206,0.18328579,1,Transitional-A,S2,Surgery,Combined exposure
S2_GAGGCAATCAATCCGA-1,0.50546014,3.6402998,3,Homeostatic-B,S2,Surgery,Combined exposure
S2_GAGGCAATCATCACTT-1,0.65615195,-2.0627108,4,Homeostatic-C,S2,Surgery,Combined exposure
S2_GAGGCCTGTTCTCCCA-1,3.930997,-1.7141267,4,Homeostatic-C,S2,Surgery,Combined exposure
S2_GAGGCCTTCTAAACGC-1,-1.0299039,-0.38032824,1,Transitional-A,S2,Surgery,Combined exposure
S2_GAGGGATAGATGGGCT-1,-0.75110024,1.3274757,1,Transitional-A,S2,Surgery,Combined exposure
S2_GAGGGATCACTACCGG-1,-0.43687636,-0.96598756,4,Homeostatic-C,S2,Surgery,Combined exposure
S2_GAGGGTACAAGGACAC-1,3.9287503,9.044277,0,Inflammatory,S2,Surgery,Combined exposure
S2_GAGTCATAGTCTAGAA-1,1.9195689,1.9721911,4,Homeostatic-C,S2,Surgery,Combined exposure
S2_GAGTCATGTATCGTAC-1,2.2711277,9.129955,0,Inflammatory,S2,Surgery,Combined exposure
S2_GAGTCATTCCCGTTGT-1,0.13278107,1.0032821,1,Transitional-A,S2,Surgery,Combined exposure
S2_GAGTCATTCGCGCCAA-1,2.5057468,0.7398762,4,Homeostatic-C,S2,Surgery,Combined exposure
S2_GAGTCTACAAAGCTAA-1,-0.124044515,1.1794267,1,Transitional-A,S2,Surgery,Combined exposure
S2_GAGTCTACATTACTCT-1,0.45300108,-1.9716623,4,Homeostatic-C,S2,Surgery,Combined exposure
S2_GAGTGAGAGACCAAGC-1,6.7191005,0.6498792,5,Transitional-B,S2,Surgery,Combined exposure
S2_GAGTGTTCAATCTCTT-1,3.7456388,-0.49159005,4,Homeostatic-C,S2,Surgery,Combined exposure
S2_GAGTGTTGTATCCTCC-1,2.9707134,10.210246,0,Inflammatory,S2,Surgery,Combined exposure
S2_GAGTGTTTCGTTCGCT-1,3.2667503,-0.39638925,4,Homeostatic-C,S2,Surgery,Combined exposure
S2_GAGTTACAGGCTGAAC-1,-0.981935,1.8613259,1,Transitional-A,S2,Surgery,Combined exposure
S2_GAGTTACAGGGTCAAC-1,-2.5609438,-0.051685307,1,Transitional-A,S2,Surgery,Combined exposure
S2_GAGTTACCAAACACGG-1,-0.17718253,2.811224,1,Transitional-A,S2,Surgery,Combined exposure
S2_GAGTTGTAGGACACTG-1,0.88643426,0.60369647,4,Homeostatic-C,S2,Surgery,Combined exposure
S2_GAGTTGTGTGCATGAG-1,2.5178475,2.1911411,3,Homeostatic-B,S2,Surgery,Combined exposure
S2_GAGTTTGTCATGACAC-1,3.0572426,3.68462,3,Homeostatic-B,S2,Surgery,Combined exposure
S2_GATAGCTAGATAGCTA-1,2.6725183,5.7245297,2,Homeostatic-A,S2,Surgery,Combined exposure
S2_GATAGCTCACAAATGA-1,-0.83917856,1.3904916,1,Transitional-A,S2,Surgery,Combined exposure
S2_GATCACAGTAATTAGG-1,-2.398118,-0.04851457,1,Transitional-A,S2,Surgery,Combined exposure
S2_GATCAGTAGAGTTGAT-1,2.6641636,8.503726,0,Inflammatory,S2,Surgery,Combined exposure
S2_GATCAGTAGCAACTTC-1,7.632206,0.19574985,5,Transitional-B,S2,Surgery,Combined exposure
S2_GATCAGTCAACAGAGC-1,2.3189356,-0.9187269,4,Homeostatic-C,S2,Surgery,Combined exposure
S2_GATCAGTCACGGTAGA-1,5.2239532,4.276716,2,Homeostatic-A,S2,Surgery,Combined exposure
S2_GATCGTAAGGGAGGCA-1,-0.4581013,1.6414738,1,Transitional-A,S2,Surgery,Combined exposure
S2_GATCGTATCTCCAATT-1,1.5635945,-2.2804258,4,Homeostatic-C,S2,Surgery,Combined exposure
S2_GATGACTAGTCGGCCT-1,1.5997646,9.91683,0,Inflammatory,S2,Surgery,Combined exposure
S2_GATGACTGTATGTCAC-1,-1.2998012,5.98088,0,Inflammatory,S2,Surgery,Combined exposure
S2_GATGAGGAGCAATAAC-1,2.1018836,-2.037478,4,Homeostatic-C,S2,Surgery,Combined exposure
S2_GATGAGGAGCTCCGAC-1,3.5592628,2.8048484,3,Homeostatic-B,S2,Surgery,Combined exposure
S2_GATGAGGCAGAAGTTA-1,3.4912589,-0.51519424,4,Homeostatic-C,S2,Surgery,Combined exposure
S2_GATGATCGTGTTGAGG-1,1.9926555,1.592792,3,Homeostatic-B,S2,Surgery,Combined exposure
S2_GATGATCTCCAGTACA-1,2.7762353,2.0617166,4,Homeostatic-C,S2,Surgery,Combined exposure
S2_GATTCGAAGGATACCG-1,3.6830122,2.5801203,3,Homeostatic-B,S2,Surgery,Combined exposure
S2_GATTCGAGTCGTTCAA-1,4.0146613,3.1026065,3,Homeostatic-B,S2,Surgery,Combined exposure
S2_GATTCGAGTGTGTACT-1,3.41697,-0.85357904,4,Homeostatic-C,S2,Surgery,Combined exposure
S2_GATTCGATCGATCCCT-1,1.7005732,1.8320216,3,Homeostatic-B,S2,Surgery,Combined exposure
S2_GATTCTTAGAAATTGC-1,8.248553,-1.3487223,5,Transitional-B,S2,Surgery,Combined exposure
S2_GATTCTTTCCCAGGAC-1,8.301723,0.29297718,5,Transitional-B,S2,Surgery,Combined exposure
S2_GATTCTTTCTCATAGG-1,2.0933213,2.4635274,3,Homeostatic-B,S2,Surgery,Combined exposure
S2_GATTGGTGTACGGTTT-1,0.8984402,0.77263933,1,Transitional-A,S2,Surgery,Combined exposure
S2_GATTTCTCAGAGCGTA-1,4.545843,0.91630286,3,Homeostatic-B,S2,Surgery,Combined exposure
S2_GATTTCTCATTGTACG-1,5.6374683,0.7876891,5,Transitional-B,S2,Surgery,Combined exposure
S2_GATTTCTGTGGCCCAT-1,3.2576017,7.667794,2,Homeostatic-A,S2,Surgery,Combined exposure
S2_GATTTCTTCAGAGTTC-1,0.24549143,5.5715566,0,Inflammatory,S2,Surgery,Combined exposure
S2_GCAACATGTACTAGCT-1,-1.3021353,3.8583033,1,Transitional-A,S2,Surgery,Combined exposure
S2_GCACATACAAGGTACG-1,7.922605,0.692011,5,Transitional-B,S2,Surgery,Combined exposure
S2_GCACATACATGGGCAA-1,-0.27370033,-2.2238877,4,Homeostatic-C,S2,Surgery,Combined exposure
S2_GCACATAGTAGCTTTG-1,7.5779295,-0.28782582,5,Transitional-B,S2,Surgery,Combined exposure
S2_GCACATATCCGTTGGG-1,0.40586805,4.731762,0,Inflammatory,S2,Surgery,Combined exposure
S2_GCACTAAAGGCTAACG-1,-1.8319396,0.05420448,1,Transitional-A,S2,Surgery,Combined exposure
S2_GCACTAACACCGTGAC-1,2.5824995,2.5290284,3,Homeostatic-B,S2,Surgery,Combined exposure
S2_GCAGCCATCAGGACAG-1,-1.2924075,7.3635664,0,Inflammatory,S2,Surgery,Combined exposure
S2_GCAGCTGAGTTCCAGT-1,1.6470952,2.5527549,3,Homeostatic-B,S2,Surgery,Combined exposure
S2_GCAGCTGCAGAACCGA-1,3.1353972,8.42476,0,Inflammatory,S2,Surgery,Combined exposure
S2_GCAGCTGGTCGTCGGT-1,4.115148,12.501441,0,Inflammatory,S2,Surgery,Combined exposure
S2_GCAGCTGTCTGCTCTG-1,7.5821667,-0.039634954,5,Transitional-B,S2,Surgery,Combined exposure
S2_GCAGGCTGTCATGCAT-1,4.5409703,12.637175,0,Inflammatory,S2,Surgery,Combined exposure
S2_GCAGTTACATGCCGCA-1,8.284182,0.024623105,5,Transitional-B,S2,Surgery,Combined exposure
S2_GCATCGGCAAACACGG-1,7.274529,-1.6686125,5,Transitional-B,S2,Surgery,Combined exposure
S2_GCATCTCAGCTAGAAT-1,2.788174,-1.7019982,4,Homeostatic-C,S2,Surgery,Combined exposure
S2_GCATCTCTCAGTGGGA-1,0.52516025,-2.2874959,4,Homeostatic-C,S2,Surgery,Combined exposure
S2_GCATGATAGAAGGATG-1,-0.4976745,-1.6369681,4,Homeostatic-C,S2,Surgery,Combined exposure
S2_GCATGATAGAAGTCAT-1,6.3616314,2.4530377,2,Homeostatic-A,S2,Surgery,Combined exposure
S2_GCATGATGTGACACAG-1,2.9105768,2.9015527,3,Homeostatic-B,S2,Surgery,Combined exposure
S2_GCATGATTCAAGCCGC-1,4.322339,11.695749,0,Inflammatory,S2,Surgery,Combined exposure
S2_GCATTAGCAGCAATTC-1,-1.2136137,7.8333344,0,Inflammatory,S2,Surgery,Combined exposure
S2_GCCAACGAGAGAGCGG-1,2.2673368,-0.90232635,4,Homeostatic-C,S2,Surgery,Combined exposure
S2_GCCAGTGCAGTCACGC-1,3.8736506,2.4542077,3,Homeostatic-B,S2,Surgery,Combined exposure
S2_GCCATGGCAGAGAGGG-1,1.1742666,-0.6762689,4,Homeostatic-C,S2,Surgery,Combined exposure
S2_GCCATGGGTCCACTCT-1,4.026608,2.9007497,3,Homeostatic-B,S2,Surgery,Combined exposure
S2_GCCATGGTCACCCTCA-1,1.3072277,-2.4691515,4,Homeostatic-C,S2,Surgery,Combined exposure
S2_GCCATGGTCTATCGCC-1,0.8873543,1.556753,1,Transitional-A,S2,Surgery,Combined exposure
S2_GCCATTCGTAGTGTGG-1,0.9829565,5.435723,0,Inflammatory,S2,Surgery,Combined exposure
S2_GCCCAGATCGGCATCG-1,0.7867079,-2.1941423,4,Homeostatic-C,S2,Surgery,Combined exposure
S2_GCCCGAACACGACGTC-1,-1.5250916,4.22387,1,Transitional-A,S2,Surgery,Combined exposure
S2_GCCGTGAAGGCCTGCT-1,4.201913,-0.2424302,4,Homeostatic-C,S2,Surgery,Combined exposure
S2_GCCGTGACAACAGAGC-1,2.236042,1.5664979,4,Homeostatic-C,S2,Surgery,Combined exposure
S2_GCCGTGATCCCTGTTG-1,-1.4018652,4.878791,1,Transitional-A,S2,Surgery,Combined exposure
S2_GCGAGAACAGGTCTCG-1,1.2525808,-0.1682171,4,Homeostatic-C,S2,Surgery,Combined exposure
S2_GCGAGAATCGTCAGAT-1,0.098371275,-0.7247509,4,Homeostatic-C,S2,Surgery,Combined exposure
S2_GCGGAAACACAGAGAC-1,-1.7744391,2.2046494,1,Transitional-A,S2,Surgery,Combined exposure
S2_GCGGAAACACCTTCCA-1,1.2243271,-1.9185237,4,Homeostatic-C,S2,Surgery,Combined exposure
S2_GCGTGCAAGAAACACT-1,-1.2238808,1.8710948,1,Transitional-A,S2,Surgery,Combined exposure
S2_GCGTGCAAGCCACTCG-1,2.7860591,2.125597,3,Homeostatic-B,S2,Surgery,Combined exposure
S2_GCGTGCACAGAACATA-1,0.6505978,5.8533034,0,Inflammatory,S2,Surgery,Combined exposure
S2_GCGTGCACAGGTATGG-1,0.5142792,-0.6370909,4,Homeostatic-C,S2,Surgery,Combined exposure
S2_GCGTTTCAGCGTCGAA-1,7.256602,0.39649636,5,Transitional-B,S2,Surgery,Combined exposure
S2_GCGTTTCAGTTTGCTG-1,2.4354193,-2.3885634,4,Homeostatic-C,S2,Surgery,Combined exposure
S2_GCGTTTCCATGTTTGG-1,-1.2056592,5.437116,0,Inflammatory,S2,Surgery,Combined exposure
S2_GCTACAAAGGGCAGGA-1,2.3363469,1.7129477,4,Homeostatic-C,S2,Surgery,Combined exposure
S2_GCTCAAAAGCGAAACC-1,-1.1712563,4.8524313,1,Transitional-A,S2,Surgery,Combined exposure
S2_GCTCAAAAGTGGTGGT-1,5.214776,7.429355,2,Homeostatic-A,S2,Surgery,Combined exposure
S2_GCTCAAATCCGAGCTG-1,5.4888105,-0.047235448,5,Transitional-B,S2,Surgery,Combined exposure
S2_GCTCAAATCTGGGTCG-1,3.1504905,4.365878,3,Homeostatic-B,S2,Surgery,Combined exposure
S2_GCTGAATAGAGGATGA-1,-1.3282536,0.59290975,1,Transitional-A,S2,Surgery,Combined exposure
S2_GCTGAATTCGCTTGCT-1,0.9524681,1.6698729,1,Transitional-A,S2,Surgery,Combined exposure
S2_GCTGCAGAGTTAGTAG-1,-0.8365891,1.0483805,1,Transitional-A,S2,Surgery,Combined exposure
S2_GCTGGGTTCCTACGAA-1,1.2036275,2.638118,3,Homeostatic-B,S2,Surgery,Combined exposure
S2_GCTGGGTTCTCCACTG-1,1.3972481,-0.09325635,4,Homeostatic-C,S2,Surgery,Combined exposure
S2_GCTTCACAGAACCGCA-1,-0.5015432,-1.756418,1,Transitional-A,S2,Surgery,Combined exposure
S2_GCTTGGGCACAGCCAC-1,-0.22735466,-1.033364,1,Transitional-A,S2,Surgery,Combined exposure
S2_GCTTGGGCACTACCGG-1,3.6524022,-0.38235858,4,Homeostatic-C,S2,Surgery,Combined exposure
S2_GCTTGGGGTAATGATG-1,2.4323235,-1.1376926,4,Homeostatic-C,S2,Surgery,Combined exposure
S2_GCTTTCGTCTGAGCAT-1,-0.30527893,7.8759093,0,Inflammatory,S2,Surgery,Combined exposure
S2_GGAACCCAGAAGCGGG-1,-1.9350061,1.7580379,1,Transitional-A,S2,Surgery,Combined exposure
S2_GGAACCCGTTAGCGGA-1,0.1713799,8.677033,0,Inflammatory,S2,Surgery,Combined exposure
S2_GGAACCCTCTCTGAGA-1,0.73098516,-0.5520123,4,Homeostatic-C,S2,Surgery,Combined exposure
S2_GGAAGTGAGAATGTTG-1,3.580284,-1.488836,4,Homeostatic-C,S2,Surgery,Combined exposure
S2_GGAAGTGAGTCACGCC-1,4.6460543,3.0939078,3,Homeostatic-B,S2,Surgery,Combined exposure
S2_GGAAGTGCATGTACGT-1,-1.2597061,-1.5061054,1,Transitional-A,S2,Surgery,Combined exposure
S2_GGAAGTGGTTCAGCTA-1,0.4546096,-1.1844711,4,Homeostatic-C,S2,Surgery,Combined exposure
S2_GGAGAACCAGCGACCT-1,5.747947,4.40237,2,Homeostatic-A,S2,Surgery,Combined exposure
S2_GGAGATGAGAATGTTG-1,0.079889745,-1.9502622,4,Homeostatic-C,S2,Surgery,Combined exposure
S2_GGAGGATAGTTCCTGA-1,-0.60449564,7.250103,0,Inflammatory,S2,Surgery,Combined exposure
S2_GGAGGATGTGCAATAA-1,1.7470887,-2.1385462,4,Homeostatic-C,S2,Surgery,Combined exposure
S2_GGAGGATGTGCCTGAC-1,-1.0446073,-0.41294312,1,Transitional-A,S2,Surgery,Combined exposure
S2_GGAGGATTCGTTAGTG-1,3.6656318,-0.9174243,4,Homeostatic-C,S2,Surgery,Combined exposure
S2_GGAGGATTCTTTCAGT-1,3.3095534,-0.11044908,4,Homeostatic-C,S2,Surgery,Combined exposure
S2_GGAGGTAGTAGGTTTC-1,1.8524679,-1.5522044,4,Homeostatic-C,S2,Surgery,Combined exposure
S2_GGAGGTAGTGTCCTAA-1,0.9342233,10.072826,0,Inflammatory,S2,Surgery,Combined exposure
S2_GGAGGTATCCTCTGCA-1,7.2494206,4.581717,2,Homeostatic-A,S2,Surgery,Combined exposure
S2_GGATCTACACACCTTC-1,3.374612,2.555254,3,Homeostatic-B,S2,Surgery,Combined exposure
S2_GGATGTTCACCTTCCA-1,2.5544395,1.4297422,4,Homeostatic-C,S2,Surgery,Combined exposure
S2_GGCACGTAGCAGATAT-1,-0.97338146,0.06723879,1,Transitional-A,S2,Surgery,Combined exposure
S2_GGCACGTGTAGGGTAC-1,4.8121457,6.0199647,2,Homeostatic-A,S2,Surgery,Combined exposure
S2_GGCAGTCCAAGAATAC-1,10.538346,2.1259046,6,Rare,S2,Surgery,Combined exposure
S2_GGCGTCAGTTCCTACC-1,1.357011,-0.18959184,4,Homeostatic-C,S2,Surgery,Combined exposure
S2_GGCTTGGAGAGCAGAA-1,3.855531,-1.4218109,4,Homeostatic-C,S2,Surgery,Combined exposure
S2_GGCTTGGCAATTGGTC-1,2.8922338,-1.5059167,4,Homeostatic-C,S2,Surgery,Combined exposure
S2_GGCTTGGTCGAAATCC-1,-2.520695,2.2154145,1,Transitional-A,S2,Surgery,Combined exposure
S2_GGCTTTCGTAGCACGA-1,0.34997222,-2.6646802,4,Homeostatic-C,S2,Surgery,Combined exposure
S2_GGGACAAAGAACTGAT-1,0.8493419,3.7241473,3,Homeostatic-B,S2,Surgery,Combined exposure
S2_GGGACAAAGTCTTCCC-1,1.9079654,11.410526,0,Inflammatory,S2,Surgery,Combined exposure
S2_GGGACCTAGGTTTACC-1,-2.4832826,1.5932181,1,Transitional-A,S2,Surgery,Combined exposure
S2_GGGACCTGTCCGTACG-1,2.4808714,1.9137521,4,Homeostatic-C,S2,Surgery,Combined exposure
S2_GGGACTCAGTCTACCA-1,2.5721762,5.78542,2,Homeostatic-A,S2,Surgery,Combined exposure
S2_GGGACTCCAACCACAT-1,2.3521097,2.5729795,3,Homeostatic-B,S2,Surgery,Combined exposure
S2_GGGACTCTCGTCTAAG-1,-0.95462346,5.6506968,0,Inflammatory,S2,Surgery,Combined exposure
S2_GGGAGATGTCTGTAAC-1,10.272584,1.9866097,6,Rare,S2,Surgery,Combined exposure
S2_GGGAGATTCATTACCT-1,5.462084,1.7661082,3,Homeostatic-B,S2,Surgery,Combined exposure
S2_GGGAGTAAGTAGACAT-1,4.290215,4.384303,3,Homeostatic-B,S2,Surgery,Combined exposure
S2_GGGATCCCACGCCACA-1,-1.125477,3.863996,1,Transitional-A,S2,Surgery,Combined exposure
S2_GGGATCCGTGCGGTAA-1,7.8249264,1.610202,5,Transitional-B,S2,Surgery,Combined exposure
S2_GGGATCCTCTGTAACG-1,-2.257552,3.6398344,1,Transitional-A,S2,Surgery,Combined exposure
S2_GGGATGAGTAAGGAGA-1,0.28696257,0.12238828,4,Homeostatic-C,S2,Surgery,Combined exposure
S2_GGGCCATAGAATAGTC-1,1.7450303,7.2533712,0,Inflammatory,S2,Surgery,Combined exposure
S2_GGGCCATAGAGCCATG-1,0.98892426,0.15768737,4,Homeostatic-C,S2,Surgery,Combined exposure
S2_GGGCCATCAGAATCGG-1,4.4799623,12.787084,0,Inflammatory,S2,Surgery,Combined exposure
S2_GGGCCATTCAGCCTTC-1,0.14863767,-1.821016,4,Homeostatic-C,S2,Surgery,Combined exposure
S2_GGGCGTTAGGGTCAAC-1,2.4243112,8.140338,0,Inflammatory,S2,Surgery,Combined exposure
S2_GGGCTACAGAGGATGA-1,1.42681,-0.78220993,4,Homeostatic-C,S2,Surgery,Combined exposure
S2_GGGCTACAGATTTGCC-1,-0.8048371,-1.2443547,1,Transitional-A,S2,Surgery,Combined exposure
S2_GGGCTACAGCTGTTAC-1,7.8240776,-1.5812706,5,Transitional-B,S2,Surgery,Combined exposure
S2_GGGCTACAGTCTGCAT-1,1.5405858,4.347624,3,Homeostatic-B,S2,Surgery,Combined exposure
S2_GGGCTACGTTTGGAGG-1,2.1061552,-1.8631948,4,Homeostatic-C,S2,Surgery,Combined exposure
S2_GGGCTCAGTAGATCCT-1,1.481991,10.422887,0,Inflammatory,S2,Surgery,Combined exposure
S2_GGGCTCAGTTCGGACC-1,-0.8133984,3.2422671,1,Transitional-A,S2,Surgery,Combined exposure
S2_GGGTAGAGTAATCAGA-1,2.2034025,2.0690897,4,Homeostatic-C,S2,Surgery,Combined exposure
S2_GGGTAGAGTAGGACCA-1,-0.1621765,3.0306299,1,Transitional-A,S2,Surgery,Combined exposure
S2_GGGTAGAGTCGCAGTC-1,-1.1297039,4.8660583,1,Transitional-A,S2,Surgery,Combined exposure
S2_GGGTATTGTTTGACAC-1,7.282916,-0.45037472,5,Transitional-B,S2,Surgery,Combined exposure
S2_GGGTCACGTGTCCACG-1,2.6365154,-0.54828006,4,Homeostatic-C,S2,Surgery,Combined exposure
S2_GGGTCACTCTATACGG-1,1.6640785,4.492037,3,Homeostatic-B,S2,Surgery,Combined exposure
S2_GGGTCTGCAAAGAGTT-1,0.78448856,0.8542106,1,Transitional-A,S2,Surgery,Combined exposure
S2_GGGTCTGTCAGGAAGC-1,3.2369964,9.878251,0,Inflammatory,S2,Surgery,Combined exposure
S2_GGGTGAAAGGCGAACT-1,4.058834,0.21246828,4,Homeostatic-C,S2,Surgery,Combined exposure
S2_GGGTGAACAGTTAAAG-1,1.0082858,3.3226104,3,Homeostatic-B,S2,Surgery,Combined exposure
S2_GGGTGAAGTGGGTTGA-1,4.0062494,-0.32096848,4,Homeostatic-C,S2,Surgery,Combined exposure
S2_GGGTGTCAGCACCCAC-1,-0.13146713,5.829455,0,Inflammatory,S2,Surgery,Combined exposure
S2_GGGTGTCAGTAGACCG-1,4.8396373,-1.7648715,4,Homeostatic-C,S2,Surgery,Combined exposure
S2_GGGTGTCTCCTTCTGG-1,3.2729387,-1.6330891,4,Homeostatic-C,S2,Surgery,Combined exposure
S2_GGGTTTAGTAGGCAAC-1,2.4113433,3.8521376,3,Homeostatic-B,S2,Surgery,Combined exposure
S2_GGTAACTGTCAACCAT-1,-1.9917455,4.1062026,1,Transitional-A,S2,Surgery,Combined exposure
S2_GGTAACTGTGAGGAAA-1,2.8798468,3.1651633,3,Homeostatic-B,S2,Surgery,Combined exposure
S2_GGTAATCAGACCCGCT-1,-0.40733597,2.4759004,1,Transitional-A,S2,Surgery,Combined exposure
S2_GGTAGAGCAAACGTGG-1,4.0176334,4.241506,2,Homeostatic-A,S2,Surgery,Combined exposure
S2_GGTAGAGCAAGCCTGC-1,0.70319664,4.7636585,3,Homeostatic-B,S2,Surgery,Combined exposure
S2_GGTAGAGCACAAAGCG-1,3.8704684,5.9092426,2,Homeostatic-A,S2,Surgery,Combined exposure
S2_GGTCACGTCAGTCAGT-1,2.0850525,-0.80403817,4,Homeostatic-C,S2,Surgery,Combined exposure
S2_GGTGAAGAGACTCCGC-1,2.0159261,-1.0221456,4,Homeostatic-C,S2,Surgery,Combined exposure
S2_GGTGAAGAGCGTTGTT-1,2.995653,1.783675,3,Homeostatic-B,S2,Surgery,Combined exposure
S2_GGTGATTAGATACATG-1,1.3538066,-0.32467782,4,Homeostatic-C,S2,Surgery,Combined exposure
S2_GGTGATTGTGCGTCGT-1,4.6151905,6.130982,2,Homeostatic-A,S2,Surgery,Combined exposure
S2_GGTGGCTCACACCAGC-1,-0.9132692,-0.14662524,1,Transitional-A,S2,Surgery,Combined exposure
S2_GGTTCTCGTGTGCTTA-1,2.79391,4.0763297,3,Homeostatic-B,S2,Surgery,Combined exposure
S2_GGTTGTACAACGGCTC-1,-0.30580655,8.407743,0,Inflammatory,S2,Surgery,Combined exposure
S2_GGTTGTACAACTACGT-1,3.7181942,5.476671,2,Homeostatic-A,S2,Surgery,Combined exposure
S2_GTAACACAGAGCAAGA-1,5.2359986,3.5718203,2,Homeostatic-A,S2,Surgery,Combined exposure
S2_GTAACACAGATGCGAC-1,1.4412539,-0.7850838,4,Homeostatic-C,S2,Surgery,Combined exposure
S2_GTAACACGTATTAAGG-1,-0.67867184,6.8538704,0,Inflammatory,S2,Surgery,Combined exposure
S2_GTAACCACAACACGTT-1,3.8323574,0.21229663,4,Homeostatic-C,S2,Surgery,Combined exposure
S2_GTAACCACAGAAATCA-1,0.35114655,-1.9391525,4,Homeostatic-C,S2,Surgery,Combined exposure
S2_GTAACCACATAGGCGA-1,2.720016,9.292407,0,Inflammatory,S2,Surgery,Combined exposure
S2_GTAACCACATCAGCAT-1,6.14975,3.3935049,2,Homeostatic-A,S2,Surgery,Combined exposure
S2_GTAAGTCTCGAGCACC-1,1.3065188,3.5878212,3,Homeostatic-B,S2,Surgery,Combined exposure
S2_GTAAGTCTCTTTGCAT-1,-1.481435,-1.3537657,1,Transitional-A,S2,Surgery,Combined exposure
S2_GTAATCGCATCACGGC-1,-1.2902756,3.5103214,1,Transitional-A,S2,Surgery,Combined exposure
S2_GTAATCGTCCTTGGAA-1,2.175774,6.744223,0,Inflammatory,S2,Surgery,Combined exposure
S2_GTAATGCAGTAACCTC-1,5.9816685,0.33674443,5,Transitional-B,S2,Surgery,Combined exposure
S2_GTAATGCCACAGGATG-1,-0.85878253,-0.7688849,1,Transitional-A,S2,Surgery,Combined exposure
S2_GTAATGCTCACCATGA-1,1.0087714,-1.1209557,4,Homeostatic-C,S2,Surgery,Combined exposure
S2_GTACAGTAGGTTGGTG-1,1.4649554,4.661154,3,Homeostatic-B,S2,Surgery,Combined exposure
S2_GTACAGTGTTCGTAAC-1,-1.0756043,5.828858,0,Inflammatory,S2,Surgery,Combined exposure
S2_GTACAGTTCTCGCGTT-1,-1.5079098,0.25871143,1,Transitional-A,S2,Surgery,Combined exposure
S2_GTAGAAAAGGTGCGAT-1,3.1482546,3.190811,3,Homeostatic-B,S2,Surgery,Combined exposure
S2_GTAGAAACACTACAGT-1,2.0027816,0.10341998,4,Homeostatic-C,S2,Surgery,Combined exposure
S2_GTAGCTAAGAGAACCC-1,0.14871316,-1.7252765,4,Homeostatic-C,S2,Surgery,Combined exposure
S2_GTAGCTACACCCTTGT-1,-2.5792952,2.8372152,1,Transitional-A,S2,Surgery,Combined exposure
S2_GTAGCTAGTAGGAAAG-1,-2.1311429,0.5912655,1,Transitional-A,S2,Surgery,Combined exposure
S2_GTAGGAGAGCACTTTG-1,1.9917204,2.5573227,3,Homeostatic-B,S2,Surgery,Combined exposure
S2_GTAGGAGAGGTAGACC-1,5.129029,1.8180805,3,Homeostatic-B,S2,Surgery,Combined exposure
S2_GTAGTACAGGTCACTT-1,4.426524,5.0248275,2,Homeostatic-A,S2,Surgery,Combined exposure
S2_GTAGTACGTGGACCAA-1,0.9400783,1.2217243,1,Transitional-A,S2,Surgery,Combined exposure
S2_GTATTGGTCGTGTCAA-1,3.0353193,3.2798564,3,Homeostatic-B,S2,Surgery,Combined exposure
S2_GTCAAACAGAGCATTA-1,3.5358217,-0.80338866,4,Homeostatic-C,S2,Surgery,Combined exposure
S2_GTCAAGTCATATGCGT-1,5.0168943,-0.7502229,5,Transitional-B,S2,Surgery,Combined exposure
S2_GTCACGGCATACTTTC-1,1.4005945,7.499193,0,Inflammatory,S2,Surgery,Combined exposure
S2_GTCACGGGTCCAGGTC-1,4.3026786,10.865133,0,Inflammatory,S2,Surgery,Combined exposure
S2_GTCACGGTCTGCTTAT-1,3.509518,0.65607285,4,Homeostatic-C,S2,Surgery,Combined exposure
S2_GTCAGCGCACATTCTT-1,2.0782592,9.633685,0,Inflammatory,S2,Surgery,Combined exposure
S2_GTCATCCCACGCACCA-1,4.4199777,-0.056775212,4,Homeostatic-C,S2,Surgery,Combined exposure
S2_GTCATCCCAGCGAACA-1,2.4333253,0.29261515,4,Homeostatic-C,S2,Surgery,Combined exposure
S2_GTCATCCCAGCTGAAG-1,1.4562556,5.3378606,0,Inflammatory,S2,Surgery,Combined exposure
S2_GTCATCCGTAACAGTA-1,4.32975,-0.5844234,4,Homeostatic-C,S2,Surgery,Combined exposure
S2_GTCATGACAGAATCGG-1,-1.3129708,0.9811721,1,Transitional-A,S2,Surgery,Combined exposure
S2_GTCATGACAGAGTCTT-1,0.9442843,7.9767084,0,Inflammatory,S2,Surgery,Combined exposure
S2_GTCATTTCACTGGCGT-1,0.6613447,0.5273842,4,Homeostatic-C,S2,Surgery,Combined exposure
S2_GTCCCATCAGACCCGT-1,5.9791393,-2.1171715,5,Transitional-B,S2,Surgery,Combined exposure
S2_GTCCCATCAGGGAGAG-1,1.3723054,3.6594007,3,Homeostatic-B,S2,Surgery,Combined exposure
S2_GTCCTCACAAGGTCGA-1,7.1990438,0.90960056,5,Transitional-B,S2,Surgery,Combined exposure
S2_GTCCTCAGTGTAGCAG-1,-0.54810774,2.3189483,1,Transitional-A,S2,Surgery,Combined exposure
S2_GTCGCGAAGCATCTTG-1,-1.6801845,6.252973,0,Inflammatory,S2,Surgery,Combined exposure
S2_GTCGCGAAGGCCCGTT-1,-0.33776158,2.6425767,1,Transitional-A,S2,Surgery,Combined exposure
S2_GTCGCGAAGGGAGAAT-1,0.10574949,1.3990332,1,Transitional-A,S2,Surgery,Combined exposure
S2_GTCGCGAAGTGTTGAA-1,-0.9776709,-1.2267293,1,Transitional-A,S2,Surgery,Combined exposure
S2_GTCGCGACACCTTCCA-1,3.7659183,-0.008110029,4,Homeostatic-C,S2,Surgery,Combined exposure
S2_GTCGCGACATCGGATT-1,1.8878524,2.9617524,3,Homeostatic-B,S2,Surgery,Combined exposure
S2_GTCGCGAGTATCGCAT-1,3.835525,-0.48557705,4,Homeostatic-C,S2,Surgery,Combined exposure
S2_GTCGCGAGTGCGCTCA-1,3.0374913,3.7840295,3,Homeostatic-B,S2,Surgery,Combined exposure
S2_GTCGCGATCTGAGATC-1,-0.19206959,-0.8468227,4,Homeostatic-C,S2,Surgery,Combined exposure
S2_GTCGTAAAGTAACCGG-1,7.152192,-1.6103324,5,Transitional-B,S2,Surgery,Combined exposure
S2_GTCGTAACAATCTCTT-1,3.7402897,-0.8695825,4,Homeostatic-C,S2,Surgery,Combined exposure
S2_GTCGTAAGTCTTGGTA-1,1.22535,7.420414,0,Inflammatory,S2,Surgery,Combined exposure
S2_GTCGTAATCTCGTTTA-1,-0.082298025,1.2658256,1,Transitional-A,S2,Surgery,Combined exposure
S2_GTCGTTCAGTAGGTTA-1,-1.9659705,1.0172169,1,Transitional-A,S2,Surgery,Combined exposure
S2_GTCTACCAGGCGACAT-1,3.4457703,-1.3701614,4,Homeostatic-C,S2,Surgery,Combined exposure
S2_GTCTACCGTTATTCCT-1,3.005314,-1.702296,4,Homeostatic-C,S2,Surgery,Combined exposure
S2_GTCTACCTCAGGGTAG-1,1.7849246,8.4271145,0,Inflammatory,S2,Surgery,Combined exposure
S2_GTCTACCTCTACTATC-1,0.70180905,-0.5713404,4,Homeostatic-C,S2,Surgery,Combined exposure
S2_GTCTCACAGCTACTAC-1,1.8171632,-1.83022,4,Homeostatic-C,S2,Surgery,Combined exposure
S2_GTCTCACAGGATATGT-1,3.2483544,3.0656595,3,Homeostatic-B,S2,Surgery,Combined exposure
S2_GTCTCACCAAACTAAG-1,1.3517684,7.4038463,0,Inflammatory,S2,Surgery,Combined exposure
S2_GTCTGTCAGTAGGAAG-1,1.5602411,1.2850549,4,Homeostatic-C,S2,Surgery,Combined exposure
S2_GTCTGTCGTCATCAGT-1,1.8922697,1.9099891,3,Homeostatic-B,S2,Surgery,Combined exposure
S2_GTCTGTCTCATTGGTG-1,2.0995193,0.5407816,4,Homeostatic-C,S2,Surgery,Combined exposure
S2_GTGACGCCATTGCCTC-1,0.6193048,1.1281005,1,Transitional-A,S2,Surgery,Combined exposure
S2_GTGAGCCCATATCGGT-1,5.220532,-0.23333478,5,Transitional-B,S2,Surgery,Combined exposure
S2_GTGAGCCTCGAACACT-1,4.0482607,2.1612895,3,Homeostatic-B,S2,Surgery,Combined exposure
S2_GTGAGCCTCTTCGTGC-1,3.2530935,8.618773,0,Inflammatory,S2,Surgery,Combined exposure
S2_GTGAGGAGTCAGTCTA-1,2.120226,0.8936895,4,Homeostatic-C,S2,Surgery,Combined exposure
S2_GTGATGTCAGCCTATA-1,1.25805,5.0270343,3,Homeostatic-B,S2,Surgery,Combined exposure
S2_GTGATGTCATGTGTCA-1,-2.218812,1.6445416,1,Transitional-A,S2,Surgery,Combined exposure
S2_GTGCACGCAGACCAGA-1,-0.2215787,2.2635205,1,Transitional-A,S2,Surgery,Combined exposure
S2_GTGCACGCATCCGAAT-1,3.4475703,2.494111,3,Homeostatic-B,S2,Surgery,Combined exposure
S2_GTGCACGGTGAGTGAC-1,3.5699408,0.6662739,4,Homeostatic-C,S2,Surgery,Combined exposure
S2_GTGCGTGCACGTACAT-1,-0.72114867,3.821274,1,Transitional-A,S2,Surgery,Combined exposure
S2_GTGCGTGCAGAGAATT-1,0.040752724,2.9718263,1,Transitional-A,S2,Surgery,Combined exposure
S2_GTGCGTGTCATGGCCG-1,-1.2093755,-0.5392936,1,Transitional-A,S2,Surgery,Combined exposure
S2_GTGCGTGTCTCAACGA-1,-1.2535232,3.0599415,1,Transitional-A,S2,Surgery,Combined exposure
S2_GTGCTGGAGACATGCG-1,-2.1592019,-0.3206199,1,Transitional-A,S2,Surgery,Combined exposure
S2_GTGCTGGCATACACCA-1,2.5787919,9.956313,0,Inflammatory,S2,Surgery,Combined exposure
S2_GTGCTGGGTACCTAAC-1,8.193168,0.6353293,5,Transitional-B,S2,Surgery,Combined exposure
S2_GTGCTGGTCCCTCAAC-1,5.156347,-0.99242413,5,Transitional-B,S2,Surgery,Combined exposure
S2_GTGCTTCTCTACCCAC-1,-0.3897693,1.3504101,1,Transitional-A,S2,Surgery,Combined exposure
S2_GTGGAAGCATGGCTAT-1,4.2185664,-0.8295283,4,Homeostatic-C,S2,Surgery,Combined exposure
S2_GTGGAGAAGAGGCGGA-1,0.2589679,4.198927,1,Transitional-A,S2,Surgery,Combined exposure
S2_GTGGCGTCACCCTGAG-1,0.365464,2.8266623,1,Transitional-A,S2,Surgery,Combined exposure
S2_GTGGGAAGTACGGATG-1,4.1058946,7.1340556,2,Homeostatic-A,S2,Surgery,Combined exposure
S2_GTGGGAATCGAAGGAC-1,-2.581333,0.20932324,1,Transitional-A,S2,Surgery,Combined exposure
S2_GTGGTTATCGCTCATC-1,4.154004,3.3761864,3,Homeostatic-B,S2,Surgery,Combined exposure
S2_GTGTAACAGGTTCCAT-1,-1.0530401,-1.8780439,1,Transitional-A,S2,Surgery,Combined exposure
S2_GTGTAACGTTAGGACG-1,-0.19570905,3.9627047,1,Transitional-A,S2,Surgery,Combined exposure
S2_GTGTCCTGTCCAAGAG-1,7.065181,-0.4347656,5,Transitional-B,S2,Surgery,Combined exposure
S2_GTGTGATAGCTCCATA-1,1.5627339,2.5367975,3,Homeostatic-B,S2,Surgery,Combined exposure
S2_GTGTGATCACACCGCA-1,-2.0618548,1.9130697,1,Transitional-A,S2,Surgery,Combined exposure
S2_GTGTGATTCGTCTCAC-1,-0.8375058,-1.6938831,1,Transitional-A,S2,Surgery,Combined exposure
S2_GTGTGGCAGTATTCCG-1,3.7627482,0.5933922,4,Homeostatic-C,S2,Surgery,Combined exposure
S2_GTGTGGCCATTATGCG-1,0.19886002,1.2561623,1,Transitional-A,S2,Surgery,Combined exposure
S2_GTGTGGCTCAAAGGAT-1,2.6194425,5.269878,2,Homeostatic-A,S2,Surgery,Combined exposure
S2_GTTACAGGTAAGGCTG-1,-1.427992,1.3089224,1,Transitional-A,S2,Surgery,Combined exposure
S2_GTTACAGGTCGGCTAC-1,0.2545508,-0.81999016,4,Homeostatic-C,S2,Surgery,Combined exposure
S2_GTTACGACACGACTAT-1,3.5527718,6.173551,2,Homeostatic-A,S2,Surgery,Combined exposure
S2_GTTAGACAGAGCATCG-1,-0.25793025,6.005334,0,Inflammatory,S2,Surgery,Combined exposure
S2_GTTAGACCACTACACA-1,6.6966214,-1.2177305,5,Transitional-B,S2,Surgery,Combined exposure
S2_GTTAGTGCAGAACTAA-1,0.86023414,2.6648197,1,Transitional-A,S2,Surgery,Combined exposure
S2_GTTAGTGGTCATTCCC-1,4.1650457,-1.4582397,4,Homeostatic-C,S2,Surgery,Combined exposure
S2_GTTCATTAGGTTGACG-1,6.664161,3.7208157,2,Homeostatic-A,S2,Surgery,Combined exposure
S2_GTTCATTCATCAGCAT-1,3.2035983,3.4223864,3,Homeostatic-B,S2,Surgery,Combined exposure
S2_GTTCCGTAGAGCAACC-1,4.6007676,-1.1971413,4,Homeostatic-C,S2,Surgery,Combined exposure
S2_GTTCCGTGTAAGGTCG-1,2.3183508,2.5947778,3,Homeostatic-B,S2,Surgery,Combined exposure
S2_GTTCCGTGTTCTCTCG-1,0.7973217,0.8947377,1,Transitional-A,S2,Surgery,Combined exposure
S2_GTTCGCTAGAAACCAT-1,7.050863,0.08062871,5,Transitional-B,S2,Surgery,Combined exposure
S2_GTTCGCTCAAACGAGC-1,3.5805163,-0.22301354,4,Homeostatic-C,S2,Surgery,Combined exposure
S2_GTTCGCTCAAATACGA-1,5.3526945,5.391325,2,Homeostatic-A,S2,Surgery,Combined exposure
S2_GTTCGCTTCATGACAC-1,2.9281104,5.685725,2,Homeostatic-A,S2,Surgery,Combined exposure
S2_GTTCTATAGTTACGGG-1,0.5863173,-1.5797371,4,Homeostatic-C,S2,Surgery,Combined exposure
S2_GTTCTATCACTGCTTC-1,-1.0311383,3.5227969,1,Transitional-A,S2,Surgery,Combined exposure
S2_GTTGAACAGACTGAGC-1,-0.37935245,4.8044815,1,Transitional-A,S2,Surgery,Combined exposure
S2_GTTGAACAGCACTCAT-1,2.9856904,2.2123837,3,Homeostatic-B,S2,Surgery,Combined exposure
S2_GTTGCGGCATCCGTTC-1,2.344657,-0.652161,4,Homeostatic-C,S2,Surgery,Combined exposure
S2_GTTGCGGGTCCCGCAA-1,5.6091247,9.910312,0,Inflammatory,S2,Surgery,Combined exposure
S2_GTTGCTCAGTAGATCA-1,2.978331,6.7897635,2,Homeostatic-A,S2,Surgery,Combined exposure
S2_GTTGCTCCAGCTGTTA-1,0.31350565,-0.7860457,4,Homeostatic-C,S2,Surgery,Combined exposure
S2_GTTGTAGCAGACCATT-1,2.142825,2.2930243,3,Homeostatic-B,S2,Surgery,Combined exposure
S2_GTTGTAGGTACCTAAC-1,4.0836506,0.36989307,4,Homeostatic-C,S2,Surgery,Combined exposure
S2_GTTGTCCCAGATCATC-1,0.38690257,9.23643,0,Inflammatory,S2,Surgery,Combined exposure
S2_GTTGTCCGTGCAATAA-1,-0.39358306,-0.71551317,1,Transitional-A,S2,Surgery,Combined exposure
S2_GTTGTCCTCTAGTGAC-1,-1.4667495,7.5805764,0,Inflammatory,S2,Surgery,Combined exposure
S2_GTTGTGAAGATAACGT-1,-0.28328958,3.0044136,1,Transitional-A,S2,Surgery,Combined exposure
S2_GTTGTGAGTCCGAAAG-1,3.058771,8.722941,0,Inflammatory,S2,Surgery,Combined exposure
S2_GTTTACTGTTGGTACT-1,0.5681739,2.77792,3,Homeostatic-B,S2,Surgery,Combined exposure
S2_TAACCAGAGGGCAGAG-1,3.568641,7.407713,2,Homeostatic-A,S2,Surgery,Combined exposure
S2_TAACCAGTCGCATGAT-1,1.6627136,1.863732,3,Homeostatic-B,S2,Surgery,Combined exposure
S2_TAACGACTCTCGCTTG-1,5.669612,0.9173518,5,Transitional-B,S2,Surgery,Combined exposure
S2_TAACTTCGTGTTCCAA-1,-0.19765328,4.089339,1,Transitional-A,S2,Surgery,Combined exposure
S2_TAAGCACCAAACTCGT-1,-0.536068,5.9238596,0,Inflammatory,S2,Surgery,Combined exposure
S2_TAAGCCATCCCGTTGT-1,-0.12713623,4.1126237,1,Transitional-A,S2,Surgery,Combined exposure
S2_TAAGCCATCTGAATCG-1,-2.3743207,-0.53191465,1,Transitional-A,S2,Surgery,Combined exposure
S2_TAAGCGTAGGAAAGAC-1,1.8216434,4.3135343,3,Homeostatic-B,S2,Surgery,Combined exposure
S2_TAAGCGTCATCTTAGG-1,0.50047475,3.4857802,1,Transitional-A,S2,Surgery,Combined exposure
S2_TAAGCGTTCAGCACCG-1,8.270128,-0.35936195,5,Transitional-B,S2,Surgery,Combined exposure
S2_TAAGTCGGTGAGGCAT-1,-2.5703695,1.8524884,1,Transitional-A,S2,Surgery,Combined exposure
S2_TAAGTCGTCGAGCTGC-1,2.0961266,3.8580616,3,Homeostatic-B,S2,Surgery,Combined exposure
S2_TAATCTCCATGGCACC-1,-0.26801935,7.0146093,0,Inflammatory,S2,Surgery,Combined exposure
S2_TAATTCCGTACTCGTA-1,4.3333764,-1.504645,4,Homeostatic-C,S2,Surgery,Combined exposure
S2_TAATTCCGTGTTACTG-1,-0.5797291,-0.92086977,1,Transitional-A,S2,Surgery,Combined exposure
S2_TACAACGGTTGGACTT-1,-0.13178104,1.3136569,1,Transitional-A,S2,Surgery,Combined exposure
S2_TACACCCAGCAGGTCA-1,0.78026664,5.2193356,0,Inflammatory,S2,Surgery,Combined exposure
S2_TACACCCTCAGAGCGA-1,2.3773499,1.0785764,4,Homeostatic-C,S2,Surgery,Combined exposure
S2_TACACCCTCCATCGTC-1,-0.3621819,-0.3600422,1,Transitional-A,S2,Surgery,Combined exposure
S2_TACCCACGTTGTGCCG-1,-1.1216844,1.8648248,1,Transitional-A,S2,Surgery,Combined exposure
S2_TACCCGTCACATCCCT-1,-2.1181169,4.5509067,1,Transitional-A,S2,Surgery,Combined exposure
S2_TACCGAAAGTTCGGTT-1,-1.1561381,7.349323,0,Inflammatory,S2,Surgery,Combined exposure
S2_TACCGAAGTGAGTCAG-1,4.9001045,0.45761794,5,Transitional-B,S2,Surgery,Combined exposure
S2_TACCGGGAGAGCAGTC-1,3.68308,9.925451,0,Inflammatory,S2,Surgery,Combined exposure
S2_TACCGGGGTAGAGGAA-1,-1.497568,-0.60339344,1,Transitional-A,S2,Surgery,Combined exposure
S2_TACCGGGGTCTGTAGT-1,7.273585,0.6987304,5,Transitional-B,S2,Surgery,Combined exposure
S2_TACCGGGTCATTTCCA-1,3.7827475,-0.9979982,4,Homeostatic-C,S2,Surgery,Combined exposure
S2_TACCTGCCAACTTGCA-1,-1.9801351,5.253982,1,Transitional-A,S2,Surgery,Combined exposure
S2_TACGGGCAGCGACAGT-1,5.747568,0.6617005,5,Transitional-B,S2,Surgery,Combined exposure
S2_TACGGTACAAGAAATC-1,0.61025035,6.008154,0,Inflammatory,S2,Surgery,Combined exposure
S2_TACGGTACAGTGGGTA-1,0.2576086,0.7420594,4,Homeostatic-C,S2,Surgery,Combined exposure
S2_TACGGTATCTTCTTCC-1,1.292236,2.8099942,3,Homeostatic-B,S2,Surgery,Combined exposure
S2_TACGTCCAGCTACGTT-1,1.4413214,0.11545365,4,Homeostatic-C,S2,Surgery,Combined exposure
S2_TACGTCCAGTTTGCTG-1,7.4600124,-0.14851935,5,Transitional-B,S2,Surgery,Combined exposure
S2_TACGTCCCAGTTCACA-1,1.634243,-0.42969888,4,Homeostatic-C,S2,Surgery,Combined exposure
S2_TACGTCCGTACACTCA-1,2.1582038,7.478009,2,Homeostatic-A,S2,Surgery,Combined exposure
S2_TACGTCCGTGTCATGT-1,2.2541842,1.9798504,3,Homeostatic-B,S2,Surgery,Combined exposure
S2_TACTGCCAGCATCAAA-1,1.6901784,7.9908094,0,Inflammatory,S2,Surgery,Combined exposure
S2_TACTGCCTCGTCTACC-1,1.7250409,2.0959108,3,Homeostatic-B,S2,Surgery,Combined exposure
S2_TACTTACCAGCTTTCC-1,1.7803864,3.554012,3,Homeostatic-B,S2,Surgery,Combined exposure
S2_TACTTACGTCGATTCA-1,1.7904762,5.1857524,3,Homeostatic-B,S2,Surgery,Combined exposure
S2_TACTTACGTCGGCTAC-1,0.5202201,-2.653617,4,Homeostatic-C,S2,Surgery,Combined exposure
S2_TACTTCACACGCTGTG-1,0.35403678,-1.6381215,4,Homeostatic-C,S2,Surgery,Combined exposure
S2_TACTTCACATAGCTGT-1,-0.9616173,-1.8924744,1,Transitional-A,S2,Surgery,Combined exposure
S2_TACTTGTCACTTGAGT-1,-0.92429644,4.4623537,1,Transitional-A,S2,Surgery,Combined exposure
S2_TACTTGTGTTCCAAAC-1,0.5085003,-2.0116072,4,Homeostatic-C,S2,Surgery,Combined exposure
S2_TACTTGTGTTGTGGCC-1,2.9689562,6.4004197,2,Homeostatic-A,S2,Surgery,Combined exposure
S2_TACTTGTTCATAAGGA-1,-0.49024603,1.4994745,1,Transitional-A,S2,Surgery,Combined exposure
S2_TAGACCAGTACGTAGG-1,-1.4790653,4.9922104,1,Transitional-A,S2,Surgery,Combined exposure
S2_TAGACCATCGTTGCCT-1,-0.5987954,4.4691386,1,Transitional-A,S2,Surgery,Combined exposure
S2_TAGACTGAGAAACTGT-1,3.440054,2.7701552,3,Homeostatic-B,S2,Surgery,Combined exposure
S2_TAGAGTCCACGGTCTG-1,-1.3530532,3.4875996,1,Transitional-A,S2,Surgery,Combined exposure
S2_TAGAGTCTCTGGCCGA-1,2.2245898,5.108605,3,Homeostatic-B,S2,Surgery,Combined exposure
S2_TAGATCGTCGCAACAT-1,5.0205,0.46276116,5,Transitional-B,S2,Surgery,Combined exposure
S2_TAGCACATCCAAGCAT-1,0.15505847,9.61854,0,Inflammatory,S2,Surgery,Combined exposure
S2_TAGGAGGAGCCAAGGT-1,-0.51197237,-2.0170245,1,Transitional-A,S2,Surgery,Combined exposure
S2_TAGGAGGAGTCTTCGA-1,0.49457335,0.6124296,4,Homeostatic-C,S2,Surgery,Combined exposure
S2_TAGGGTTCAAACCATC-1,-0.022910869,-0.37292194,4,Homeostatic-C,S2,Surgery,Combined exposure
S2_TAGGGTTCAGAAATCA-1,1.2394345,0.44641703,4,Homeostatic-C,S2,Surgery,Combined exposure
S2_TAGGTACTCAAGTGGG-1,6.337741,-0.052160118,5,Transitional-B,S2,Surgery,Combined exposure
S2_TATATCCAGAAGCTGC-1,-0.22819541,2.6624153,1,Transitional-A,S2,Surgery,Combined exposure
S2_TATATCCGTCATACCA-1,5.9499364,2.0685434,6,Rare,S2,Surgery,Combined exposure
S2_TATATCCGTCGCCACA-1,-1.3931553,0.64889103,1,Transitional-A,S2,Surgery,Combined exposure
S2_TATATCCGTGTAGTGG-1,4.999493,0.26276916,4,Homeostatic-C,S2,Surgery,Combined exposure
S2_TATATCCTCGCTATTT-1,-0.7917192,0.88243395,1,Transitional-A,S2,Surgery,Combined exposure
S2_TATCAGGTCATCCCGT-1,-0.061181553,-1.7030195,4,Homeostatic-C,S2,Surgery,Combined exposure
S2_TATCCTAAGTAGGATT-1,1.3286605,2.884854,3,Homeostatic-B,S2,Surgery,Combined exposure
S2_TATCCTACAATTCGTG-1,-1.8697405,1.9443978,1,Transitional-A,S2,Surgery,Combined exposure
S2_TATCCTAGTTTACACG-1,-1.0714852,3.4860168,1,Transitional-A,S2,Surgery,Combined exposure
S2_TATCCTATCAGCGGAA-1,1.4546506,3.6630032,3,Homeostatic-B,S2,Surgery,Combined exposure
S2_TATCCTATCCGACATA-1,6.4406767,-0.79579335,5,Transitional-B,S2,Surgery,Combined exposure
S2_TATCCTATCTTACTGT-1,-0.070171,-1.9507699,4,Homeostatic-C,S2,Surgery,Combined exposure
S2_TATCGCCTCAGTGGGA-1,4.029231,-0.17612654,4,Homeostatic-C,S2,Surgery,Combined exposure
S2_TATCGCCTCCGGTTCT-1,-1.3723423,2.6522622,1,Transitional-A,S2,Surgery,Combined exposure
S2_TATCGCCTCTCACCCA-1,0.3101459,0.31986555,4,Homeostatic-C,S2,Surgery,Combined exposure
S2_TATCTGTCATTCATCT-1,8.232286,0.4613902,5,Transitional-B,S2,Surgery,Combined exposure
S2_TATCTGTGTCGCGTCA-1,1.7978773,5.033025,3,Homeostatic-B,S2,Surgery,Combined exposure
S2_TATCTTGGTAGCCAGA-1,-1.132206,1.2221725,1,Transitional-A,S2,Surgery,Combined exposure
S2_TATCTTGGTTCCACAA-1,1.4424462,3.4775014,3,Homeostatic-B,S2,Surgery,Combined exposure
S2_TATGTTCGTACCAATC-1,-0.29093987,1.8542646,1,Transitional-A,S2,Surgery,Combined exposure
S2_TATGTTCGTAGGCTCC-1,5.81975,0.22933476,5,Transitional-B,S2,Surgery,Combined exposure
S2_TATGTTCGTTTGCAGT-1,0.74126595,1.1156352,1,Transitional-A,S2,Surgery,Combined exposure
S2_TATGTTCTCCACGAAT-1,1.4562382,2.8595655,3,Homeostatic-B,S2,Surgery,Combined exposure
S2_TATTGCTGTATTTCTC-1,0.0029786078,4.0732617,1,Transitional-A,S2,Surgery,Combined exposure
S2_TATTGGGAGACGATAT-1,-2.0889537,2.9554534,1,Transitional-A,S2,Surgery,Combined exposure
S2_TATTGGGGTGCCCGTA-1,-2.4311962,3.237535,1,Transitional-A,S2,Surgery,Combined exposure
S2_TATTGGGGTTGTGCAT-1,1.2345868,0.60898983,4,Homeostatic-C,S2,Surgery,Combined exposure
S2_TATTTCGCACTGTTCC-1,1.3825526,0.13833392,4,Homeostatic-C,S2,Surgery,Combined exposure
S2_TATTTCGGTGCAGTGA-1,1.2227597,0.064236715,4,Homeostatic-C,S2,Surgery,Combined exposure
S2_TCAAGTGGTCGAGTGA-1,-0.4438351,5.6712832,0,Inflammatory,S2,Surgery,Combined exposure
S2_TCAATCTAGCGCCGTT-1,4.1309380000000004,-0.42596495,4,Homeostatic-C,S2,Surgery,Combined exposure
S2_TCAATTCAGCTAGAAT-1,3.0867481,10.228929,0,Inflammatory,S2,Surgery,Combined exposure
S2_TCACAAGCATGGGATG-1,0.84799176,-1.3652081,4,Homeostatic-C,S2,Surgery,Combined exposure
S2_TCACAAGGTCATAACC-1,2.9331732,2.3877757,3,Homeostatic-B,S2,Surgery,Combined exposure
S2_TCACACCGTGCAAGAC-1,-1.6327399,4.6272497,1,Transitional-A,S2,Surgery,Combined exposure
S2_TCACATTCATTCGGGC-1,-1.2712132,-0.12460475,1,Transitional-A,S2,Surgery,Combined exposure
S2_TCACATTTCAGATTGC-1,2.218892,-0.8881158,4,Homeostatic-C,S2,Surgery,Combined exposure
S2_TCACGCTCAATTGCGT-1,2.9790857,-0.18715563,4,Homeostatic-C,S2,Surgery,Combined exposure
S2_TCACGCTGTCACAGAG-1,2.2261722,-0.3157173,4,Homeostatic-C,S2,Surgery,Combined exposure
S2_TCACGGGAGGAAAGTG-1,1.6247252,7.4284472,0,Inflammatory,S2,Surgery,Combined exposure
S2_TCACGGGGTGACCGAA-1,1.3079945,2.7190778,3,Homeostatic-B,S2,Surgery,Combined exposure
S2_TCACGGGTCGGAGTGA-1,2.4222887,0.47991946,4,Homeostatic-C,S2,Surgery,Combined exposure
S2_TCACTATGTACAGGTG-1,1.1091189,0.53797626,4,Homeostatic-C,S2,Surgery,Combined exposure
S2_TCACTCGAGTTGGCGA-1,-0.34645057,6.1120777,0,Inflammatory,S2,Surgery,Combined exposure
S2_TCAGCAATCGGACAAG-1,3.32223,-2.1813352,4,Homeostatic-C,S2,Surgery,Combined exposure
S2_TCAGCCTCAACGTAAA-1,3.1764414,2.161446,3,Homeostatic-B,S2,Surgery,Combined exposure
S2_TCAGCCTGTCGTTTCC-1,-0.16776066,9.811759,0,Inflammatory,S2,Surgery,Combined exposure
S2_TCAGGGCAGCATTTCG-1,-1.252042,-1.5116715,1,Transitional-A,S2,Surgery,Combined exposure
S2_TCAGGGCCAGTGGGTA-1,-2.003446,2.4203253,1,Transitional-A,S2,Surgery,Combined exposure
S2_TCAGGGCGTGGACCTC-1,1.1939523,-0.038512416,4,Homeostatic-C,S2,Surgery,Combined exposure
S2_TCAGGGCTCTGGAAGG-1,5.2656393,4.6911945,2,Homeostatic-A,S2,Surgery,Combined exposure
S2_TCAGGTAAGAGCAGCT-1,3.0510445,5.437085,2,Homeostatic-A,S2,Surgery,Combined exposure
S2_TCAGGTATCACTGGGC-1,1.2661337,-1.6709003,4,Homeostatic-C,S2,Surgery,Combined exposure
S2_TCAGTCCCAAATGATG-1,1.8091877,1.4320731,3,Homeostatic-B,S2,Surgery,Combined exposure
S2_TCAGTGACAGGCCTGT-1,2.47147,1.4020735,4,Homeostatic-C,S2,Surgery,Combined exposure
S2_TCATACTCAACTCATG-1,-1.2900782,-0.7618877,1,Transitional-A,S2,Surgery,Combined exposure
S2_TCATACTTCCATTTGT-1,-1.8183056,0.2705043,1,Transitional-A,S2,Surgery,Combined exposure
S2_TCATATCAGGCTATCT-1,-2.4485798,3.8900304,1,Transitional-A,S2,Surgery,Combined exposure
S2_TCATATCAGTTGAATG-1,3.430917,3.768246,3,Homeostatic-B,S2,Surgery,Combined exposure
S2_TCATCATAGAGTATAC-1,-0.33460614,1.420022,1,Transitional-A,S2,Surgery,Combined exposure
S2_TCATCATAGATTAGCA-1,-0.5276041,7.20243,0,Inflammatory,S2,Surgery,Combined exposure
S2_TCATCATCACACAGCC-1,2.4894705,0.9250227,4,Homeostatic-C,S2,Surgery,Combined exposure
S2_TCATCCGAGATGAATC-1,-1.1751227,1.786344,1,Transitional-A,S2,Surgery,Combined exposure
S2_TCATCCGGTACCGGAA-1,1.497277,10.707998,0,Inflammatory,S2,Surgery,Combined exposure
S2_TCATGAGAGGTAATCA-1,0.6479512,3.9771378,3,Homeostatic-B,S2,Surgery,Combined exposure
S2_TCATGGACAGCTTCCT-1,2.2878003,0.5763746,4,Homeostatic-C,S2,Surgery,Combined exposure
S2_TCATTACAGTCTGTAC-1,1.5538357,-2.0789676,4,Homeostatic-C,S2,Surgery,Combined exposure
S2_TCATTACGTTGTACGT-1,-0.88277745,1.1319981,1,Transitional-A,S2,Surgery,Combined exposure
S2_TCATTCACACGTATAC-1,-0.69454604,-0.68124425,1,Transitional-A,S2,Surgery,Combined exposure
S2_TCATTGTAGTGCACAG-1,1.5040108,6.1522884,0,Inflammatory,S2,Surgery,Combined exposure
S2_TCATTGTCACCAGCCA-1,-1.2669307,0.0035083494,1,Transitional-A,S2,Surgery,Combined exposure
S2_TCATTGTTCTGCATGA-1,-0.6230281,-1.0174694,4,Homeostatic-C,S2,Surgery,Combined exposure
S2_TCATTTGCAGACAATA-1,-0.43545872,-0.0641813,1,Transitional-A,S2,Surgery,Combined exposure
S2_TCCACGTCAGAAATTG-1,2.483321,3.1260931,3,Homeostatic-B,S2,Surgery,Combined exposure
S2_TCCACGTGTAGCTAAA-1,10.432821,1.8853164,6,Rare,S2,Surgery,Combined exposure
S2_TCCACGTGTTGAGAGC-1,5.39843,0.65728277,5,Transitional-B,S2,Surgery,Combined exposure
S2_TCCACGTTCTGGAAGG-1,1.885566,6.50783,0,Inflammatory,S2,Surgery,Combined exposure
S2_TCCAGAACAAGCGCTC-1,-0.10590188,0.9776072,1,Transitional-A,S2,Surgery,Combined exposure
S2_TCCATCGAGTAGTGCG-1,3.5430183,5.913898,2,Homeostatic-A,S2,Surgery,Combined exposure
S2_TCCCAGTCAAGCGAGT-1,2.9177916,0.2905092,4,Homeostatic-C,S2,Surgery,Combined exposure
S2_TCCCATGGTACTTCCC-1,6.623465,4.5998993,2,Homeostatic-A,S2,Surgery,Combined exposure
S2_TCCCATGTCACTCGAA-1,3.165943,3.577207,3,Homeostatic-B,S2,Surgery,Combined exposure
S2_TCCCATGTCTCCAATT-1,1.190881,-0.9393017,4,Homeostatic-C,S2,Surgery,Combined exposure
S2_TCCGAAACAGGTCAGA-1,3.109963,6.887427,2,Homeostatic-A,S2,Surgery,Combined exposure
S2_TCCGAAAGTGCTTATG-1,0.44718662,-0.900579,4,Homeostatic-C,S2,Surgery,Combined exposure
S2_TCCGAAATCATTACTC-1,1.9466629,3.3128488,3,Homeostatic-B,S2,Surgery,Combined exposure
S2_TCCGATCGTTAAGTCC-1,0.53027284,0.18758535,4,Homeostatic-C,S2,Surgery,Combined exposure
S2_TCCGGGAGTTCAACGT-1,0.24143018,-2.3720317,4,Homeostatic-C,S2,Surgery,Combined exposure
S2_TCCGGGATCGCTTTAT-1,0.12788557,3.2973065,1,Transitional-A,S2,Surgery,Combined exposure
S2_TCCGTGTGTGTCGCTG-1,10.213738,1.679041,6,Rare,S2,Surgery,Combined exposure
S2_TCCGTGTGTTGTGTAC-1,1.4052309,5.459902,0,Inflammatory,S2,Surgery,Combined exposure
S2_TCCTAATCACTAACGT-1,-0.27518502,1.3815582,1,Transitional-A,S2,Surgery,Combined exposure
S2_TCCTCCCTCCAGTGTA-1,3.2757447,-2.1327899,4,Homeostatic-C,S2,Surgery,Combined exposure
S2_TCCTCCCTCCTCCACA-1,-0.3125811,6.675063,0,Inflammatory,S2,Surgery,Combined exposure
S2_TCCTCCCTCTCTGACC-1,0.24491076,0.5707371,1,Transitional-A,S2,Surgery,Combined exposure
S2_TCCTCTTCACATACTG-1,-0.39557388,4.368452,1,Transitional-A,S2,Surgery,Combined exposure
S2_TCCTGCAAGACCTCCG-1,3.4271939,-0.36613804,4,Homeostatic-C,S2,Surgery,Combined exposure
S2_TCCTTTCAGGCTCCCA-1,-0.551827,1.962292,1,Transitional-A,S2,Surgery,Combined exposure
S2_TCCTTTCCAAACACGG-1,2.0832422,1.483544,3,Homeostatic-B,S2,Surgery,Combined exposure
S2_TCCTTTCGTAACCAGG-1,1.0303042,6.682853,0,Inflammatory,S2,Surgery,Combined exposure
S2_TCCTTTCGTCAGACGA-1,7.6894484,-1.5238847,5,Transitional-B,S2,Surgery,Combined exposure
S2_TCGAACAAGCGTGCCT-1,3.9669938,-0.45780337,4,Homeostatic-C,S2,Surgery,Combined exposure
S2_TCGAACACATCATTTC-1,2.6586733,1.4586666,4,Homeostatic-C,S2,Surgery,Combined exposure
S2_TCGAACATCCACGTCT-1,1.845589,1.8370317,3,Homeostatic-B,S2,Surgery,Combined exposure
S2_TCGAAGTGTGACAACG-1,1.5063101,2.8519802,3,Homeostatic-B,S2,Surgery,Combined exposure
S2_TCGAAGTGTGCTCCGA-1,-2.2367268,0.33178636,1,Transitional-A,S2,Surgery,Combined exposure
S2_TCGAAGTTCCGCACTT-1,3.5813513,1.3330754,3,Homeostatic-B,S2,Surgery,Combined exposure
S2_TCGAAGTTCGTTGTGA-1,1.1800811,0.72153676,4,Homeostatic-C,S2,Surgery,Combined exposure
S2_TCGACCTCAAGCTCTA-1,-0.7639361,-1.2302408,1,Transitional-A,S2,Surgery,Combined exposure
S2_TCGACCTGTTTCAGAC-1,5.6667953,-0.059503794,5,Transitional-B,S2,Surgery,Combined exposure
S2_TCGACGGGTAGAATAC-1,-2.41444,1.2176787,1,Transitional-A,S2,Surgery,Combined exposure
S2_TCGATTTCACGGCTAC-1,-0.08149642,0.81780887,1,Transitional-A,S2,Surgery,Combined exposure
S2_TCGATTTTCTGCGTCT-1,4.6290336,0.60020846,4,Homeostatic-C,S2,Surgery,Combined exposure
S2_TCGCACTAGCATCTTG-1,-0.37796956,1.1086555,1,Transitional-A,S2,Surgery,Combined exposure
S2_TCGCACTAGTAGCTCT-1,-2.0074813,0.6966885,1,Transitional-A,S2,Surgery,Combined exposure
S2_TCGCACTCAACACGTT-1,0.237199,5.718494,0,Inflammatory,S2,Surgery,Combined exposure
S2_TCGCACTCATAAGCAA-1,5.4372087,4.215015,2,Homeostatic-A,S2,Surgery,Combined exposure
S2_TCGCAGGAGGTGAGCT-1,1.19459,-1.4654915,4,Homeostatic-C,S2,Surgery,Combined exposure
S2_TCGCAGGTCTGCGTCT-1,-0.12297244,-2.5611413,4,Homeostatic-C,S2,Surgery,Combined exposure
S2_TCGCTCACAGCACACC-1,0.5524629,7.24458,0,Inflammatory,S2,Surgery,Combined exposure
S2_TCGCTTGCATTGCAAC-1,5.9058475,3.3965983,2,Homeostatic-A,S2,Surgery,Combined exposure
S2_TCGGGACAGTGATGGC-1,8.427699,-1.1095297,5,Transitional-B,S2,Surgery,Combined exposure
S2_TCGGGACCAGAGTGAC-1,4.312616,-1.8407929,4,Homeostatic-C,S2,Surgery,Combined exposure
S2_TCGGGCATCCCGATCT-1,-1.1320498,4.689712,1,Transitional-A,S2,Surgery,Combined exposure
S2_TCGGTCTCACCTCGTT-1,2.474962,9.165289,0,Inflammatory,S2,Surgery,Combined exposure
S2_TCGGTCTCAGTGTATC-1,1.6654433,2.066305,3,Homeostatic-B,S2,Surgery,Combined exposure
S2_TCGGTCTTCAGGTAAA-1,-0.04419938,-0.5750838,4,Homeostatic-C,S2,Surgery,Combined exposure
S2_TCGTGCTGTACCGTCG-1,0.33414114,9.075315,0,Inflammatory,S2,Surgery,Combined exposure
S2_TCGTGCTGTGTTATCG-1,-0.6748773,2.5461802,1,Transitional-A,S2,Surgery,Combined exposure
S2_TCGTGGGCATCAACCA-1,1.9996005,1.6419598,3,Homeostatic-B,S2,Surgery,Combined exposure
S2_TCTAACTGTACACGTT-1,5.890291,4.0140095,2,Homeostatic-A,S2,Surgery,Combined exposure
S2_TCTAACTTCATTACTC-1,4.7684927,0.41721928,4,Homeostatic-C,S2,Surgery,Combined exposure
S2_TCTACATAGGGAGATA-1,2.151834,5.5982275,2,Homeostatic-A,S2,Surgery,Combined exposure
S2_TCTACATCAAGGTTGG-1,0.34522656,-0.31447688,4,Homeostatic-C,S2,Surgery,Combined exposure
S2_TCTACATCAGACTGCC-1,3.907885,-1.3714923,4,Homeostatic-C,S2,Surgery,Combined exposure
S2_TCTACATGTCTTGAAC-1,-1.2410755,4.3568797,1,Transitional-A,S2,Surgery,Combined exposure
S2_TCTATACCACGACAAG-1,-1.1238492,0.795952,1,Transitional-A,S2,Surgery,Combined exposure
S2_TCTATCAAGTTCGCAT-1,0.84289086,3.755742,3,Homeostatic-B,S2,Surgery,Combined exposure
S2_TCTCAGCTCGCAGTTA-1,0.9988183,-1.8251543,4,Homeostatic-C,S2,Surgery,Combined exposure
S2_TCTCCGAAGATTGGGC-1,1.3161998,-2.3552492,4,Homeostatic-C,S2,Surgery,Combined exposure
S2_TCTCTGGCAGCGAGTA-1,4.603225,4.0031605,2,Homeostatic-A,S2,Surgery,Combined exposure
S2_TCTCTGGGTATGAGGC-1,4.31469,7.8990293,2,Homeostatic-A,S2,Surgery,Combined exposure
S2_TCTCTGGTCCACATAG-1,5.645852,3.6612327,2,Homeostatic-A,S2,Surgery,Combined exposure
S2_TCTGCCATCCGTGTGG-1,0.71793765,-1.4936488,4,Homeostatic-C,S2,Surgery,Combined exposure
S2_TCTGGCTCAAGGCGTA-1,1.5698256,0.075585335,4,Homeostatic-C,S2,Surgery,Combined exposure
S2_TCTGGCTGTAGAGGAA-1,4.4852033,0.81127787,4,Homeostatic-C,S2,Surgery,Combined exposure
S2_TCTGGCTGTGGGCTCT-1,1.2666655,3.323969,3,Homeostatic-B,S2,Surgery,Combined exposure
S2_TCTGTCGGTCGACTTA-1,1.1630785,-2.2655187,4,Homeostatic-C,S2,Surgery,Combined exposure
S2_TCTTAGTAGCGATCGA-1,4.3766212,10.334907,0,Inflammatory,S2,Surgery,Combined exposure
S2_TCTTAGTGTAAGACCG-1,2.4408534,-1.3741131,4,Homeostatic-C,S2,Surgery,Combined exposure
S2_TCTTAGTGTACAAGCG-1,3.017256,1.6281217,3,Homeostatic-B,S2,Surgery,Combined exposure
S2_TCTTAGTGTCATAACC-1,0.8032439,-1.8827835,4,Homeostatic-C,S2,Surgery,Combined exposure
S2_TCTTGCGAGTAGAATC-1,3.5419219,-0.6305532,4,Homeostatic-C,S2,Surgery,Combined exposure
S2_TCTTGCGGTAGAGGAA-1,3.67019,3.165372,3,Homeostatic-B,S2,Surgery,Combined exposure
S2_TCTTGCGTCGAACGGA-1,4.8449025,0.055355366,4,Homeostatic-C,S2,Surgery,Combined exposure
S2_TCTTTGACACATTCTT-1,3.014392,-0.708266,4,Homeostatic-C,S2,Surgery,Combined exposure
S2_TGAACGTTCATCACAG-1,-0.44351485,6.2272396,0,Inflammatory,S2,Surgery,Combined exposure
S2_TGAATCGCACAAGCCC-1,1.7539619,2.9536717,3,Homeostatic-B,S2,Surgery,Combined exposure
S2_TGAATCGTCGCCAGTG-1,1.8737179,10.010071,0,Inflammatory,S2,Surgery,Combined exposure
S2_TGAATGCAGGCATCGA-1,-0.4381488,2.3382642,1,Transitional-A,S2,Surgery,Combined exposure
S2_TGAATGCTCTGGCCAG-1,1.0033367,10.1422415,0,Inflammatory,S2,Surgery,Combined exposure
S2_TGACAGTCAGTTTCAG-1,-0.4992664,3.209489,1,Transitional-A,S2,Surgery,Combined exposure
S2_TGACAGTGTCCGTACG-1,-2.3678403,1.5410472,1,Transitional-A,S2,Surgery,Combined exposure
S2_TGACAGTGTGAGCAGT-1,0.5587038,2.7456596,1,Transitional-A,S2,Surgery,Combined exposure
S2_TGACGCGAGGGCAGGA-1,1.3493433,-2.174053,4,Homeostatic-C,S2,Surgery,Combined exposure
S2_TGACGCGGTAGTATAG-1,2.4999297,0.88036436,4,Homeostatic-C,S2,Surgery,Combined exposure
S2_TGACGCGGTCTACACA-1,-1.8728051,1.206973,1,Transitional-A,S2,Surgery,Combined exposure
S2_TGACTCCGTGCATTTG-1,8.154804,2.522008,6,Rare,S2,Surgery,Combined exposure
S2_TGACTCCTCTACCACC-1,0.49089137,3.522327,1,Transitional-A,S2,Surgery,Combined exposure
S2_TGAGACTAGGGTTGCA-1,0.8248692,-1.8916017,4,Homeostatic-C,S2,Surgery,Combined exposure
S2_TGAGACTCACACGCCA-1,2.2090676,8.10032,0,Inflammatory,S2,Surgery,Combined exposure
S2_TGAGACTTCCTAGCGG-1,-0.0054152193,-1.4627339,4,Homeostatic-C,S2,Surgery,Combined exposure
S2_TGAGCATCAACGACAG-1,4.5947337,12.381214,0,Inflammatory,S2,Surgery,Combined exposure
S2_TGAGCATCAGTTCTAG-1,0.19768621,3.3010812,1,Transitional-A,S2,Surgery,Combined exposure
S2_TGAGCATCATTAAGCC-1,1.7511408,-1.0362521,4,Homeostatic-C,S2,Surgery,Combined exposure
S2_TGAGCATGTGATTGGG-1,3.9031575,6.317978,2,Homeostatic-A,S2,Surgery,Combined exposure
S2_TGAGCGCAGGTAGGCT-1,1.9143755,-1.8337162,4,Homeostatic-C,S2,Surgery,Combined exposure
S2_TGAGGGATCCTGCTAC-1,1.4525155,3.6227465,3,Homeostatic-B,S2,Surgery,Combined exposure
S2_TGAGGTTAGGCCCAAA-1,1.657461,0.2446778,4,Homeostatic-C,S2,Surgery,Combined exposure
S2_TGAGGTTCATATGAAG-1,2.6343548,0.2182734,4,Homeostatic-C,S2,Surgery,Combined exposure
S2_TGAGGTTTCGCTTGCT-1,-0.1260453,-0.36031255,1,Transitional-A,S2,Surgery,Combined exposure
S2_TGAGTCAAGAACTTCC-1,1.3988396,10.147033,0,Inflammatory,S2,Surgery,Combined exposure
S2_TGATCAGAGTCATAGA-1,-0.25045308,5.2452974,0,Inflammatory,S2,Surgery,Combined exposure
S2_TGATCTTAGGTTGTTC-1,0.30819055,-0.09700188,4,Homeostatic-C,S2,Surgery,Combined exposure
S2_TGATCTTAGTGGGAAA-1,7.5390935,1.8987551,5,Transitional-B,S2,Surgery,Combined exposure
S2_TGATCTTTCGTGGTAT-1,0.6208137,-0.40244323,4,Homeostatic-C,S2,Surgery,Combined exposure
S2_TGATGCAAGTCGCGAA-1,0.7755287,7.3141932,0,Inflammatory,S2,Surgery,Combined exposure
S2_TGATGCAAGTGGTCAG-1,-1.7996961,3.259768,1,Transitional-A,S2,Surgery,Combined exposure
S2_TGATGCACACGAGGAT-1,-1.7885469,0.55347216,1,Transitional-A,S2,Surgery,Combined exposure
S2_TGATGGTGTACACTCA-1,-1.643549,-0.47725028,1,Transitional-A,S2,Surgery,Combined exposure
S2_TGATGGTTCATGTCAG-1,2.909762,-0.19016309,4,Homeostatic-C,S2,Surgery,Combined exposure
S2_TGATGGTTCCCTGTTG-1,-0.8701313,2.0812104,1,Transitional-A,S2,Surgery,Combined exposure
S2_TGATTCTTCCTTATGT-1,4.700131,4.654213,2,Homeostatic-A,S2,Surgery,Combined exposure
S2_TGCAGATAGCGATGAC-1,0.09130895,0.45534134,1,Transitional-A,S2,Surgery,Combined exposure
S2_TGCAGATCACGCGTGT-1,-2.028221,3.1548715,1,Transitional-A,S2,Surgery,Combined exposure
S2_TGCAGATTCTGTTGGA-1,2.0315661,2.7181315,3,Homeostatic-B,S2,Surgery,Combined exposure
S2_TGCAGTAAGCTCATAC-1,0.2819836,5.373983,0,Inflammatory,S2,Surgery,Combined exposure
S2_TGCATCCAGCGAACTG-1,6.62613,2.904208,2,Homeostatic-A,S2,Surgery,Combined exposure
S2_TGCATCCAGTGCGACA-1,1.8415183,2.5911791,3,Homeostatic-B,S2,Surgery,Combined exposure
S2_TGCATCCAGTTAGTAG-1,1.7573963,1.559659,4,Homeostatic-C,S2,Surgery,Combined exposure
S2_TGCATCCCATCATTTC-1,-1.6079437,-0.18534514,1,Transitional-A,S2,Surgery,Combined exposure
S2_TGCATCCGTCAGACGA-1,2.7880337,-1.7684025,4,Homeostatic-C,S2,Surgery,Combined exposure
S2_TGCATCCGTCGAACAG-1,2.73709,3.0673614,3,Homeostatic-B,S2,Surgery,Combined exposure
S2_TGCATGACAACTCCCT-1,-1.7531955,-0.24193172,1,Transitional-A,S2,Surgery,Combined exposure
S2_TGCATGACAAGGCGTA-1,2.8626113,0.18711169,4,Homeostatic-C,S2,Surgery,Combined exposure
S2_TGCCGAGAGGTCCAGA-1,0.9672217,7.0474935,0,Inflammatory,S2,Surgery,Combined exposure
S2_TGCCGAGCAGCATACT-1,-1.2227098,-1.2169315,1,Transitional-A,S2,Surgery,Combined exposure
S2_TGCGACGAGATACGAT-1,-1.4129719,-1.4397527,1,Transitional-A,S2,Surgery,Combined exposure
S2_TGCGACGAGTTCACTG-1,1.1234401,5.1814747,3,Homeostatic-B,S2,Surgery,Combined exposure
S2_TGCGACGGTGTTAAAG-1,3.079259,-1.0187585,4,Homeostatic-C,S2,Surgery,Combined exposure
S2_TGCGATAGTATTGGCT-1,3.9877129,2.66221,3,Homeostatic-B,S2,Surgery,Combined exposure
S2_TGCGGCATCTCAACGA-1,2.4759326,2.3507707,3,Homeostatic-B,S2,Surgery,Combined exposure
S2_TGCGGGTAGTGACCTT-1,-0.46904257,2.0491672,1,Transitional-A,S2,Surgery,Combined exposure
S2_TGCGGGTCATGTTCGA-1,-0.5612488,-1.5165963,1,Transitional-A,S2,Surgery,Combined exposure
S2_TGCGGGTGTTCTCTCG-1,1.2134205,7.1709886,0,Inflammatory,S2,Surgery,Combined exposure
S2_TGCTCCAAGGTTCACT-1,-0.6884098,4.124305,1,Transitional-A,S2,Surgery,Combined exposure
S2_TGCTCCAGTGCAACGA-1,2.3157787,-1.522236,4,Homeostatic-C,S2,Surgery,Combined exposure
S2_TGCTCGTAGTTCGGTT-1,10.369637,1.8555777,6,Rare,S2,Surgery,Combined exposure
S2_TGCTCGTGTGTTAGCT-1,10.459513,1.8207283,6,Rare,S2,Surgery,Combined exposure
S2_TGCTGAAGTAATCAAG-1,2.5613089000000002,6.858791,2,Homeostatic-A,S2,Surgery,Combined exposure
S2_TGCTTGCCAGGAATCG-1,-0.22741838,0.40490055,1,Transitional-A,S2,Surgery,Combined exposure
S2_TGCTTGCTCGACGCGT-1,2.3569655,2.8505156,3,Homeostatic-B,S2,Surgery,Combined exposure
S2_TGGAACTCAGCCCACA-1,-0.56714064,0.04946174,1,Transitional-A,S2,Surgery,Combined exposure
S2_TGGAACTCATCGGCCA-1,-0.88119847,-0.92921436,1,Transitional-A,S2,Surgery,Combined exposure
S2_TGGAGAGAGGTCTGGA-1,-1.9780861,4.369297,1,Transitional-A,S2,Surgery,Combined exposure
S2_TGGAGGAAGTGTTCCA-1,9.503289,1.5927128,6,Rare,S2,Surgery,Combined exposure
S2_TGGAGGATCATGAGTC-1,2.2802172,1.1492392,3,Homeostatic-B,S2,Surgery,Combined exposure
S2_TGGATCACACGCGGTT-1,3.948513,3.4242172,3,Homeostatic-B,S2,Surgery,Combined exposure
S2_TGGATCAGTGTGTGGA-1,5.8264174,-1.400855,5,Transitional-B,S2,Surgery,Combined exposure
S2_TGGATCAGTTGGACCC-1,0.20889433,9.250091,0,Inflammatory,S2,Surgery,Combined exposure
S2_TGGATCATCAATGCAC-1,2.0068147,1.3451364,4,Homeostatic-C,S2,Surgery,Combined exposure
S2_TGGATCATCTGTGTGA-1,0.11582259,-1.7722498,4,Homeostatic-C,S2,Surgery,Combined exposure
S2_TGGATGTCAACTCCAA-1,-0.9278313,5.5453033,0,Inflammatory,S2,Surgery,Combined exposure
S2_TGGATGTGTAGCGAGT-1,-2.3413186,1.4282149,1,Transitional-A,S2,Surgery,Combined exposure
S2_TGGATGTGTGTGTGGA-1,7.566646,-0.16864361,5,Transitional-B,S2,Surgery,Combined exposure
S2_TGGCGTGAGCTCGTGC-1,-0.4362715,1.3203353,1,Transitional-A,S2,Surgery,Combined exposure
S2_TGGCGTGCACTTACAG-1,-1.570551,0.8316353,1,Transitional-A,S2,Surgery,Combined exposure
S2_TGGCGTGGTGCAGGAT-1,1.5120823,0.91375273,4,Homeostatic-C,S2,Surgery,Combined exposure
S2_TGGGAAGCAACACAGG-1,1.8452774,-1.9742075,4,Homeostatic-C,S2,Surgery,Combined exposure
S2_TGGGAAGGTTGGGCCT-1,3.2742727,-1.3642353,4,Homeostatic-C,S2,Surgery,Combined exposure
S2_TGGGAAGGTTTCGCTC-1,-1.2026888,-0.80602646,1,Transitional-A,S2,Surgery,Combined exposure
S2_TGGGAAGTCTACTATC-1,3.3045452,-1.211918,4,Homeostatic-C,S2,Surgery,Combined exposure
S2_TGGGAGATCTTGAACG-1,7.2539296,-1.7620245,5,Transitional-B,S2,Surgery,Combined exposure
S2_TGGGATTAGCTTTGTG-1,2.1547327,4.7907405,3,Homeostatic-B,S2,Surgery,Combined exposure
S2_TGGGATTAGGGACTGT-1,-1.9669944,0.13054581,1,Transitional-A,S2,Surgery,Combined exposure
S2_TGGGCGTCAACGTAAA-1,-1.4088092,-0.9275912,1,Transitional-A,S2,Surgery,Combined exposure
S2_TGGGCGTCACTCTAGA-1,2.6276884,4.3280997,3,Homeostatic-B,S2,Surgery,Combined exposure
S2_TGGGCGTGTTGTCCCT-1,3.5592744,1.3603779,3,Homeostatic-B,S2,Surgery,Combined exposure
S2_TGGGTTAGTGATCATC-1,-0.66679424,4.274252,1,Transitional-A,S2,Surgery,Combined exposure
S2_TGGTACAAGACTGAGC-1,1.0020226,-1.0483581,4,Homeostatic-C,S2,Surgery,Combined exposure
S2_TGGTACAAGCTGCCTG-1,5.4454246,-0.83525604,5,Transitional-B,S2,Surgery,Combined exposure
S2_TGGTACAGTGGCGCTT-1,-1.9431177,2.84649,1,Transitional-A,S2,Surgery,Combined exposure
S2_TGGTACATCTTTCGAT-1,0.61022294,-2.3826578,4,Homeostatic-C,S2,Surgery,Combined exposure
S2_TGGTAGTCACACAGAG-1,-0.15871757,2.319225,1,Transitional-A,S2,Surgery,Combined exposure
S2_TGGTGATAGTTTCAGC-1,-1.7836946,3.1734462,1,Transitional-A,S2,Surgery,Combined exposure
S2_TGGTTAGGTAGACGGT-1,1.7271634,5.966352,0,Inflammatory,S2,Surgery,Combined exposure
S2_TGTAACGAGAGAGAAC-1,-0.22465035,-1.2070982,4,Homeostatic-C,S2,Surgery,Combined exposure
S2_TGTAACGAGATTGCGG-1,2.733629,1.0750083,4,Homeostatic-C,S2,Surgery,Combined exposure
S2_TGTAACGAGTCATGCT-1,1.0239767,-1.7673483,4,Homeostatic-C,S2,Surgery,Combined exposure
S2_TGTAACGTCGGATACT-1,2.2829967,8.19921,0,Inflammatory,S2,Surgery,Combined exposure
S2_TGTAAGCAGTTCCGTA-1,-1.9468925,2.5789762,1,Transitional-A,S2,Surgery,Combined exposure
S2_TGTAAGCTCACCATGA-1,3.070366,0.4016554,4,Homeostatic-C,S2,Surgery,Combined exposure
S2_TGTACAGAGCATGTTC-1,0.77621883,8.783966,0,Inflammatory,S2,Surgery,Combined exposure
S2_TGTACAGGTCTGTCAA-1,1.2731931,0.31765783,4,Homeostatic-C,S2,Surgery,Combined exposure
S2_TGTAGACCAAGTTTGC-1,3.4939098,-0.01457631,4,Homeostatic-C,S2,Surgery,Combined exposure
S2_TGTCAGAAGAGAACCC-1,1.9553362,2.0946484,3,Homeostatic-B,S2,Surgery,Combined exposure
S2_TGTCAGATCTTCCTAA-1,3.6475568,3.0265014,3,Homeostatic-B,S2,Surgery,Combined exposure
S2_TGTCCACTCTCCCAAC-1,8.415602,-0.78230923,5,Transitional-B,S2,Surgery,Combined exposure
S2_TGTCCCAAGAGCAACC-1,-1.8878213,4.832372,1,Transitional-A,S2,Surgery,Combined exposure
S2_TGTCCCAAGCTCCCTT-1,-0.27446374,8.3828945,0,Inflammatory,S2,Surgery,Combined exposure
S2_TGTCCCATCCCATTCG-1,0.59935844,7.286502,0,Inflammatory,S2,Surgery,Combined exposure
S2_TGTCCTGAGAGGACTC-1,-0.8143241,-2.0308058,1,Transitional-A,S2,Surgery,Combined exposure
S2_TGTGAGTAGAAGAGCA-1,2.6890745,0.7823681,4,Homeostatic-C,S2,Surgery,Combined exposure
S2_TGTGAGTAGGGAGGAC-1,3.9002416,2.1819448,3,Homeostatic-B,S2,Surgery,Combined exposure
S2_TGTGAGTAGTCCGCGT-1,-1.6831591,1.3810911,1,Transitional-A,S2,Surgery,Combined exposure
S2_TGTGAGTTCAGCTGAT-1,2.8799267,5.6892333,0,Inflammatory,S2,Surgery,Combined exposure
S2_TGTGATGCATCCTTGC-1,-0.60365117,3.7370832,1,Transitional-A,S2,Surgery,Combined exposure
S2_TGTGATGGTGGTCTGC-1,7.874757,0.27912503,5,Transitional-B,S2,Surgery,Combined exposure
S2_TGTGCGGGTACGAAAT-1,1.5318604,8.950915,0,Inflammatory,S2,Surgery,Combined exposure
S2_TGTGCGGGTATGTCTG-1,-0.46706426,8.366075,0,Inflammatory,S2,Surgery,Combined exposure
S2_TGTGCGGTCTTCTCAA-1,-0.9314089,-1.7279935,1,Transitional-A,S2,Surgery,Combined exposure
S2_TGTGGCGAGTATCCTG-1,-2.1579642,3.7672484,1,Transitional-A,S2,Surgery,Combined exposure
S2_TGTGGCGGTTGCGGAA-1,1.5687152,7.969773,0,Inflammatory,S2,Surgery,Combined exposure
S2_TGTGTGAAGGCTGTAG-1,1.0585535,-0.68992245,4,Homeostatic-C,S2,Surgery,Combined exposure
S2_TGTGTGACATCCAATG-1,1.5568293,5.0181904,3,Homeostatic-B,S2,Surgery,Combined exposure
S2_TGTGTGATCGAAGCCC-1,8.16402,0.76427275,5,Transitional-B,S2,Surgery,Combined exposure
S2_TGTTACTAGGTGCCTC-1,1.3369775,6.5898046,0,Inflammatory,S2,Surgery,Combined exposure
S2_TGTTACTAGGTTGGTG-1,0.8987784,-0.3925107,4,Homeostatic-C,S2,Surgery,Combined exposure
S2_TGTTACTTCGTTGTGA-1,0.76495254,2.4095118,3,Homeostatic-B,S2,Surgery,Combined exposure
S2_TGTTCATTCGAAGTGG-1,0.69605756,-0.8927104,4,Homeostatic-C,S2,Surgery,Combined exposure
S2_TGTTCCGAGACCTCAT-1,-1.692879,1.5134106,1,Transitional-A,S2,Surgery,Combined exposure
S2_TGTTCCGAGCCTGAGA-1,-1.3559715,0.4221109,1,Transitional-A,S2,Surgery,Combined exposure
S2_TGTTCCGCATGATCTG-1,4.712912,-1.6646835,4,Homeostatic-C,S2,Surgery,Combined exposure
S2_TGTTCTAGTGTTACAC-1,3.4258468,6.12891,2,Homeostatic-A,S2,Surgery,Combined exposure
S2_TGTTGAGAGTGGATTA-1,0.7625269,3.228277,3,Homeostatic-B,S2,Surgery,Combined exposure
S2_TGTTGAGCATCGATCA-1,1.5212573,5.1674504,3,Homeostatic-B,S2,Surgery,Combined exposure
S2_TGTTTGTTCCACCTGT-1,5.5736485,5.735766,2,Homeostatic-A,S2,Surgery,Combined exposure
S2_TGTTTGTTCGTAGGAG-1,-1.1426544,4.318127,1,Transitional-A,S2,Surgery,Combined exposure
S2_TGTTTGTTCTAGTACG-1,4.210441,3.1165228,3,Homeostatic-B,S2,Surgery,Combined exposure
S2_TTAATCCGTTCTTGTT-1,5.9633617,-1.4413354,5,Transitional-B,S2,Surgery,Combined exposure
S2_TTAATCCGTTGCACGC-1,3.9890053,0.49720597,4,Homeostatic-C,S2,Surgery,Combined exposure
S2_TTACCATCAAGAGTAT-1,3.5005744,0.25055483,4,Homeostatic-C,S2,Surgery,Combined exposure
S2_TTACCGCTCAAAGAAC-1,7.232337,-0.5828871,5,Transitional-B,S2,Surgery,Combined exposure
S2_TTACGCCGTGACCTGC-1,-1.3547472,0.97806895,1,Transitional-A,S2,Surgery,Combined exposure
S2_TTACGTTAGCGAACTG-1,0.63938373,1.0750629,1,Transitional-A,S2,Surgery,Combined exposure
S2_TTACGTTCAACAAGTA-1,1.1039392,-0.47144216,4,Homeostatic-C,S2,Surgery,Combined exposure
S2_TTACTGTAGCACTCCG-1,-1.5217177,1.0550483,1,Transitional-A,S2,Surgery,Combined exposure
S2_TTACTGTCAGTCTGGC-1,-0.30007988,-2.1808498,4,Homeostatic-C,S2,Surgery,Combined exposure
S2_TTAGGCAAGCGATCGA-1,3.5178964,1.1408541,3,Homeostatic-B,S2,Surgery,Combined exposure
S2_TTAGGCAAGGTTCCAT-1,2.687905,3.9568136,3,Homeostatic-B,S2,Surgery,Combined exposure
S2_TTAGGGTAGTTCATCG-1,-0.5953426,-0.019747104,1,Transitional-A,S2,Surgery,Combined exposure
S2_TTAGGGTGTTTGAAAG-1,-1.9791104,0.8596593,1,Transitional-A,S2,Surgery,Combined exposure
S2_TTAGGGTTCTCGTGGG-1,8.239569,0.4786723,5,Transitional-B,S2,Surgery,Combined exposure
S2_TTAGTCTAGACATGCG-1,-0.6986545,4.0296926,1,Transitional-A,S2,Surgery,Combined exposure
S2_TTAGTCTAGCCTAGGA-1,3.5429294,1.974297,3,Homeostatic-B,S2,Surgery,Combined exposure
S2_TTAGTCTCACGCGTGT-1,1.0957028,4.159982,3,Homeostatic-B,S2,Surgery,Combined exposure
S2_TTAGTCTGTAGACACG-1,1.5444666,3.159018,3,Homeostatic-B,S2,Surgery,Combined exposure
S2_TTAGTCTGTGGTAACG-1,1.7464607,3.5781791,3,Homeostatic-B,S2,Surgery,Combined exposure
S2_TTAGTCTGTTATGACC-1,3.6702256,1.2649962,3,Homeostatic-B,S2,Surgery,Combined exposure
S2_TTATTGCCAGGAGACT-1,0.74973667,0.16803145,4,Homeostatic-C,S2,Surgery,Combined exposure
S2_TTCAATCCAAGAGGTC-1,3.0463212,12.296024,0,Inflammatory,S2,Surgery,Combined exposure
S2_TTCAATCCAAGCTACT-1,5.069329,1.3390323,3,Homeostatic-B,S2,Surgery,Combined exposure
S2_TTCAATCGTACGGCAA-1,-1.6184176,6.4061966,0,Inflammatory,S2,Surgery,Combined exposure
S2_TTCAATCGTCTGCGCA-1,2.5774457,0.9519475,4,Homeostatic-C,S2,Surgery,Combined exposure
S2_TTCAATCGTTCTCCAC-1,0.22497584,4.7273107,1,Transitional-A,S2,Surgery,Combined exposure
S2_TTCAATCGTTGCACGC-1,0.5510276,0.13964134,4,Homeostatic-C,S2,Surgery,Combined exposure
S2_TTCAATCTCCCGGTAG-1,1.168893,-0.09306796,4,Homeostatic-C,S2,Surgery,Combined exposure
S2_TTCACCGGTATGCTAC-1,-0.4344704,2.411303,1,Transitional-A,S2,Surgery,Combined exposure
S2_TTCAGGAGTGAGATTA-1,6.1036434,-0.28783518,5,Transitional-B,S2,Surgery,Combined exposure
S2_TTCATGTAGTTGTCAC-1,0.568254,0.57114655,4,Homeostatic-C,S2,Surgery,Combined exposure
S2_TTCATGTGTGTATCCA-1,0.30408052,6.434109,0,Inflammatory,S2,Surgery,Combined exposure
S2_TTCATTGAGTTTGTCG-1,3.3009112,8.51348,0,Inflammatory,S2,Surgery,Combined exposure
S2_TTCCAATCAGAATTCC-1,4.302002,12.087928,0,Inflammatory,S2,Surgery,Combined exposure
S2_TTCCAATTCGCTAAAC-1,0.04601739,2.0448563,1,Transitional-A,S2,Surgery,Combined exposure
S2_TTCCACGCATGGTACT-1,-0.15518731,-0.10569222,4,Homeostatic-C,S2,Surgery,Combined exposure
S2_TTCCGGTTCGAATCCA-1,-2.483693,2.476049,1,Transitional-A,S2,Surgery,Combined exposure
S2_TTCCGTGAGATTAGCA-1,0.25598657,-0.80441487,4,Homeostatic-C,S2,Surgery,Combined exposure
S2_TTCCGTGGTCACGCTG-1,2.9128792,-1.3889968,4,Homeostatic-C,S2,Surgery,Combined exposure
S2_TTCCGTGTCCACGGGT-1,4.7545567,-0.6901888,5,Transitional-B,S2,Surgery,Combined exposure
S2_TTCCTAAAGCCAAGTG-1,0.38310948,3.3214722,3,Homeostatic-B,S2,Surgery,Combined exposure
S2_TTCCTAACATAATGCC-1,-1.3257638,-0.62947816,1,Transitional-A,S2,Surgery,Combined exposure
S2_TTCCTAATCCGTGTAA-1,-0.7718257,0.13623175,1,Transitional-A,S2,Surgery,Combined exposure
S2_TTCCTCTAGACTCTTG-1,7.982584,-0.34254983,5,Transitional-B,S2,Surgery,Combined exposure
S2_TTCCTTCCACACACTA-1,-0.822079,1.8791244,1,Transitional-A,S2,Surgery,Combined exposure
S2_TTCCTTCGTAACCCGC-1,2.8689365,-2.2779062,4,Homeostatic-C,S2,Surgery,Combined exposure
S2_TTCCTTCGTTCCACAA-1,-1.6983405,0.10568652,1,Transitional-A,S2,Surgery,Combined exposure
S2_TTCCTTCGTTTGGCTA-1,-2.085023,0.57333535,1,Transitional-A,S2,Surgery,Combined exposure
S2_TTCGATTCAATTCTCT-1,0.36734214,-0.8965371,4,Homeostatic-C,S2,Surgery,Combined exposure
S2_TTCGATTCATAAGATG-1,6.3733473,0.9639836,5,Transitional-B,S2,Surgery,Combined exposure
S2_TTCGATTGTGTACATC-1,4.1264825,1.5726255,3,Homeostatic-B,S2,Surgery,Combined exposure
S2_TTCGGTCAGGTTGCCC-1,-1.720986,7.0531926,0,Inflammatory,S2,Surgery,Combined exposure
S2_TTCGGTCGTTCAGGTT-1,2.355994,8.312185,0,Inflammatory,S2,Surgery,Combined exposure
S2_TTCGGTCTCCCGATCT-1,2.951512,3.3865535,3,Homeostatic-B,S2,Surgery,Combined exposure
S2_TTCTAGTTCCGAGAAG-1,7.061781,0.15001413,5,Transitional-B,S2,Surgery,Combined exposure
S2_TTCTCTCGTACGAAAT-1,0.4494172,3.202756,3,Homeostatic-B,S2,Surgery,Combined exposure
S2_TTCTCTCTCACTTGTT-1,-0.22923012,1.8679651,1,Transitional-A,S2,Surgery,Combined exposure
S2_TTCTCTCTCCTGTTAT-1,-1.1908458,-1.0069523,1,Transitional-A,S2,Surgery,Combined exposure
S2_TTCTTCCAGACGACTG-1,-1.9429637,-0.87703294,1,Transitional-A,S2,Surgery,Combined exposure
S2_TTCTTCCAGTTTCGGT-1,2.2816784,3.0511723,3,Homeostatic-B,S2,Surgery,Combined exposure
S2_TTCTTCCCACGCGTGT-1,5.725254,-0.50436634,5,Transitional-B,S2,Surgery,Combined exposure
S2_TTCTTCCGTGACCGTC-1,4.506582,2.689919,3,Homeostatic-B,S2,Surgery,Combined exposure
S2_TTCTTGAAGATGTTCC-1,-0.46979707,6.9851437,0,Inflammatory,S2,Surgery,Combined exposure
S2_TTCTTGACAGATCACT-1,1.7800555,2.039885,4,Homeostatic-C,S2,Surgery,Combined exposure
S2_TTGAACGAGGCCTTCG-1,2.6897368,-2.246822,4,Homeostatic-C,S2,Surgery,Combined exposure
S2_TTGAACGGTGATACAA-1,-1.0637492,4.1487083,1,Transitional-A,S2,Surgery,Combined exposure
S2_TTGACCCAGGAACATT-1,-0.9037946,2.113712,1,Transitional-A,S2,Surgery,Combined exposure
S2_TTGACCCTCTGACGCG-1,2.058304,-1.1904781,4,Homeostatic-C,S2,Surgery,Combined exposure
S2_TTGAGTGTCCTGATAG-1,0.34178376,-0.2894325,4,Homeostatic-C,S2,Surgery,Combined exposure
S2_TTGAGTGTCGACTCCT-1,2.110107,4.4182963,3,Homeostatic-B,S2,Surgery,Combined exposure
S2_TTGATGGCATCTGTTT-1,1.5597135,7.356562,0,Inflammatory,S2,Surgery,Combined exposure
S2_TTGATGGGTGAACTAA-1,-0.8462074,-0.87471664,1,Transitional-A,S2,Surgery,Combined exposure
S2_TTGATGGGTTGTGTAC-1,3.518141,-0.62515146,4,Homeostatic-C,S2,Surgery,Combined exposure
S2_TTGATGGTCCCGAGAC-1,1.0262033,6.8606563,0,Inflammatory,S2,Surgery,Combined exposure
S2_TTGCATTTCTCTATAC-1,0.8168906,5.978268,0,Inflammatory,S2,Surgery,Combined exposure
S2_TTGCCTGCACAGTACT-1,0.7473785,0.6718969,4,Homeostatic-C,S2,Surgery,Combined exposure
S2_TTGCCTGCACGCGCTA-1,7.6880717,-1.1826227,5,Transitional-B,S2,Surgery,Combined exposure
S2_TTGCGTCAGATCCCGC-1,-0.86833036,6.4557967,0,Inflammatory,S2,Surgery,Combined exposure
S2_TTGCGTCAGCTGAGCA-1,0.3997196,0.06856553,4,Homeostatic-C,S2,Surgery,Combined exposure
S2_TTGCTGCGTAATCAAG-1,1.284295,-0.26560995,4,Homeostatic-C,S2,Surgery,Combined exposure
S2_TTGGATGAGTGGTCAG-1,-1.8297399,5.3750753,0,Inflammatory,S2,Surgery,Combined exposure
S2_TTGGGCGGTGGGACAT-1,-1.0970845,-1.6588445,1,Transitional-A,S2,Surgery,Combined exposure
S2_TTGTGGACAAGTGCTT-1,0.026075616,-0.16175154,4,Homeostatic-C,S2,Surgery,Combined exposure
S2_TTGTGTTGTCGAGCAA-1,3.313481,5.644041,2,Homeostatic-A,S2,Surgery,Combined exposure
S2_TTGTGTTTCATGGAGG-1,0.83606124,5.8014326,0,Inflammatory,S2,Surgery,Combined exposure
S2_TTGTGTTTCGCAATGT-1,2.5126677,0.32622924,4,Homeostatic-C,S2,Surgery,Combined exposure
S2_TTGTTGTCACCGTCTT-1,0.24306409,4.8096743,0,Inflammatory,S2,Surgery,Combined exposure
S2_TTGTTGTGTCCACTCT-1,-0.9483802,-0.65789276,1,Transitional-A,S2,Surgery,Combined exposure
S2_TTGTTGTGTTTAGTCG-1,1.1242447,-1.4155054,4,Homeostatic-C,S2,Surgery,Combined exposure
S2_TTGTTTGAGCCTCTTC-1,5.117784,2.0165130000000002,3,Homeostatic-B,S2,Surgery,Combined exposure
S2_TTGTTTGAGCGCCTTG-1,5.210839,0.35215992,5,Transitional-B,S2,Surgery,Combined exposure
S2_TTGTTTGCACATTGTG-1,0.78276587,1.3479376,1,Transitional-A,S2,Surgery,Combined exposure
S2_TTGTTTGCATAATCGC-1,1.6918889,2.573906,3,Homeostatic-B,S2,Surgery,Combined exposure
S2_TTGTTTGGTCAAGTTC-1,3.3642638,-1.3017086,4,Homeostatic-C,S2,Surgery,Combined exposure
S2_TTTACGTAGGTCCCTG-1,-0.4505346,-0.4169785,1,Transitional-A,S2,Surgery,Combined exposure
S2_TTTACTGCATTCACAG-1,4.259977,1.1190345,3,Homeostatic-B,S2,Surgery,Combined exposure
S2_TTTACTGGTATCGCAT-1,-0.59050363,-0.21655147,1,Transitional-A,S2,Surgery,Combined exposure
S2_TTTAGTCAGCAAATCA-1,1.7777704,0.87928057,4,Homeostatic-C,S2,Surgery,Combined exposure
S2_TTTAGTCCAGCACAAG-1,3.4921205,-0.4684127,4,Homeostatic-C,S2,Surgery,Combined exposure
S2_TTTAGTCCATTGCCGG-1,-0.3509033,6.9481235,0,Inflammatory,S2,Surgery,Combined exposure
S2_TTTATGCAGTATTGCC-1,3.598465,-0.2665133,4,Homeostatic-C,S2,Surgery,Combined exposure
S2_TTTCACAAGCTGGAGT-1,4.0186086,5.1147523,2,Homeostatic-A,S2,Surgery,Combined exposure
S2_TTTCACACAGTTCTAG-1,-1.243395,4.035653,1,Transitional-A,S2,Surgery,Combined exposure
S2_TTTCATGGTCTACGTA-1,6.7166567,-0.37238625,5,Transitional-B,S2,Surgery,Combined exposure
S2_TTTCATGGTCTCAAGT-1,0.68384576,4.3434286,3,Homeostatic-B,S2,Surgery,Combined exposure
S2_TTTCCTCAGGGTAGCT-1,6.1748314,0.8991834,5,Transitional-B,S2,Surgery,Combined exposure
S2_TTTCCTCTCTATTGTC-1,1.0031477,2.4646468,3,Homeostatic-B,S2,Surgery,Combined exposure
S2_TTTGGAGAGATAACGT-1,4.537011,1.6553513,3,Homeostatic-B,S2,Surgery,Combined exposure
S2_TTTGGAGCAAGGCGTA-1,6.9074254,4.147615,2,Homeostatic-A,S2,Surgery,Combined exposure
S2_TTTGGTTAGTGGCCTC-1,0.9808544,0.28420696,4,Homeostatic-C,S2,Surgery,Combined exposure
S2_TTTGGTTCAGCTCTGG-1,2.6374302,0.40094402,4,Homeostatic-C,S2,Surgery,Combined exposure
S2_TTTGGTTTCGAACGGA-1,7.806204,1.0408565,5,Transitional-B,S2,Surgery,Combined exposure
S3_AAACCCACAGGTGAGT-1,4.6449833,6.6977969999999996,2,Homeostatic-A,S3,Surgery,Combined exposure
S3_AAACGAAGTCAGACGA-1,2.6747186,9.429387,0,Inflammatory,S3,Surgery,Combined exposure
S3_AAACGAATCCGACATA-1,3.8186116,5.4050217,2,Homeostatic-A,S3,Surgery,Combined exposure
S3_AAAGAACCAACACAGG-1,-1.2186995,7.67828,0,Inflammatory,S3,Surgery,Combined exposure
S3_AAAGGGCTCTTGCAAG-1,4.441009,6.4857683,2,Homeostatic-A,S3,Surgery,Combined exposure
S3_AAAGGTAAGGGTTGCA-1,3.9525805,10.871188,0,Inflammatory,S3,Surgery,Combined exposure
S3_AAAGGTACAGACAAAT-1,4.7639694,2.5970876,3,Homeostatic-B,S3,Surgery,Combined exposure
S3_AAAGTCCAGCATAGGC-1,3.6622658,6.9348593,2,Homeostatic-A,S3,Surgery,Combined exposure
S3_AAAGTCCAGCATTTCG-1,2.8833864,12.371678,0,Inflammatory,S3,Surgery,Combined exposure
S3_AAATGGACATAGATCC-1,2.6436,12.410699,0,Inflammatory,S3,Surgery,Combined exposure
S3_AACAAAGTCACCTGTC-1,3.113557,5.5369267,2,Homeostatic-A,S3,Surgery,Combined exposure
S3_AACAACCGTACAGGTG-1,-0.51759404,5.8813653,0,Inflammatory,S3,Surgery,Combined exposure
S3_AACAACCTCCTACACC-1,1.4303952,9.33358,0,Inflammatory,S3,Surgery,Combined exposure
S3_AACAAGAGTAGCCAGA-1,3.7987072,9.906262,0,Inflammatory,S3,Surgery,Combined exposure
S3_AACACACTCATGAGGG-1,5.8911605,1.8351926,5,Transitional-B,S3,Surgery,Combined exposure
S3_AACACACTCTCGCAGG-1,1.5574284,9.5366320000000009,0,Inflammatory,S3,Surgery,Combined exposure
S3_AACCAACAGTTTGTCG-1,2.91946,2.05559,3,Homeostatic-B,S3,Surgery,Combined exposure
S3_AACCAACCAGGCTACC-1,2.7518773,8.412492,0,Inflammatory,S3,Surgery,Combined exposure
S3_AACCAACTCAAGAATG-1,1.8290259,7.1706657,0,Inflammatory,S3,Surgery,Combined exposure
S3_AACCACAGTGACATCT-1,1.0671947,7.687303,0,Inflammatory,S3,Surgery,Combined exposure
S3_AACCATGAGAGTGGCT-1,5.817244,6.5794554,2,Homeostatic-A,S3,Surgery,Combined exposure
S3_AACCATGTCCATTTGT-1,2.9323552,7.8517995,2,Homeostatic-A,S3,Surgery,Combined exposure
S3_AACCCAAAGGCTAACG-1,0.66734755,8.696787,0,Inflammatory,S3,Surgery,Combined exposure
S3_AACCCAAAGTCTGTAC-1,7.1651306,0.3933578,5,Transitional-B,S3,Surgery,Combined exposure
S3_AACCCAACAGATTAAG-1,4.4276724,7.5445457,2,Homeostatic-A,S3,Surgery,Combined exposure
S3_AACCCAACAGATTTCG-1,5.6991696,8.157913,2,Homeostatic-A,S3,Surgery,Combined exposure
S3_AACCCAATCATCCCGT-1,0.114218146,10.047643,0,Inflammatory,S3,Surgery,Combined exposure
S3_AACCCAATCTCCTGCA-1,-0.70549774,4.0061107,1,Transitional-A,S3,Surgery,Combined exposure
S3_AACCTGATCTACTTCA-1,3.5618901,9.511466,0,Inflammatory,S3,Surgery,Combined exposure
S3_AACCTTTTCCTAAGTG-1,2.9359128,4.6828623,3,Homeostatic-B,S3,Surgery,Combined exposure
S3_AACGGGATCTTGAACG-1,3.1461453,10.910785,0,Inflammatory,S3,Surgery,Combined exposure
S3_AACTTCTAGGTCCTGC-1,2.7046235,4.5261774,3,Homeostatic-B,S3,Surgery,Combined exposure
S3_AACTTCTTCGTGCTCT-1,-0.0032285342,8.943876,0,Inflammatory,S3,Surgery,Combined exposure
S3_AAGACTCTCAGTGATC-1,2.5418189,6.373374,2,Homeostatic-A,S3,Surgery,Combined exposure
S3_AAGCATCTCTCCTGCA-1,1.8856528,9.322548,0,Inflammatory,S3,Surgery,Combined exposure
S3_AAGCCATTCCACAAGT-1,0.32764426,8.549121,0,Inflammatory,S3,Surgery,Combined exposure
S3_AAGCGAGGTGTCCAAT-1,-0.43305957,4.4606814,1,Transitional-A,S3,Surgery,Combined exposure
S3_AAGCGTTGTAACTTCG-1,1.2206566,4.40634,3,Homeostatic-B,S3,Surgery,Combined exposure
S3_AAGCGTTGTCTCAGAT-1,0.5072617,2.3920352,1,Transitional-A,S3,Surgery,Combined exposure
S3_AAGCGTTTCAGCTGTA-1,1.4952052,6.587699,0,Inflammatory,S3,Surgery,Combined exposure
S3_AAGCGTTTCCGATGCG-1,1.6712693,4.3835588,3,Homeostatic-B,S3,Surgery,Combined exposure
S3_AAGGAATAGTTTCGGT-1,6.7929673,0.72021234,5,Transitional-B,S3,Surgery,Combined exposure
S3_AAGGAATCATTCTGTT-1,3.7479968,9.763868,0,Inflammatory,S3,Surgery,Combined exposure
S3_AAGTACCAGCATCGAG-1,-1.6425916,4.7147603,1,Transitional-A,S3,Surgery,Combined exposure
S3_AAGTACCAGCTGGTGA-1,4.0984826,6.4728146,2,Homeostatic-A,S3,Surgery,Combined exposure
S3_AAGTCGTCATCACGGC-1,-1.1250931,4.2351155,1,Transitional-A,S3,Surgery,Combined exposure
S3_AATCACGTCTATACTC-1,2.5832858,6.5004544,2,Homeostatic-A,S3,Surgery,Combined exposure
S3_AATGAAGGTATGAGGC-1,2.825769,10.983211,0,Inflammatory,S3,Surgery,Combined exposure
S3_AATGAAGTCACTGGTA-1,3.9939406,9.060828,0,Inflammatory,S3,Surgery,Combined exposure
S3_AATGACCGTGTTCCTC-1,-0.16940108,5.689586,1,Transitional-A,S3,Surgery,Combined exposure
S3_AATGCCACAAAGACTA-1,6.211516,6.2390127,2,Homeostatic-A,S3,Surgery,Combined exposure
S3_AATGGCTAGGACGCAT-1,7.2409925,2.7572982,5,Transitional-B,S3,Surgery,Combined exposure
S3_AATTCCTTCTCGTGGG-1,3.1737075,4.5397983,2,Homeostatic-A,S3,Surgery,Combined exposure
S3_AATTTCCGTCTCACAA-1,1.423642,11.31726,0,Inflammatory,S3,Surgery,Combined exposure
S3_ACAAAGAAGGAAGTAG-1,2.9650757,6.2962914,2,Homeostatic-A,S3,Surgery,Combined exposure
S3_ACAAAGAGTCGGTGTC-1,4.02735,4.0487447,2,Homeostatic-A,S3,Surgery,Combined exposure
S3_ACAAAGATCTGGAAGG-1,1.8234504,11.115135,0,Inflammatory,S3,Surgery,Combined exposure
S3_ACAACCAGTTCTCTCG-1,-2.7863941,3.363144,1,Transitional-A,S3,Surgery,Combined exposure
S3_ACAAGCTAGCACTCCG-1,0.81552166,7.3903737,0,Inflammatory,S3,Surgery,Combined exposure
S3_ACACGCGGTACGACAG-1,-0.98078996,5.9673543,0,Inflammatory,S3,Surgery,Combined exposure
S3_ACACTGATCCGTTGAA-1,4.3198686,11.869671,0,Inflammatory,S3,Surgery,Combined exposure
S3_ACAGCCGCAGAGTTCT-1,0.020983683,0.6352664,1,Transitional-A,S3,Surgery,Combined exposure
S3_ACAGCCGCAGTCGGAA-1,3.523525,10.59947,0,Inflammatory,S3,Surgery,Combined exposure
S3_ACAGCCGGTTATGTGC-1,1.9535428,9.603822,0,Inflammatory,S3,Surgery,Combined exposure
S3_ACAGGGAGTGTGATGG-1,1.982886,4.445536,3,Homeostatic-B,S3,Surgery,Combined exposure
S3_ACATCCCCAGCACAAG-1,5.326861,5.6148233,2,Homeostatic-A,S3,Surgery,Combined exposure
S3_ACATCCCTCCCTTGTG-1,7.1233144,2.4296544,5,Transitional-B,S3,Surgery,Combined exposure
S3_ACATGCATCTGGGATT-1,10.308899,2.6727788,6,Rare,S3,Surgery,Combined exposure
S3_ACATTTCGTATCGAAA-1,4.767953,6.668749,2,Homeostatic-A,S3,Surgery,Combined exposure
S3_ACCAAACTCTCTCGCA-1,1.714981,6.012568,2,Homeostatic-A,S3,Surgery,Combined exposure
S3_ACCAACACAGTTGCGC-1,-0.93854773,3.1204083,1,Transitional-A,S3,Surgery,Combined exposure
S3_ACCACAACACAGCGCT-1,3.856777,4.0739765,3,Homeostatic-B,S3,Surgery,Combined exposure
S3_ACCCAAACAAGTGTCT-1,5.180833,-0.810631,5,Transitional-B,S3,Surgery,Combined exposure
S3_ACCCAAAGTTCCGCAG-1,3.1294713,6.3269477,2,Homeostatic-A,S3,Surgery,Combined exposure
S3_ACCCAAATCTCTCCGA-1,3.6023574,8.625453,0,Inflammatory,S3,Surgery,Combined exposure
S3_ACCCTCAAGCAAGTGC-1,4.0234623,12.945053,0,Inflammatory,S3,Surgery,Combined exposure
S3_ACCCTCATCGTTCGCT-1,1.6079859,6.4072194,0,Inflammatory,S3,Surgery,Combined exposure
S3_ACCCTTGGTATCAAGA-1,4.7098966,6.1681657,2,Homeostatic-A,S3,Surgery,Combined exposure
S3_ACGATCACATCCGTTC-1,5.382883,-0.7205347,5,Transitional-B,S3,Surgery,Combined exposure
S3_ACGCACGCAGCCGGTT-1,4.463362,11.515846,0,Inflammatory,S3,Surgery,Combined exposure
S3_ACGGGTCTCTCCAATT-1,2.4146178,9.975603,0,Inflammatory,S3,Surgery,Combined exposure
S3_ACGGTCGCATGTGCCG-1,1.7166986,9.220349,0,Inflammatory,S3,Surgery,Combined exposure
S3_ACGGTCGGTAGCGTTT-1,3.336136,6.6598983,2,Homeostatic-A,S3,Surgery,Combined exposure
S3_ACGGTCGTCAGTCTTT-1,2.8963873,10.212363,0,Inflammatory,S3,Surgery,Combined exposure
S3_ACGGTCGTCCCAGGCA-1,1.6258241,4.52139,3,Homeostatic-B,S3,Surgery,Combined exposure
S3_ACGGTTAGTAACTGCT-1,1.813133,8.732811,0,Inflammatory,S3,Surgery,Combined exposure
S3_ACGGTTAGTTCATCGA-1,0.15665646,7.457664,0,Inflammatory,S3,Surgery,Combined exposure
S3_ACGTAACAGGGTGAAA-1,4.400648,4.9574966,2,Homeostatic-A,S3,Surgery,Combined exposure
S3_ACGTACAGTTAGTCGT-1,2.8330944,4.7090697,2,Homeostatic-A,S3,Surgery,Combined exposure
S3_ACGTTCCCAATCCTTT-1,6.8276906,1.1595147,5,Transitional-B,S3,Surgery,Combined exposure
S3_ACGTTCCCAGCGTATT-1,2.0742412,6.7221384,2,Homeostatic-A,S3,Surgery,Combined exposure
S3_ACTACGAAGAGTTGTA-1,5.170176,8.784771,2,Homeostatic-A,S3,Surgery,Combined exposure
S3_ACTATCTAGGTAGTAT-1,3.5216472,7.63613,0,Inflammatory,S3,Surgery,Combined exposure
S3_ACTATCTCAGGACAGT-1,2.7368603,4.430957,3,Homeostatic-B,S3,Surgery,Combined exposure
S3_ACTATCTGTTGCTTGA-1,3.7651079,7.4686704,2,Homeostatic-A,S3,Surgery,Combined exposure
S3_ACTATCTTCGCACGAC-1,3.2930145,1.012494,3,Homeostatic-B,S3,Surgery,Combined exposure
S3_ACTATGGGTTCTCCTG-1,1.9671875,11.724692,0,Inflammatory,S3,Surgery,Combined exposure
S3_ACTCCCAAGGCTGAAC-1,1.6312294,9.670579,0,Inflammatory,S3,Surgery,Combined exposure
S3_ACTCTCGAGAAGCGCT-1,7.2553954,2.07626,5,Transitional-B,S3,Surgery,Combined exposure
S3_ACTCTCGAGCGCCCAT-1,1.3682098,9.709176,0,Inflammatory,S3,Surgery,Combined exposure
S3_ACTCTCGGTTAGGAGC-1,0.64511245,5.9950504,0,Inflammatory,S3,Surgery,Combined exposure
S3_ACTGATGGTACAAAGT-1,3.181021,9.625109,0,Inflammatory,S3,Surgery,Combined exposure
S3_ACTGATGGTAGAGATT-1,-2.0893967,3.5515077,1,Transitional-A,S3,Surgery,Combined exposure
S3_ACTGATGTCATGGATC-1,0.5985664,2.335205,1,Transitional-A,S3,Surgery,Combined exposure
S3_ACTGCAAGTCATACCA-1,-1.0350114,3.879544,1,Transitional-A,S3,Surgery,Combined exposure
S3_ACTTATCTCGGTGTTA-1,-1.5553311,1.4425621,1,Transitional-A,S3,Surgery,Combined exposure
S3_ACTTCCGCATGACTGT-1,3.7158782,8.190698,0,Inflammatory,S3,Surgery,Combined exposure
S3_ACTTCCGGTTGATGTC-1,1.2066483,4.5287886,3,Homeostatic-B,S3,Surgery,Combined exposure
S3_ACTTCGCGTAGATTAG-1,7.2043266,-0.38550222,5,Transitional-B,S3,Surgery,Combined exposure
S3_ACTTTCAAGGGAGGCA-1,0.8694366,4.960686,3,Homeostatic-B,S3,Surgery,Combined exposure
S3_ACTTTCATCTCACGAA-1,-0.34094328,3.5630968,1,Transitional-A,S3,Surgery,Combined exposure
S3_ACTTTGTGTGATAGAT-1,3.3439233,9.31844,0,Inflammatory,S3,Surgery,Combined exposure
S3_AGAAATGAGCACCGAA-1,3.2925584,5.923186,2,Homeostatic-A,S3,Surgery,Combined exposure
S3_AGAACAACATGAGATA-1,5.1419754,2.5877383,3,Homeostatic-B,S3,Surgery,Combined exposure
S3_AGAAGCGAGATGGTAT-1,2.8790739,5.4309926,2,Homeostatic-A,S3,Surgery,Combined exposure
S3_AGAAGCGTCGGAAACG-1,3.641143,8.586566,0,Inflammatory,S3,Surgery,Combined exposure
S3_AGAAGTAGTTTCGACA-1,4.6815257,6.7896876,2,Homeostatic-A,S3,Surgery,Combined exposure
S3_AGACACTGTCGATTAC-1,3.403615,6.1403933,2,Homeostatic-A,S3,Surgery,Combined exposure
S3_AGACACTTCAGTGTCA-1,3.627354,9.695576,0,Inflammatory,S3,Surgery,Combined exposure
S3_AGACCATCATCGGTTA-1,2.1338277,9.612383,0,Inflammatory,S3,Surgery,Combined exposure
S3_AGACCATCATTATGCG-1,1.2513468,3.2764497,3,Homeostatic-B,S3,Surgery,Combined exposure
S3_AGACCATGTAACTAAG-1,3.987421,5.610841,2,Homeostatic-A,S3,Surgery,Combined exposure
S3_AGACCATTCGTCACCT-1,-0.42840174,6.0520673,0,Inflammatory,S3,Surgery,Combined exposure
S3_AGAGAATAGCTGCGAA-1,3.4704998,6.012639,2,Homeostatic-A,S3,Surgery,Combined exposure
S3_AGAGAATCACCGTGAC-1,2.2616572,0.40626168,4,Homeostatic-C,S3,Surgery,Combined exposure
S3_AGAGAATTCGAAGAAT-1,6.1745253,2.811703,2,Homeostatic-A,S3,Surgery,Combined exposure
S3_AGAGAGCTCCCGAGAC-1,2.3542001,9.054574,0,Inflammatory,S3,Surgery,Combined exposure
S3_AGAGCCCGTGAATGAT-1,3.2442367,2.053483,3,Homeostatic-B,S3,Surgery,Combined exposure
S3_AGATAGACAAAGGTTA-1,5.811139,-1.8227872,5,Transitional-B,S3,Surgery,Combined exposure
S3_AGATCCAGTCGTAATC-1,2.4199464,11.429795,0,Inflammatory,S3,Surgery,Combined exposure
S3_AGATGCTTCATTGTTC-1,1.0544983000000001,4.798029,3,Homeostatic-B,S3,Surgery,Combined exposure
S3_AGCATCAGTGACAGGT-1,5.3966584,7.2675138,2,Homeostatic-A,S3,Surgery,Combined exposure
S3_AGCATCATCCATAGGT-1,6.82613,-1.1682508,5,Transitional-B,S3,Surgery,Combined exposure
S3_AGCCAGCTCGTAGCTA-1,7.204065,2.0319963,5,Transitional-B,S3,Surgery,Combined exposure
S3_AGCCAGCTCTACCTTA-1,4.7924185,4.6393127,2,Homeostatic-A,S3,Surgery,Combined exposure
S3_AGCGATTCACGTTCGG-1,4.2961383,6.0434556,2,Homeostatic-A,S3,Surgery,Combined exposure
S3_AGCGATTCATTGTAGC-1,1.9781116,9.368867,0,Inflammatory,S3,Surgery,Combined exposure
S3_AGCGCCACACTGCGAC-1,5.8413506,-0.53501374,5,Transitional-B,S3,Surgery,Combined exposure
S3_AGCGCTGCACTCATAG-1,-0.22802587,4.8395123,1,Transitional-A,S3,Surgery,Combined exposure
S3_AGCGCTGCACTGGCGT-1,3.313578,7.641172,2,Homeostatic-A,S3,Surgery,Combined exposure
S3_AGCGTCGGTGTCCATA-1,0.6923565,1.5606228,1,Transitional-A,S3,Surgery,Combined exposure
S3_AGCTACACAACAACAA-1,5.819085,5.957634,2,Homeostatic-A,S3,Surgery,Combined exposure
S3_AGCTTCCCAGCGAGTA-1,5.5897717,8.465938,2,Homeostatic-A,S3,Surgery,Combined exposure
S3_AGCTTCCGTGATCATC-1,4.2635727,1.8509398,3,Homeostatic-B,S3,Surgery,Combined exposure
S3_AGCTTCCTCCTCGATC-1,6.576884,4.8995614,2,Homeostatic-A,S3,Surgery,Combined exposure
S3_AGGACGAAGTTCCGTA-1,2.2049246,7.6850424,0,Inflammatory,S3,Surgery,Combined exposure
S3_AGGACTTCATCGTGGC-1,-0.7092909,5.15024,1,Transitional-A,S3,Surgery,Combined exposure
S3_AGGAGGTAGGAGATAG-1,4.208203,-1.3068697,4,Homeostatic-C,S3,Surgery,Combined exposure
S3_AGGAGGTCAGCTCTGG-1,2.7162664,8.692677,0,Inflammatory,S3,Surgery,Combined exposure
S3_AGGCCACGTATACCTG-1,1.9211862,6.3610826,2,Homeostatic-A,S3,Surgery,Combined exposure
S3_AGGCCACGTTTGTGGT-1,5.5282984,8.17438,2,Homeostatic-A,S3,Surgery,Combined exposure
S3_AGGCTGCGTCTGTGTA-1,5.10945,6.9979305,2,Homeostatic-A,S3,Surgery,Combined exposure
S3_AGGCTGCTCGTACCTC-1,6.4044204,0.49062943,5,Transitional-B,S3,Surgery,Combined exposure
S3_AGGGCCTTCACCCATC-1,2.8629158,4.6892157,3,Homeostatic-B,S3,Surgery,Combined exposure
S3_AGGGCTCCAGGGATAC-1,1.3834791,8.646115,0,Inflammatory,S3,Surgery,Combined exposure
S3_AGGGCTCGTATGCTTG-1,3.356324,11.31642,0,Inflammatory,S3,Surgery,Combined exposure
S3_AGGGTCCGTTGCCTAA-1,1.1532995,4.912,3,Homeostatic-B,S3,Surgery,Combined exposure
S3_AGGGTGACAAAGGCTG-1,3.334714,2.756413,3,Homeostatic-B,S3,Surgery,Combined exposure
S3_AGGGTGAGTTACGGAG-1,3.763332,7.93595,2,Homeostatic-A,S3,Surgery,Combined exposure
S3_AGGGTTTAGGAAGTGA-1,5.2036843,-0.39297685,5,Transitional-B,S3,Surgery,Combined exposure
S3_AGGGTTTAGGTTATAG-1,0.53752095,6.7998447,0,Inflammatory,S3,Surgery,Combined exposure
S3_AGGTCTATCAACGCTA-1,1.740525,9.541695,0,Inflammatory,S3,Surgery,Combined exposure
S3_AGGTGTTCAGGACTAG-1,0.9366477,5.00204,3,Homeostatic-B,S3,Surgery,Combined exposure
S3_AGGTGTTTCACTGGGC-1,-1.118571,4.965743,1,Transitional-A,S3,Surgery,Combined exposure
S3_AGGTTGTAGGATACCG-1,2.1651137,8.773048,0,Inflammatory,S3,Surgery,Combined exposure
S3_AGGTTGTCATCTTAGG-1,3.4664755,8.857059,0,Inflammatory,S3,Surgery,Combined exposure
S3_AGTAACCTCAGCACCG-1,-0.003837997,9.26194,0,Inflammatory,S3,Surgery,Combined exposure
S3_AGTACCAGTCCGTACG-1,7.5954175,0.05708458,5,Transitional-B,S3,Surgery,Combined exposure
S3_AGTACTGAGGAGACCT-1,7.9463987,0.32217115,5,Transitional-B,S3,Surgery,Combined exposure
S3_AGTACTGCACCCTTAC-1,-0.18051745,2.4593377,1,Transitional-A,S3,Surgery,Combined exposure
S3_AGTAGCTCAAATCAAG-1,6.9526086,1.9797015,5,Transitional-B,S3,Surgery,Combined exposure
S3_AGTAGTCAGGGTGAAA-1,-0.41465807,4.7109637,1,Transitional-A,S3,Surgery,Combined exposure
S3_AGTCAACAGAGTTGTA-1,1.6341015,8.864917,0,Inflammatory,S3,Surgery,Combined exposure
S3_AGTCAACAGGTGCTTT-1,-0.038836345,6.9524407,0,Inflammatory,S3,Surgery,Combined exposure
S3_AGTCAACTCAAACGAA-1,2.519967,6.2644434,2,Homeostatic-A,S3,Surgery,Combined exposure
S3_AGTCACAAGCACTAAA-1,4.925745,1.9761928,3,Homeostatic-B,S3,Surgery,Combined exposure
S3_AGTCACAAGGCCACTC-1,4.9197397,8.62757,2,Homeostatic-A,S3,Surgery,Combined exposure
S3_AGTCACAAGTAGGATT-1,-0.73793685,5.725801,0,Inflammatory,S3,Surgery,Combined exposure
S3_AGTCACACACGCTGTG-1,3.1680307,5.2653103,2,Homeostatic-A,S3,Surgery,Combined exposure
S3_AGTCACATCGCTGACG-1,6.8040853,1.1067647,5,Transitional-B,S3,Surgery,Combined exposure
S3_AGTCATGCATCGTCCT-1,3.6655202,1.7839316,3,Homeostatic-B,S3,Surgery,Combined exposure
S3_AGTCTCCAGCTACTGT-1,0.79113126,7.443813,0,Inflammatory,S3,Surgery,Combined exposure
S3_AGTGACTAGTGATTCC-1,6.4518266,1.5300196,5,Transitional-B,S3,Surgery,Combined exposure
S3_AGTGACTCACGTTCGG-1,4.2590904,9.606888,0,Inflammatory,S3,Surgery,Combined exposure
S3_AGTGACTTCAAAGGTA-1,5.243064,10.522558,0,Inflammatory,S3,Surgery,Combined exposure
S3_AGTGATCTCTCGGCTT-1,-0.2476248,4.890592,1,Transitional-A,S3,Surgery,Combined exposure
S3_AGTGTTGTCCAAATGC-1,1.8999226,8.57902,0,Inflammatory,S3,Surgery,Combined exposure
S3_AGTTAGCCACGAAAGC-1,3.4291027,7.354213,2,Homeostatic-A,S3,Surgery,Combined exposure
S3_AGTTCCCAGGTTACAA-1,10.364238,2.6809802,6,Rare,S3,Surgery,Combined exposure
S3_AGTTCCCGTCGCATCG-1,3.946531,6.9809084,2,Homeostatic-A,S3,Surgery,Combined exposure
S3_AGTTCCCTCAAACTGC-1,-0.5040393,2.326424,1,Transitional-A,S3,Surgery,Combined exposure
S3_AGTTCGAGTGCATCTA-1,1.5876343,9.609654,0,Inflammatory,S3,Surgery,Combined exposure
S3_ATACCGACATTGAAGA-1,1.3131758,0.9084209,4,Homeostatic-C,S3,Surgery,Combined exposure
S3_ATACCGAGTTTAGAGA-1,6.8935485,0.3710099,5,Transitional-B,S3,Surgery,Combined exposure
S3_ATACTTCGTTTACGTG-1,1.233071,10.082503,0,Inflammatory,S3,Surgery,Combined exposure
S3_ATAGACCCATGGAGAC-1,4.028007,-1.9066234,4,Homeostatic-C,S3,Surgery,Combined exposure
S3_ATAGACCTCAGATGCT-1,6.340558,0.80806726,5,Transitional-B,S3,Surgery,Combined exposure
S3_ATAGAGAAGTCCGTCG-1,3.968966,12.330608,0,Inflammatory,S3,Surgery,Combined exposure
S3_ATAGAGACACGACAAG-1,3.9290612,6.6427574,2,Homeostatic-A,S3,Surgery,Combined exposure
S3_ATAGGCTAGGGTGAGG-1,1.3809094,7.3210325,0,Inflammatory,S3,Surgery,Combined exposure
S3_ATAGGCTGTATCCCAA-1,5.089778,0.7735782,5,Transitional-B,S3,Surgery,Combined exposure
S3_ATAGGCTGTTCTATCT-1,3.0040252,7.0559754,2,Homeostatic-A,S3,Surgery,Combined exposure
S3_ATATCCTTCTTCTCAA-1,2.5074754,6.6570587,2,Homeostatic-A,S3,Surgery,Combined exposure
S3_ATCACGACACAGAGAC-1,0.82972133,2.3901036,1,Transitional-A,S3,Surgery,Combined exposure
S3_ATCACTTTCAACGCTA-1,4.851353,8.485818,2,Homeostatic-A,S3,Surgery,Combined exposure
S3_ATCATTCTCGCTAGCG-1,-0.34084567,2.8545249,1,Transitional-A,S3,Surgery,Combined exposure
S3_ATCCACCAGGGCAGGA-1,2.0357094,4.688304,3,Homeostatic-B,S3,Surgery,Combined exposure
S3_ATCCATTAGAAGTATC-1,1.6154372,5.3202734,3,Homeostatic-B,S3,Surgery,Combined exposure
S3_ATCCCTGAGAATACAC-1,2.7909944,5.241997,2,Homeostatic-A,S3,Surgery,Combined exposure
S3_ATCCGTCGTAAGTTAG-1,2.9813442,9.812586,0,Inflammatory,S3,Surgery,Combined exposure
S3_ATCCGTCTCCGCGATG-1,7.1576014,3.3491414,2,Homeostatic-A,S3,Surgery,Combined exposure
S3_ATCCTATAGCATCAAA-1,6.880512,4.2065454,2,Homeostatic-A,S3,Surgery,Combined exposure
S3_ATCCTATCACTGCGTG-1,1.5932338,9.393849,0,Inflammatory,S3,Surgery,Combined exposure
S3_ATCCTATTCGTGCACG-1,2.828723,3.471438,3,Homeostatic-B,S3,Surgery,Combined exposure
S3_ATCGATGTCCATCTCG-1,3.512329,7.6051526,2,Homeostatic-A,S3,Surgery,Combined exposure
S3_ATCGATGTCGTAACAC-1,3.4635594,9.299045,0,Inflammatory,S3,Surgery,Combined exposure
S3_ATCGCCTAGTAAGGGA-1,0.9311791,5.1990294,3,Homeostatic-B,S3,Surgery,Combined exposure
S3_ATCGGATGTTTCTTAC-1,2.2336752,7.3360353,0,Inflammatory,S3,Surgery,Combined exposure
S3_ATCGGCGCACAGTCCG-1,7.047602,3.7572362,2,Homeostatic-A,S3,Surgery,Combined exposure
S3_ATCGTAGAGTTCGGTT-1,5.248292,6.685101,2,Homeostatic-A,S3,Surgery,Combined exposure
S3_ATCGTAGGTCTTCATT-1,3.6147816,7.9300833,0,Inflammatory,S3,Surgery,Combined exposure
S3_ATCGTAGTCAGACCCG-1,2.6204581,12.413661,0,Inflammatory,S3,Surgery,Combined exposure
S3_ATCTCTAAGGCCCGTT-1,-0.43929935,5.1236644,1,Transitional-A,S3,Surgery,Combined exposure
S3_ATCTTCATCCCGAGGT-1,3.9512618,6.8625636,2,Homeostatic-A,S3,Surgery,Combined exposure
S3_ATGAAAGCAGACTGCC-1,-2.1482615,3.1397836,1,Transitional-A,S3,Surgery,Combined exposure
S3_ATGAGGGGTATCGAAA-1,2.0007439,6.0822864,2,Homeostatic-A,S3,Surgery,Combined exposure
S3_ATGAGGGGTATCGCGC-1,2.469068,8.3673725,0,Inflammatory,S3,Surgery,Combined exposure
S3_ATGATCGCACATACGT-1,1.0606182,9.994342,0,Inflammatory,S3,Surgery,Combined exposure
S3_ATGCATGAGCATGTTC-1,0.86588484,7.0782566,0,Inflammatory,S3,Surgery,Combined exposure
S3_ATGCATGAGTCACAGG-1,7.09747,3.3770084,5,Transitional-B,S3,Surgery,Combined exposure
S3_ATGCATGTCATCTGTT-1,1.9555578,6.265654,2,Homeostatic-A,S3,Surgery,Combined exposure
S3_ATGCGATTCACTGGTA-1,3.9782257,3.2993338,3,Homeostatic-B,S3,Surgery,Combined exposure
S3_ATGCGATTCCGCCTAT-1,5.886622,0.89189655,5,Transitional-B,S3,Surgery,Combined exposure
S3_ATGGGAGAGCCTCATA-1,2.073778,11.343617,0,Inflammatory,S3,Surgery,Combined exposure
S3_ATGGGAGGTCGTTCAA-1,1.72305,5.937483,2,Homeostatic-A,S3,Surgery,Combined exposure
S3_ATGGTTGCACATTCGA-1,1.7718891,7.4674034,0,Inflammatory,S3,Surgery,Combined exposure
S3_ATGTCCCAGCAGGTCA-1,5.1193986,10.222564,0,Inflammatory,S3,Surgery,Combined exposure
S3_ATGTCCCTCACCTCAC-1,2.264729,-0.26828474,4,Homeostatic-C,S3,Surgery,Combined exposure
S3_ATGTCTTAGCCATTGT-1,4.302003,5.6264596,2,Homeostatic-A,S3,Surgery,Combined exposure
S3_ATTACTCAGACGACTG-1,-1.2810555,3.4657829000000002,1,Transitional-A,S3,Surgery,Combined exposure
S3_ATTACTCCATTAGGCT-1,2.9802978,10.710461,0,Inflammatory,S3,Surgery,Combined exposure
S3_ATTATCCTCTCGCTTG-1,3.9800076,4.049493,2,Homeostatic-A,S3,Surgery,Combined exposure
S3_ATTCACTCATAGACTC-1,-0.29448727,7.9324994,0,Inflammatory,S3,Surgery,Combined exposure
S3_ATTCAGGTCGGCATCG-1,7.4217863,4.393396,2,Homeostatic-A,S3,Surgery,Combined exposure
S3_ATTCATCCACCAGGTC-1,-1.1691138,6.580967,0,Inflammatory,S3,Surgery,Combined exposure
S3_ATTCATCTCCGCACTT-1,1.6293547,7.6818466,0,Inflammatory,S3,Surgery,Combined exposure
S3_ATTCATCTCCTTGACC-1,0.47210556,5.051638,1,Transitional-A,S3,Surgery,Combined exposure
S3_ATTCCATAGCGTCGAA-1,0.71318495,-0.87406194,4,Homeostatic-C,S3,Surgery,Combined exposure
S3_ATTCCCGAGCGCTGCT-1,5.944435,0.0971718,5,Transitional-B,S3,Surgery,Combined exposure
S3_ATTCCCGAGGTGGCTA-1,3.3591142,8.114351,0,Inflammatory,S3,Surgery,Combined exposure
S3_ATTCCTAGTACTCGAT-1,0.45480162,5.9129634,0,Inflammatory,S3,Surgery,Combined exposure
S3_ATTCCTATCGCTGTTC-1,2.2095358,1.7331458,3,Homeostatic-B,S3,Surgery,Combined exposure
S3_ATTCGTTAGTTGTAAG-1,5.3000345,3.2817214,2,Homeostatic-A,S3,Surgery,Combined exposure
S3_ATTCGTTGTTCAAAGA-1,0.7551338,5.7861514,3,Homeostatic-B,S3,Surgery,Combined exposure
S3_ATTCGTTTCCGTATAG-1,3.131917,7.846029,0,Inflammatory,S3,Surgery,Combined exposure
S3_ATTGGGTTCACCTCAC-1,-2.3326762,0.3613946,1,Transitional-A,S3,Surgery,Combined exposure
S3_ATTGTTCAGCGAGTAC-1,4.169047,10.985371,0,Inflammatory,S3,Surgery,Combined exposure
S3_ATTGTTCCAATGTTGC-1,-0.76484454,7.0698433,0,Inflammatory,S3,Surgery,Combined exposure
S3_ATTGTTCTCTCTGACC-1,4.9310136,9.144132,0,Inflammatory,S3,Surgery,Combined exposure
S3_ATTTACCCAAATGCGG-1,4.315144,7.9035597,2,Homeostatic-A,S3,Surgery,Combined exposure
S3_ATTTACCCAGCCTTCT-1,3.3042643,11.376864,0,Inflammatory,S3,Surgery,Combined exposure
S3_ATTTCACAGTTGGGAC-1,0.15880504,6.434401,0,Inflammatory,S3,Surgery,Combined exposure
S3_ATTTCACTCTGGACCG-1,-0.33366257,8.329443,0,Inflammatory,S3,Surgery,Combined exposure
S3_ATTTCTGTCGCCTTTG-1,-1.3577671,7.736385,0,Inflammatory,S3,Surgery,Combined exposure
S3_CAAAGAAGTACCTAGT-1,0.70904064,3.655965,1,Transitional-A,S3,Surgery,Combined exposure
S3_CAACAGTCAGATCCTA-1,5.1468387,-0.08557897,5,Transitional-B,S3,Surgery,Combined exposure
S3_CAACAGTGTCCGGTCA-1,2.8167415,10.794211,0,Inflammatory,S3,Surgery,Combined exposure
S3_CAACCAACACACACTA-1,2.4674013,7.826047,0,Inflammatory,S3,Surgery,Combined exposure
S3_CAACCTCCAATCGAAA-1,7.517038,-0.6057433,5,Transitional-B,S3,Surgery,Combined exposure
S3_CAACGATCAACCCTCT-1,3.8009744,5.9516273,2,Homeostatic-A,S3,Surgery,Combined exposure
S3_CAACGATGTTGTTGCA-1,5.4442654,5.527474,2,Homeostatic-A,S3,Surgery,Combined exposure
S3_CAACGGCGTTAGGACG-1,6.189823,0.7505493,5,Transitional-B,S3,Surgery,Combined exposure
S3_CAACGGCTCCGTGTCT-1,-0.087379105,7.389321,0,Inflammatory,S3,Surgery,Combined exposure
S3_CAAGCTAAGGATCATA-1,0.13387468,9.132661,0,Inflammatory,S3,Surgery,Combined exposure
S3_CAAGCTAGTGAATAAC-1,3.1509957,8.807766,0,Inflammatory,S3,Surgery,Combined exposure
S3_CAAGCTATCGCCGAGT-1,6.1618958,0.3853484,5,Transitional-B,S3,Surgery,Combined exposure
S3_CAATACGAGTCAATCC-1,3.0119343,7.733775,0,Inflammatory,S3,Surgery,Combined exposure
S3_CAATACGTCCTTTAGT-1,7.2572284,2.8523982,5,Transitional-B,S3,Surgery,Combined exposure
S3_CAATGACAGTTGGAGC-1,1.9263281,4.6446056,3,Homeostatic-B,S3,Surgery,Combined exposure
S3_CACAGATAGGGCAGTT-1,0.40066656,5.2438545,1,Transitional-A,S3,Surgery,Combined exposure
S3_CACATGAAGTGATAGT-1,5.8758287,4.733848,2,Homeostatic-A,S3,Surgery,Combined exposure
S3_CACCAAAAGACCATTC-1,2.2796004,9.720715,0,Inflammatory,S3,Surgery,Combined exposure
S3_CACCAAACAAGAGCTG-1,3.2406259,6.551133,2,Homeostatic-A,S3,Surgery,Combined exposure
S3_CACGAATAGAAACACT-1,5.189558,5.790268,2,Homeostatic-A,S3,Surgery,Combined exposure
S3_CACGTTCTCCCATAAG-1,-0.10923821,8.589235,0,Inflammatory,S3,Surgery,Combined exposure
S3_CACTAAGCAAGCGATG-1,1.0890234,4.633205,3,Homeostatic-B,S3,Surgery,Combined exposure
S3_CACTGAAGTCTCCCTA-1,-0.47320452,7.5022078,0,Inflammatory,S3,Surgery,Combined exposure
S3_CACTGGGCAGCGTAGA-1,-1.7693769,3.7498212,1,Transitional-A,S3,Surgery,Combined exposure
S3_CACTGGGCATCCCACT-1,2.820273,3.6276054,3,Homeostatic-B,S3,Surgery,Combined exposure
S3_CACTGGGTCGTAGGAG-1,2.5076897,2.140658,3,Homeostatic-B,S3,Surgery,Combined exposure
S3_CACTGTCAGTAAACTG-1,4.621171,6.888693,2,Homeostatic-A,S3,Surgery,Combined exposure
S3_CACTGTCTCTATCGTT-1,0.06299585,9.138635,0,Inflammatory,S3,Surgery,Combined exposure
S3_CAGATACAGATGGTAT-1,3.3582504,6.428275,2,Homeostatic-A,S3,Surgery,Combined exposure
S3_CAGATACAGTACAGCG-1,0.057825763,5.941487,0,Inflammatory,S3,Surgery,Combined exposure
S3_CAGATACCACAGCTTA-1,3.0038946,6.8995953,2,Homeostatic-A,S3,Surgery,Combined exposure
S3_CAGATACTCTGTCAGA-1,6.442819,1.0519959,5,Transitional-B,S3,Surgery,Combined exposure
S3_CAGCAATGTACTCCCT-1,3.8221397,8.677211,2,Homeostatic-A,S3,Surgery,Combined exposure
S3_CAGCACGAGCGCTTCG-1,3.9084878,6.3457036,2,Homeostatic-A,S3,Surgery,Combined exposure
S3_CAGCACGTCCACCCTA-1,3.1412823,8.766815,0,Inflammatory,S3,Surgery,Combined exposure
S3_CAGCCAGTCACCATCC-1,3.3745997,9.391679,0,Inflammatory,S3,Surgery,Combined exposure
S3_CAGCGTGGTAGTTCCA-1,2.120459,10.40592,0,Inflammatory,S3,Surgery,Combined exposure
S3_CAGGGCTAGACTCATC-1,1.5929471,6.4644604,2,Homeostatic-A,S3,Surgery,Combined exposure
S3_CAGTGCGTCATGAGGG-1,3.8135417,4.392864,2,Homeostatic-A,S3,Surgery,Combined exposure
S3_CAGTTCCGTCCAAATC-1,4.5294194,9.419635,0,Inflammatory,S3,Surgery,Combined exposure
S3_CATACCCCACACACTA-1,3.484706,7.2479706,2,Homeostatic-A,S3,Surgery,Combined exposure
S3_CATACCCCATCTTAGG-1,4.8319974,0.5626882,4,Homeostatic-C,S3,Surgery,Combined exposure
S3_CATACCCTCCGGTTCT-1,7.17614,2.7758791,5,Transitional-B,S3,Surgery,Combined exposure
S3_CATACTTAGTCCGCGT-1,-0.7011251,2.355645,1,Transitional-A,S3,Surgery,Combined exposure
S3_CATACTTCAGAACTTC-1,-0.5267153,3.3537197,1,Transitional-A,S3,Surgery,Combined exposure
S3_CATACTTCATTAGGCT-1,3.6492279,7.2809990000000004,2,Homeostatic-A,S3,Surgery,Combined exposure
S3_CATACTTTCATTTGTC-1,3.7137656,6.2336936,2,Homeostatic-A,S3,Surgery,Combined exposure
S3_CATAGACGTATGCGGA-1,-1.3021805,6.105479,0,Inflammatory,S3,Surgery,Combined exposure
S3_CATAGACTCCATCAGA-1,6.1801467,8.711385,0,Inflammatory,S3,Surgery,Combined exposure
S3_CATAGACTCGTTGCCT-1,1.388764,9.525945,0,Inflammatory,S3,Surgery,Combined exposure
S3_CATCAAGAGAGAGCAA-1,8.038429,0.65587837,5,Transitional-B,S3,Surgery,Combined exposure
S3_CATCAAGTCCATTTGT-1,2.103113,6.168878,2,Homeostatic-A,S3,Surgery,Combined exposure
S3_CATCCCACACCCTGTT-1,8.166919,-0.22784613,5,Transitional-B,S3,Surgery,Combined exposure
S3_CATCCGTTCGCAGAGA-1,-0.1637403,4.7044873,1,Transitional-A,S3,Surgery,Combined exposure
S3_CATCGCTAGTGCACCC-1,1.5629295,10.413297,0,Inflammatory,S3,Surgery,Combined exposure
S3_CATCGGGGTTGGATCT-1,0.813887,2.8863497,1,Transitional-A,S3,Surgery,Combined exposure
S3_CATGCCTAGACATATG-1,3.0383496,5.068738,2,Homeostatic-A,S3,Surgery,Combined exposure
S3_CATGCCTAGACGGTCA-1,3.5725727,11.322148,0,Inflammatory,S3,Surgery,Combined exposure
S3_CATGCCTCAGAGTCTT-1,6.4862094,6.122896,2,Homeostatic-A,S3,Surgery,Combined exposure
S3_CATGCTCGTCAGACGA-1,4.2616715,6.8830132,2,Homeostatic-A,S3,Surgery,Combined exposure
S3_CATGGATTCAAGAGGC-1,7.5888176,2.4793444,2,Homeostatic-A,S3,Surgery,Combined exposure
S3_CATTCATAGGCTTCCG-1,3.790376,3.8581638,3,Homeostatic-B,S3,Surgery,Combined exposure
S3_CATTCATAGTCACGCC-1,2.8098927,5.496716,2,Homeostatic-A,S3,Surgery,Combined exposure
S3_CATTCATTCCCAGGCA-1,5.313293,5.3636847,2,Homeostatic-A,S3,Surgery,Combined exposure
S3_CATTCCGCACACCGAC-1,-0.768848,7.1846027,0,Inflammatory,S3,Surgery,Combined exposure
S3_CATTCTAAGTCATGGG-1,6.276157,1.3490255,5,Transitional-B,S3,Surgery,Combined exposure
S3_CATTCTAGTCACGCTG-1,3.3424575,8.966953,0,Inflammatory,S3,Surgery,Combined exposure
S3_CATTGAGAGGTTAAAC-1,4.336066,5.9570646,2,Homeostatic-A,S3,Surgery,Combined exposure
S3_CATTGAGTCCGGTAGC-1,6.439039,1.2068332,5,Transitional-B,S3,Surgery,Combined exposure
S3_CATTGCCTCGCCTCTA-1,-1.5595244,2.8721728,1,Transitional-A,S3,Surgery,Combined exposure
S3_CATTGTTCAGAAGCTG-1,-0.37353143,7.8585396,0,Inflammatory,S3,Surgery,Combined exposure
S3_CATTGTTCAGAATTCC-1,0.39908898,10.080576,0,Inflammatory,S3,Surgery,Combined exposure
S3_CATTGTTCAGTCGCAC-1,3.1269646,0.9170871,4,Homeostatic-C,S3,Surgery,Combined exposure
S3_CATTGTTCATCAGTCA-1,1.719212,-0.7283035,4,Homeostatic-C,S3,Surgery,Combined exposure
S3_CATTTCATCGAAGCCC-1,7.062849,1.4216182,5,Transitional-B,S3,Surgery,Combined exposure
S3_CCAATGACACTCCTGT-1,0.04383938,6.5041203,0,Inflammatory,S3,Surgery,Combined exposure
S3_CCACAAAAGGTGCGAT-1,2.207319,2.2576382,3,Homeostatic-B,S3,Surgery,Combined exposure
S3_CCACACTAGTGTGTTC-1,4.1197424,10.957078,0,Inflammatory,S3,Surgery,Combined exposure
S3_CCACCATTCCCGAACG-1,-0.5161583,4.4804883,1,Transitional-A,S3,Surgery,Combined exposure
S3_CCACGAGAGGTCACTT-1,-1.0140448,5.0500956,1,Transitional-A,S3,Surgery,Combined exposure
S3_CCACGAGCAGTACTAC-1,5.123368,4.398614,2,Homeostatic-A,S3,Surgery,Combined exposure
S3_CCACGTTAGTGGAAGA-1,4.557842,8.804951,0,Inflammatory,S3,Surgery,Combined exposure
S3_CCACGTTCAGACCAGA-1,0.928923,3.2129314,3,Homeostatic-B,S3,Surgery,Combined exposure
S3_CCACTTGGTACGTGTT-1,2.4385366,6.005044,2,Homeostatic-A,S3,Surgery,Combined exposure
S3_CCACTTGTCGAGATAA-1,2.4745874,4.5264997,3,Homeostatic-B,S3,Surgery,Combined exposure
S3_CCATAAGCATTGAAAG-1,1.4754003,9.009015,0,Inflammatory,S3,Surgery,Combined exposure
S3_CCATAAGTCCCGGTAG-1,6.8400507,4.9154835,2,Homeostatic-A,S3,Surgery,Combined exposure
S3_CCATCACTCGCCAGAC-1,-0.48993957,6.4233418,0,Inflammatory,S3,Surgery,Combined exposure
S3_CCCAACTGTAGCGTAG-1,3.825669,8.703424,0,Inflammatory,S3,Surgery,Combined exposure
S3_CCCATTGGTCACTCGG-1,2.225549,11.345145,0,Inflammatory,S3,Surgery,Combined exposure
S3_CCCATTGTCCTCTCGA-1,4.344373,11.333909,0,Inflammatory,S3,Surgery,Combined exposure
S3_CCCGAAGAGTTGTCGT-1,3.5857246,11.081637,0,Inflammatory,S3,Surgery,Combined exposure
S3_CCCGAAGCAGAATGTA-1,2.9035335,7.923879,0,Inflammatory,S3,Surgery,Combined exposure
S3_CCCTAACTCAATGTCG-1,5.6881895,1.0240282,5,Transitional-B,S3,Surgery,Combined exposure
S3_CCCTCTCTCTATCACT-1,-1.8300093,4.3627434,1,Transitional-A,S3,Surgery,Combined exposure
S3_CCCTGATAGTCAGCGA-1,1.7005588,11.352123,0,Inflammatory,S3,Surgery,Combined exposure
S3_CCCTTAGGTGCAACAG-1,4.184778,-0.929273,4,Homeostatic-C,S3,Surgery,Combined exposure
S3_CCGATCTAGATTGGGC-1,4.1720853,2.9290502,3,Homeostatic-B,S3,Surgery,Combined exposure
S3_CCGATCTCAACGATTC-1,4.050783,7.0876837,2,Homeostatic-A,S3,Surgery,Combined exposure
S3_CCGCAAGAGACGACTG-1,0.39572322,9.575701,0,Inflammatory,S3,Surgery,Combined exposure
S3_CCGCAAGCATCGTGGC-1,-1.347411,2.6045892,1,Transitional-A,S3,Surgery,Combined exposure
S3_CCGGGTAAGTTAACGA-1,1.3435984,3.5171564,3,Homeostatic-B,S3,Surgery,Combined exposure
S3_CCGGTAGCAGGAGGTT-1,4.3168797,8.148411,2,Homeostatic-A,S3,Surgery,Combined exposure
S3_CCGGTAGTCCACTAGA-1,3.2069197,5.057553,2,Homeostatic-A,S3,Surgery,Combined exposure
S3_CCGGTGATCAAGTGTC-1,5.4417715,3.6551182,2,Homeostatic-A,S3,Surgery,Combined exposure
S3_CCGTAGGGTCCTCAGG-1,2.8589942,4.290087,3,Homeostatic-B,S3,Surgery,Combined exposure
S3_CCGTAGGTCTCAGAAC-1,3.7129693,9.439354,0,Inflammatory,S3,Surgery,Combined exposure
S3_CCGTTCAAGACGATAT-1,-0.104081444,5.236876,1,Transitional-A,S3,Surgery,Combined exposure
S3_CCGTTCAAGCGCTGCT-1,2.8669257,10.634518,0,Inflammatory,S3,Surgery,Combined exposure
S3_CCTAACCTCCCTTGGT-1,5.0438495,6.4874773,2,Homeostatic-A,S3,Surgery,Combined exposure
S3_CCTAAGACAGGACGAT-1,1.1492772,9.486268,0,Inflammatory,S3,Surgery,Combined exposure
S3_CCTCAACCAAGTATCC-1,1.4552625,5.1896753,3,Homeostatic-B,S3,Surgery,Combined exposure
S3_CCTCAGTTCTGAATGC-1,1.5096793,4.382548,3,Homeostatic-B,S3,Surgery,Combined exposure
S3_CCTCCTCAGGTCCGAA-1,7.257518,3.4504657,2,Homeostatic-A,S3,Surgery,Combined exposure
S3_CCTCCTCGTACTCAAC-1,5.4465213,0.6361443,5,Transitional-B,S3,Surgery,Combined exposure
S3_CCTCTAGCAAAGCTCT-1,2.994265,3.3147032,3,Homeostatic-B,S3,Surgery,Combined exposure
S3_CCTGCATGTAGCGTTT-1,1.9686592,5.784592,2,Homeostatic-A,S3,Surgery,Combined exposure
S3_CCTGTTGGTAGTCGTT-1,-0.1048725,4.7338786,1,Transitional-A,S3,Surgery,Combined exposure
S3_CCTGTTGGTTTGCAGT-1,6.046882,8.6062765,2,Homeostatic-A,S3,Surgery,Combined exposure
S3_CCTTGTGTCGTCCTTG-1,0.8756889,8.58883,0,Inflammatory,S3,Surgery,Combined exposure
S3_CGAAGGAGTGAGTTTC-1,0.016207341,9.319009,0,Inflammatory,S3,Surgery,Combined exposure
S3_CGAAGGAGTGTGACCC-1,6.319236,3.5333204,2,Homeostatic-A,S3,Surgery,Combined exposure
S3_CGAAGTTGTAAGGTCG-1,-2.167754,4.413488,1,Transitional-A,S3,Surgery,Combined exposure
S3_CGAATTGGTTACACTG-1,0.7486329,6.916533,0,Inflammatory,S3,Surgery,Combined exposure
S3_CGAATTGTCGACTCCT-1,2.4303932,6.275257,2,Homeostatic-A,S3,Surgery,Combined exposure
S3_CGACAGCTCCGTGGTG-1,2.8548656,12.374508,0,Inflammatory,S3,Surgery,Combined exposure
S3_CGACAGCTCTTAGTTC-1,4.263986,10.775522,0,Inflammatory,S3,Surgery,Combined exposure
S3_CGAGAAGAGCCAGAGT-1,0.6540878,4.4815693,3,Homeostatic-B,S3,Surgery,Combined exposure
S3_CGAGGAAAGGGCTTCC-1,0.113066256,1.1707492,1,Transitional-A,S3,Surgery,Combined exposure
S3_CGAGGCTAGGTGATCG-1,2.1429954,10.522509,0,Inflammatory,S3,Surgery,Combined exposure
S3_CGAGTGCCAGAATCGG-1,2.9733508,5.1066775,2,Homeostatic-A,S3,Surgery,Combined exposure
S3_CGAGTGCGTGAGAACC-1,3.9888601,6.2924366,2,Homeostatic-A,S3,Surgery,Combined exposure
S3_CGAGTGCTCATGCAGT-1,5.1015778,7.9350553,2,Homeostatic-A,S3,Surgery,Combined exposure
S3_CGAGTTATCACTGATG-1,9.534128,2.175725,6,Rare,S3,Surgery,Combined exposure
S3_CGAGTTATCTAGCCTC-1,4.895366,3.0168314,3,Homeostatic-B,S3,Surgery,Combined exposure
S3_CGATCGGTCGCCAACG-1,5.767893,4.143687,2,Homeostatic-A,S3,Surgery,Combined exposure
S3_CGATGGCCATCACGGC-1,1.9877198,9.745266,0,Inflammatory,S3,Surgery,Combined exposure
S3_CGCAGGTCAGCACACC-1,-0.6130852,5.7450843,1,Transitional-A,S3,Surgery,Combined exposure
S3_CGCAGGTTCGGCATTA-1,5.054648,1.118264,5,Transitional-B,S3,Surgery,Combined exposure
S3_CGCATAAAGGAGAGTA-1,3.469375,6.887931,2,Homeostatic-A,S3,Surgery,Combined exposure
S3_CGCATAATCGGTCATA-1,1.9866178,10.364335,0,Inflammatory,S3,Surgery,Combined exposure
S3_CGCATAATCTCGCAGG-1,5.5487185,6.092257,2,Homeostatic-A,S3,Surgery,Combined exposure
S3_CGCATGGCAGACGATG-1,2.7760367,10.039863,0,Inflammatory,S3,Surgery,Combined exposure
S3_CGCCAGAGTGCACAAG-1,1.9738501,9.036218,0,Inflammatory,S3,Surgery,Combined exposure
S3_CGCCAGATCCCATGGG-1,2.5648942,7.2187333,2,Homeostatic-A,S3,Surgery,Combined exposure
S3_CGCCAGATCCTCGATC-1,1.6388569,11.232857,0,Inflammatory,S3,Surgery,Combined exposure
S3_CGCCATTTCCGTAGTA-1,0.15720637,5.981567,0,Inflammatory,S3,Surgery,Combined exposure
S3_CGGAACCCATTCGGGC-1,3.165906,11.389425,0,Inflammatory,S3,Surgery,Combined exposure
S3_CGGAACCGTTAGTCGT-1,1.7728848,6.7102304,0,Inflammatory,S3,Surgery,Combined exposure
S3_CGGAATTCAGAGGACT-1,2.6491094,12.50664,0,Inflammatory,S3,Surgery,Combined exposure
S3_CGGAGAAGTGTCATCA-1,2.6236033,4.5941052000000004,3,Homeostatic-B,S3,Surgery,Combined exposure
S3_CGGGCATTCGAGCCAC-1,-0.06381456,8.607824,0,Inflammatory,S3,Surgery,Combined exposure
S3_CGGGTGTGTCAGTCTA-1,4.937437,8.1452,2,Homeostatic-A,S3,Surgery,Combined exposure
S3_CGTAAGTGTATCGAGG-1,1.5794488,3.1828682,3,Homeostatic-B,S3,Surgery,Combined exposure
S3_CGTAAGTTCAGACATC-1,-0.46131042,6.9949675,0,Inflammatory,S3,Surgery,Combined exposure
S3_CGTAAGTTCGCTTGAA-1,1.6468625,9.012257,0,Inflammatory,S3,Surgery,Combined exposure
S3_CGTAATGTCCGCTTAC-1,-2.0058608000000002,3.1320877,1,Transitional-A,S3,Surgery,Combined exposure
S3_CGTAGTAGTCGGTACC-1,4.678562,9.17186,0,Inflammatory,S3,Surgery,Combined exposure
S3_CGTCAAACAAATTGGA-1,-0.51714957,7.974929,0,Inflammatory,S3,Surgery,Combined exposure
S3_CGTCAAACATTCACCC-1,5.9052515,1.9238305,5,Transitional-B,S3,Surgery,Combined exposure
S3_CGTCAAAGTCTGTTAG-1,2.4482381,5.003521,2,Homeostatic-A,S3,Surgery,Combined exposure
S3_CGTCAAAGTGTTAACC-1,6.545958,1.2019042,5,Transitional-B,S3,Surgery,Combined exposure
S3_CGTCAAATCAAACGTC-1,1.3154165,6.296978,0,Inflammatory,S3,Surgery,Combined exposure
S3_CGTCCATTCGTGGCTG-1,-1.4911453,6.3468432,0,Inflammatory,S3,Surgery,Combined exposure
S3_CGTGAATGTTATCTTC-1,-2.2751367,1.817112,1,Transitional-A,S3,Surgery,Combined exposure
S3_CGTGAATGTTGAATCC-1,7.0717344,1.9019642,5,Transitional-B,S3,Surgery,Combined exposure
S3_CGTGAATTCCGTGACG-1,3.0042696,1.5865239,3,Homeostatic-B,S3,Surgery,Combined exposure
S3_CGTGATACAGAATGTA-1,3.3996933,12.262331,0,Inflammatory,S3,Surgery,Combined exposure
S3_CGTGTCTAGTATTAGG-1,6.367961,2.0930014,5,Transitional-B,S3,Surgery,Combined exposure
S3_CGTGTCTGTTCGGCTG-1,4.9080563,0.9518265,4,Homeostatic-C,S3,Surgery,Combined exposure
S3_CGTGTCTTCCCAACTC-1,1.8571447,6.4044094,2,Homeostatic-A,S3,Surgery,Combined exposure
S3_CGTTAGAAGATTCGCT-1,-0.59375,2.9744308,1,Transitional-A,S3,Surgery,Combined exposure
S3_CGTTAGAGTAACTTCG-1,-0.2855348,4.6645064,1,Transitional-A,S3,Surgery,Combined exposure
S3_CGTTAGAGTAAGCAAT-1,4.6689367,11.467827,0,Inflammatory,S3,Surgery,Combined exposure
S3_CGTTAGATCCTAGAGT-1,-0.8085499,4.8333817,1,Transitional-A,S3,Surgery,Combined exposure
S3_CGTTCTGCAAGCTCTA-1,2.383211,5.6325746,2,Homeostatic-A,S3,Surgery,Combined exposure
S3_CTAACTTGTACAGAAT-1,-0.77501833,3.0385163,1,Transitional-A,S3,Surgery,Combined exposure
S3_CTAACTTGTTGCGTAT-1,2.2506826,9.24705,0,Inflammatory,S3,Surgery,Combined exposure
S3_CTACAGATCAGTAGGG-1,5.308063,5.928799,2,Homeostatic-A,S3,Surgery,Combined exposure
S3_CTACATTTCAAGCTGT-1,0.24282907,5.867649,0,Inflammatory,S3,Surgery,Combined exposure
S3_CTACCCATCGACCATA-1,-1.581611,6.9503274,0,Inflammatory,S3,Surgery,Combined exposure
S3_CTACCTGCATGACTTG-1,4.994628,7.5510087,2,Homeostatic-A,S3,Surgery,Combined exposure
S3_CTACGGGCAACCAACT-1,2.8260512,5.686087,2,Homeostatic-A,S3,Surgery,Combined exposure
S3_CTACGGGTCTTCTAAC-1,4.20298,11.834665,0,Inflammatory,S3,Surgery,Combined exposure
S3_CTACTATTCCCGTGAG-1,5.8400702,1.155568,5,Transitional-B,S3,Surgery,Combined exposure
S3_CTAGGTATCACCGCTT-1,6.3389945,5.7439365,2,Homeostatic-A,S3,Surgery,Combined exposure
S3_CTATAGGCACAAGGTG-1,3.9970567,9.073064,0,Inflammatory,S3,Surgery,Combined exposure
S3_CTATAGGCAGTTCCAA-1,6.213664,3.352689,2,Homeostatic-A,S3,Surgery,Combined exposure
S3_CTATAGGGTGGCTTAT-1,1.0523618,10.034601,0,Inflammatory,S3,Surgery,Combined exposure
S3_CTATAGGTCGGCTGGT-1,0.46336162,5.025084,3,Homeostatic-B,S3,Surgery,Combined exposure
S3_CTATCTAAGGTCCCTG-1,0.66815484,3.3396447,1,Transitional-A,S3,Surgery,Combined exposure
S3_CTATCTACAGTGCGCT-1,5.8267007,6.5059156,2,Homeostatic-A,S3,Surgery,Combined exposure
S3_CTCAACCCATAATCCG-1,-2.5159585,3.3298297,1,Transitional-A,S3,Surgery,Combined exposure
S3_CTCAACCGTTCTAAGC-1,3.8010662,4.4226694,2,Homeostatic-A,S3,Surgery,Combined exposure
S3_CTCAACCTCCGCGGAT-1,-0.12661536,7.3371716,0,Inflammatory,S3,Surgery,Combined exposure
S3_CTCAAGAAGCAACTCT-1,4.6826115,6.773193,2,Homeostatic-A,S3,Surgery,Combined exposure
S3_CTCAAGATCGAGAATA-1,-1.3888663,1.0042912,1,Transitional-A,S3,Surgery,Combined exposure
S3_CTCAGAAAGAGATTCA-1,3.330828,9.261627,0,Inflammatory,S3,Surgery,Combined exposure
S3_CTCAGAAGTAAGTAGT-1,4.4802027,4.443134,2,Homeostatic-A,S3,Surgery,Combined exposure
S3_CTCAGGGCAGCTGAGA-1,2.9910526,9.65011,0,Inflammatory,S3,Surgery,Combined exposure
S3_CTCAGTCCACATATGC-1,2.4395325,11.947913,0,Inflammatory,S3,Surgery,Combined exposure
S3_CTCAGTCTCCGTTGAA-1,-0.11502152,6.503666,0,Inflammatory,S3,Surgery,Combined exposure
S3_CTCATCGCAGTCGTTA-1,3.6694224,7.810431,0,Inflammatory,S3,Surgery,Combined exposure
S3_CTCATGCAGCGATGGT-1,3.0415416,7.9312873,0,Inflammatory,S3,Surgery,Combined exposure
S3_CTCATTACAATACCTG-1,5.5699716,9.579471,0,Inflammatory,S3,Surgery,Combined exposure
S3_CTCCAACAGTTCCAGT-1,-0.6971806,-0.33826151,1,Transitional-A,S3,Surgery,Combined exposure
S3_CTCCACACAGATACTC-1,3.6279917,11.1145735,0,Inflammatory,S3,Surgery,Combined exposure
S3_CTCCATGCACAGAGCA-1,3.2510793,6.045936,2,Homeostatic-A,S3,Surgery,Combined exposure
S3_CTCCATGCAGTTGCGC-1,-0.60894054,3.2666934,1,Transitional-A,S3,Surgery,Combined exposure
S3_CTCCATGTCACTCGAA-1,6.953068,2.0933378,5,Transitional-B,S3,Surgery,Combined exposure
S3_CTCCCAAGTTCGGTTA-1,-1.0476418,2.7957435,1,Transitional-A,S3,Surgery,Combined exposure
S3_CTCCCTCAGAGTCTGG-1,5.374718,-0.16552305,5,Transitional-B,S3,Surgery,Combined exposure
S3_CTCCCTCGTCACTGAT-1,4.325715,7.1705265,2,Homeostatic-A,S3,Surgery,Combined exposure
S3_CTCCGATAGTGCACTT-1,0.42549583,8.034529,0,Inflammatory,S3,Surgery,Combined exposure
S3_CTCCGATAGTTGGCTT-1,-2.112494,3.0032458,1,Transitional-A,S3,Surgery,Combined exposure
S3_CTCCTCCCACGACTAT-1,2.0879595,9.483414,0,Inflammatory,S3,Surgery,Combined exposure
S3_CTCCTTTAGCAATTCC-1,4.110488,4.5321293,2,Homeostatic-A,S3,Surgery,Combined exposure
S3_CTCGAGGAGCACCGAA-1,1.9712613,4.474836,3,Homeostatic-B,S3,Surgery,Combined exposure
S3_CTCGAGGAGGCAGGGA-1,2.679802,7.122459,0,Inflammatory,S3,Surgery,Combined exposure
S3_CTCGAGGAGGGAGATA-1,-1.2446564,1.6285987,1,Transitional-A,S3,Surgery,Combined exposure
S3_CTCGAGGAGTTGGCTT-1,2.8319163,6.570553,2,Homeostatic-A,S3,Surgery,Combined exposure
S3_CTCGAGGCACATGTTG-1,3.2240489,5.213954,2,Homeostatic-A,S3,Surgery,Combined exposure
S3_CTCTCAGAGAAATCCA-1,2.6561973,8.84215,0,Inflammatory,S3,Surgery,Combined exposure
S3_CTCTCAGAGTAAGACT-1,-1.1258978,4.3631454,1,Transitional-A,S3,Surgery,Combined exposure
S3_CTCTCGATCAGACCTA-1,1.7950064,7.8657,0,Inflammatory,S3,Surgery,Combined exposure
S3_CTCTCGATCTGGGCAC-1,3.7815847,10.692237,0,Inflammatory,S3,Surgery,Combined exposure
S3_CTCTGGTGTATCGAGG-1,1.5786741,7.1320763,0,Inflammatory,S3,Surgery,Combined exposure
S3_CTCTGGTGTGGTAATA-1,-1.0394564,3.8526082,1,Transitional-A,S3,Surgery,Combined exposure
S3_CTCTGGTTCAAGAGGC-1,5.3585186,5.9574156,2,Homeostatic-A,S3,Surgery,Combined exposure
S3_CTCTGGTTCTAGCATG-1,7.3706813,4.7294974,2,Homeostatic-A,S3,Surgery,Combined exposure
S3_CTCTGGTTCTTTGCAT-1,0.10462227,2.1329958,1,Transitional-A,S3,Surgery,Combined exposure
S3_CTGAATGAGTAATTGG-1,-1.793206,3.593175,1,Transitional-A,S3,Surgery,Combined exposure
S3_CTGAATGCAGTGGCTC-1,5.212427,8.927654,0,Inflammatory,S3,Surgery,Combined exposure
S3_CTGAATGGTGGGAGAG-1,3.011209,8.294236,0,Inflammatory,S3,Surgery,Combined exposure
S3_CTGATCCAGTTGTAAG-1,4.3863463,12.672261,0,Inflammatory,S3,Surgery,Combined exposure
S3_CTGCAGGAGATGCTTC-1,4.7883296,7.654164,2,Homeostatic-A,S3,Surgery,Combined exposure
S3_CTGCAGGGTCACTTCC-1,-0.55211467,7.5572762000000004,0,Inflammatory,S3,Surgery,Combined exposure
S3_CTGCATCCATGATCTG-1,1.3594084,7.7042165,0,Inflammatory,S3,Surgery,Combined exposure
S3_CTGCATCTCTTCTGGC-1,1.3502799,8.079582,0,Inflammatory,S3,Surgery,Combined exposure
S3_CTGCCATAGTCTAGCT-1,3.7072794,8.97059,0,Inflammatory,S3,Surgery,Combined exposure
S3_CTGCCATGTAGGCTCC-1,4.619629,1.0098379,4,Homeostatic-C,S3,Surgery,Combined exposure
S3_CTGCCATGTATGGTTC-1,4.15933,6.3153152,2,Homeostatic-A,S3,Surgery,Combined exposure
S3_CTGCCTAAGCTTCTAG-1,-1.2619165,4.376352,1,Transitional-A,S3,Surgery,Combined exposure
S3_CTGCCTACATGGGATG-1,2.78006,10.720681,0,Inflammatory,S3,Surgery,Combined exposure
S3_CTGCGAGAGGCAATGC-1,-0.82598704,4.5884714,1,Transitional-A,S3,Surgery,Combined exposure
S3_CTGCTCAAGAAGTCAT-1,5.0200267,7.16732,2,Homeostatic-A,S3,Surgery,Combined exposure
S3_CTGCTCAAGGGCAGGA-1,-0.63681304,7.8130374,0,Inflammatory,S3,Surgery,Combined exposure
S3_CTGCTCAGTAGTCCTA-1,5.2088747,6.604925,2,Homeostatic-A,S3,Surgery,Combined exposure
S3_CTGCTCAGTTCTTCAT-1,1.8866985,7.236807,0,Inflammatory,S3,Surgery,Combined exposure
S3_CTGGACGAGACTAAGT-1,5.7306185,6.9727244,2,Homeostatic-A,S3,Surgery,Combined exposure
S3_CTGGACGGTTAGCGGA-1,-2.1630661,2.6253912,1,Transitional-A,S3,Surgery,Combined exposure
S3_CTGGTCTAGCTTTGTG-1,1.3959291,10.458405,0,Inflammatory,S3,Surgery,Combined exposure
S3_CTGGTCTAGTGGTTGG-1,3.8166075,10.430674,0,Inflammatory,S3,Surgery,Combined exposure
S3_CTGTACCGTGGGTTGA-1,1.4547647,9.217338,0,Inflammatory,S3,Surgery,Combined exposure
S3_CTGTAGAAGCCTCGTG-1,2.7415445,6.416263,2,Homeostatic-A,S3,Surgery,Combined exposure
S3_CTGTAGAGTAGGACCA-1,4.1833377,0.92459464,3,Homeostatic-B,S3,Surgery,Combined exposure
S3_CTGTATTTCAACCTCC-1,0.3189991,1.7547563,1,Transitional-A,S3,Surgery,Combined exposure
S3_CTGTCGTTCAGACATC-1,1.1356176,4.377982,3,Homeostatic-B,S3,Surgery,Combined exposure
S3_CTGTGAAGTCGTGCCA-1,1.4945891,5.529006,3,Homeostatic-B,S3,Surgery,Combined exposure
S3_CTGTGAAGTGCAACGA-1,3.688182,10.000536,0,Inflammatory,S3,Surgery,Combined exposure
S3_CTGTGGGAGTTGTCGT-1,0.20091927,7.0018897,0,Inflammatory,S3,Surgery,Combined exposure
S3_CTTACCGAGTGGTTAA-1,2.524898,11.592913,0,Inflammatory,S3,Surgery,Combined exposure
S3_CTTACCGCACGTATAC-1,3.1291,8.57559,0,Inflammatory,S3,Surgery,Combined exposure
S3_CTTAGGAAGGTATCTC-1,-1.6980298,4.710969,1,Transitional-A,S3,Surgery,Combined exposure
S3_CTTAGGAGTGAGTAGC-1,5.4466887,1.2839317,5,Transitional-B,S3,Surgery,Combined exposure
S3_CTTCAATGTTTCGTAG-1,3.135248,10.658931,0,Inflammatory,S3,Surgery,Combined exposure
S3_CTTCCGATCCATCTGC-1,2.4289718,6.657994,2,Homeostatic-A,S3,Surgery,Combined exposure
S3_CTTCCTTAGGGCCTCT-1,0.21969597,5.498403,0,Inflammatory,S3,Surgery,Combined exposure
S3_CTTCCTTCAGCGCTTG-1,-1.6712325,3.6898956,1,Transitional-A,S3,Surgery,Combined exposure
S3_CTTCTAAGTCGCTCGA-1,0.07857329,9.83136,0,Inflammatory,S3,Surgery,Combined exposure
S3_CTTCTCTAGTTCCAGT-1,4.3855596,7.4790125,2,Homeostatic-A,S3,Surgery,Combined exposure
S3_CTTGAGAAGGATGTTA-1,1.3213493,5.069807,3,Homeostatic-B,S3,Surgery,Combined exposure
S3_CTTGAGAAGGTTGCCC-1,2.2939622,9.236434,0,Inflammatory,S3,Surgery,Combined exposure
S3_CTTGAGAGTAGTTCCA-1,4.155479,5.650765,2,Homeostatic-A,S3,Surgery,Combined exposure
S3_CTTGAGATCGCGAAGA-1,5.776903,-1.0458548,5,Transitional-B,S3,Surgery,Combined exposure
S3_CTTGATTCAACAGAGC-1,4.8572984,3.8267262,2,Homeostatic-A,S3,Surgery,Combined exposure
S3_CTTGATTTCTCGGCTT-1,7.738141,1.5070776,5,Transitional-B,S3,Surgery,Combined exposure
S3_CTTTCAACAGAGGCTA-1,2.7475371,7.427753,0,Inflammatory,S3,Surgery,Combined exposure
S3_GAAATGACACCTCAGG-1,-0.6010614,5.274803,1,Transitional-A,S3,Surgery,Combined exposure
S3_GAACACTAGCCTATCA-1,0.77571917,8.928736,0,Inflammatory,S3,Surgery,Combined exposure
S3_GAACACTCACTATCCC-1,-1.0199755,5.251821,1,Transitional-A,S3,Surgery,Combined exposure
S3_GAACGTTCACAAACGG-1,0.18293963,6.395782,0,Inflammatory,S3,Surgery,Combined exposure
S3_GAACTGTCAGCGCTTG-1,5.0227823,9.540412,0,Inflammatory,S3,Surgery,Combined exposure
S3_GAAGAATTCAGTGTCA-1,0.27364522,3.0112314,1,Transitional-A,S3,Surgery,Combined exposure
S3_GAAGCCCCATCTAGAC-1,2.8088,6.4351883,2,Homeostatic-A,S3,Surgery,Combined exposure
S3_GAAGCGACAGCATTGT-1,3.351155,8.465943,0,Inflammatory,S3,Surgery,Combined exposure
S3_GAAGGACCAATAGGGC-1,2.9580839,2.0091364,3,Homeostatic-B,S3,Surgery,Combined exposure
S3_GAAGTAATCGCAACAT-1,7.547723,-0.8706764,5,Transitional-B,S3,Surgery,Combined exposure
S3_GAATAGAAGGCTAGCA-1,2.9866736,4.403004,3,Homeostatic-B,S3,Surgery,Combined exposure
S3_GAATCGTTCACTGCTC-1,0.4585787,4.709594,3,Homeostatic-B,S3,Surgery,Combined exposure
S3_GACAGCCAGGAAGTCC-1,-1.1235417,2.9816797,1,Transitional-A,S3,Surgery,Combined exposure
S3_GACAGCCAGGCCCACT-1,3.0058806,7.416823,0,Inflammatory,S3,Surgery,Combined exposure
S3_GACCAATAGGGTCTTT-1,0.18265736,8.342685,0,Inflammatory,S3,Surgery,Combined exposure
S3_GACCCAGAGCCGTTAT-1,2.0524185,6.1552587,2,Homeostatic-A,S3,Surgery,Combined exposure
S3_GACCCAGCATACCACA-1,3.912373,8.405159,2,Homeostatic-A,S3,Surgery,Combined exposure
S3_GACCCAGGTGGCGTAA-1,4.9133153,5.096973,2,Homeostatic-A,S3,Surgery,Combined exposure
S3_GACCCAGGTTATAGCC-1,-0.18375847,8.913382,0,Inflammatory,S3,Surgery,Combined exposure
S3_GACCGTGAGTCACGAG-1,-1.5689121,2.9935257,1,Transitional-A,S3,Surgery,Combined exposure
S3_GACGCTGAGAGGCTGT-1,3.2166815,2.6367102,3,Homeostatic-B,S3,Surgery,Combined exposure
S3_GACTATGCAGCGCGTT-1,2.4578183,8.167294,0,Inflammatory,S3,Surgery,Combined exposure
S3_GACTATGTCCTCATAT-1,5.0918508,11.037815,0,Inflammatory,S3,Surgery,Combined exposure
S3_GACTCAACAGGTCCCA-1,5.386826,3.6709177,2,Homeostatic-A,S3,Surgery,Combined exposure
S3_GACTCTCTCCTTCACG-1,3.1389148,1.7876549,3,Homeostatic-B,S3,Surgery,Combined exposure
S3_GACTGATAGGAAGTAG-1,0.036672663,6.7396865,0,Inflammatory,S3,Surgery,Combined exposure
S3_GACTGATCAGCTCCTT-1,4.0085750000000004,11.537734,0,Inflammatory,S3,Surgery,Combined exposure
S3_GACTTCCAGGTAGATT-1,1.8344849,9.313635,0,Inflammatory,S3,Surgery,Combined exposure
S3_GAGAAATAGACCATAA-1,2.5888073,7.6230626,0,Inflammatory,S3,Surgery,Combined exposure
S3_GAGAAATAGCGGATCA-1,7.691591,0.40907782,5,Transitional-B,S3,Surgery,Combined exposure
S3_GAGAAATGTATCGAGG-1,2.9398794,8.740284,0,Inflammatory,S3,Surgery,Combined exposure
S3_GAGACCCCAATTCACG-1,-0.79834,3.151288,1,Transitional-A,S3,Surgery,Combined exposure
S3_GAGACCCGTGTTAACC-1,3.6101084,4.9064817,2,Homeostatic-A,S3,Surgery,Combined exposure
S3_GAGACTTAGGAAGTAG-1,-0.90475124,2.8673584,1,Transitional-A,S3,Surgery,Combined exposure
S3_GAGACTTCAGCTGAGA-1,2.158054,6.7612348,2,Homeostatic-A,S3,Surgery,Combined exposure
S3_GAGAGGTCAAATGGTA-1,-0.29861036,5.253863,1,Transitional-A,S3,Surgery,Combined exposure
S3_GAGATGGAGCCGATTT-1,1.7443897,5.5113463,3,Homeostatic-B,S3,Surgery,Combined exposure
S3_GAGATGGGTGAACTAA-1,1.9338619,4.9450226,3,Homeostatic-B,S3,Surgery,Combined exposure
S3_GAGCCTGCAAAGGGCT-1,3.6320274,-2.0819683,4,Homeostatic-C,S3,Surgery,Combined exposure
S3_GAGCCTGTCCCTTGGT-1,3.6271951,5.5539317,2,Homeostatic-A,S3,Surgery,Combined exposure
S3_GAGCTGCCAACTGCTA-1,-1.233946,4.894396,1,Transitional-A,S3,Surgery,Combined exposure
S3_GAGCTGCTCTCATTGT-1,0.91958165,6.171887,0,Inflammatory,S3,Surgery,Combined exposure
S3_GAGGCAATCGTGGTAT-1,-1.6779512,3.704681,1,Transitional-A,S3,Surgery,Combined exposure
S3_GAGTCATGTTGCCTAA-1,-2.1216962,1.4196206,1,Transitional-A,S3,Surgery,Combined exposure
S3_GAGTCATTCAGCGGAA-1,6.509955,1.0066297,5,Transitional-B,S3,Surgery,Combined exposure
S3_GAGTCTAAGGTTTGAA-1,2.2508414,9.514474,0,Inflammatory,S3,Surgery,Combined exposure
S3_GAGTGAGCAACGACAG-1,3.2408166,10.057862,0,Inflammatory,S3,Surgery,Combined exposure
S3_GAGTGAGTCGAGCCTG-1,3.5224512,7.8629766,2,Homeostatic-A,S3,Surgery,Combined exposure
S3_GAGTTACGTGCCCAGT-1,1.6538192,9.312033,0,Inflammatory,S3,Surgery,Combined exposure
S3_GAGTTTGGTTGAGAGC-1,4.1941156,13.190999,0,Inflammatory,S3,Surgery,Combined exposure
S3_GATAGCTAGCAGGGAG-1,2.3570042,12.039077,0,Inflammatory,S3,Surgery,Combined exposure
S3_GATCACACACCGTGCA-1,2.6884236,7.949902,0,Inflammatory,S3,Surgery,Combined exposure
S3_GATCACATCATTTCCA-1,3.6539607,11.514837,0,Inflammatory,S3,Surgery,Combined exposure
S3_GATCAGTAGACCTCCG-1,3.9524302,12.749185,0,Inflammatory,S3,Surgery,Combined exposure
S3_GATCAGTCAACCGTAT-1,3.2698646,10.469387,0,Inflammatory,S3,Surgery,Combined exposure
S3_GATCAGTTCCACAGGC-1,3.038379,8.379272,0,Inflammatory,S3,Surgery,Combined exposure
S3_GATCAGTTCCTACACC-1,6.039412,6.145559,2,Homeostatic-A,S3,Surgery,Combined exposure
S3_GATCATGAGCGAATGC-1,3.6060884,9.906384,0,Inflammatory,S3,Surgery,Combined exposure
S3_GATCATGCAGGAAGTC-1,2.2335753,11.997917,0,Inflammatory,S3,Surgery,Combined exposure
S3_GATCCCTAGGATGAGA-1,2.8231843,11.96556,0,Inflammatory,S3,Surgery,Combined exposure
S3_GATCCCTCACGAGGAT-1,4.738924,5.1008925,2,Homeostatic-A,S3,Surgery,Combined exposure
S3_GATCCCTGTTGGAGAC-1,0.725687,9.970591,0,Inflammatory,S3,Surgery,Combined exposure
S3_GATGACTCACGAAAGC-1,4.4405904,11.4017,0,Inflammatory,S3,Surgery,Combined exposure
S3_GATGATCAGACACACG-1,-0.14736244,5.644201,1,Transitional-A,S3,Surgery,Combined exposure
S3_GATGATCCAGGACAGT-1,-1.0344766,1.6109436,1,Transitional-A,S3,Surgery,Combined exposure
S3_GATGATCTCCGTAGGC-1,6.845978,1.4755981,5,Transitional-B,S3,Surgery,Combined exposure
S3_GATGGAGAGACTTCAC-1,3.2212398,6.281634,2,Homeostatic-A,S3,Surgery,Combined exposure
S3_GATGGAGGTCTCAGGC-1,5.2977476,0.033042587,5,Transitional-B,S3,Surgery,Combined exposure
S3_GATGGAGTCGAATCCA-1,5.768664,6.5518103,2,Homeostatic-A,S3,Surgery,Combined exposure
S3_GATGTTGGTTCAAAGA-1,1.5834072,9.5808,0,Inflammatory,S3,Surgery,Combined exposure
S3_GATTTCTTCCATTGCC-1,4.099549,12.111235,0,Inflammatory,S3,Surgery,Combined exposure
S3_GATTTCTTCGTTCTCG-1,3.2761612,10.73517,0,Inflammatory,S3,Surgery,Combined exposure
S3_GCAACATCACAATGTC-1,3.7428024,8.709174,2,Homeostatic-A,S3,Surgery,Combined exposure
S3_GCACATACAACGCCCA-1,-1.5790535,6.349572,0,Inflammatory,S3,Surgery,Combined exposure
S3_GCACGGTAGTGTAGTA-1,3.6060941,8.835308,0,Inflammatory,S3,Surgery,Combined exposure
S3_GCACTAACAGACCAGA-1,6.1460123,2.138144,5,Transitional-B,S3,Surgery,Combined exposure
S3_GCACTAATCGCACGGT-1,2.985688,6.139112,2,Homeostatic-A,S3,Surgery,Combined exposure
S3_GCAGCCAAGACTTCGT-1,1.0281928,3.3990846,3,Homeostatic-B,S3,Surgery,Combined exposure
S3_GCAGCTGTCGTCCTTG-1,1.2841333,10.156424,0,Inflammatory,S3,Surgery,Combined exposure
S3_GCAGGCTAGGAAGTCC-1,0.2040549,4.497874,1,Transitional-A,S3,Surgery,Combined exposure
S3_GCAGGCTGTGTCCCTT-1,4.165111,6.1716733,2,Homeostatic-A,S3,Surgery,Combined exposure
S3_GCAGTTATCCTAGCTC-1,-1.5104865,6.4841857,0,Inflammatory,S3,Surgery,Combined exposure
S3_GCATCGGCAGAGACTG-1,6.0217333,5.4811835,2,Homeostatic-A,S3,Surgery,Combined exposure
S3_GCATCGGCATGGAAGC-1,0.07606938,7.13563,0,Inflammatory,S3,Surgery,Combined exposure
S3_GCATCGGTCGCTAAAC-1,1.0982695,4.8824635,3,Homeostatic-B,S3,Surgery,Combined exposure
S3_GCATCTCTCGAGAGAC-1,-0.14337598,6.6883535,0,Inflammatory,S3,Surgery,Combined exposure
S3_GCATGATCAACTGGTT-1,4.129711,5.8860703,2,Homeostatic-A,S3,Surgery,Combined exposure
S3_GCATGATCAGCGTAGA-1,1.5844679,8.859964,0,Inflammatory,S3,Surgery,Combined exposure
S3_GCATTAGCAATCACGT-1,-1.1547107,7.3023343,0,Inflammatory,S3,Surgery,Combined exposure
S3_GCCAACGAGCGGGTTA-1,0.39380077,7.038444,0,Inflammatory,S3,Surgery,Combined exposure
S3_GCCAACGAGGTCCCTG-1,6.784322,0.38329226,5,Transitional-B,S3,Surgery,Combined exposure
S3_GCCAGCAAGACGCCAA-1,3.9081843,10.445581,0,Inflammatory,S3,Surgery,Combined exposure
S3_GCCATGGTCTCAATCT-1,2.1193893,9.706578,0,Inflammatory,S3,Surgery,Combined exposure
S3_GCCATTCGTAGACTGG-1,2.040799,11.522727,0,Inflammatory,S3,Surgery,Combined exposure
S3_GCCCGAAGTCAACCTA-1,7.1377234,2.8021698,5,Transitional-B,S3,Surgery,Combined exposure
S3_GCCGATGAGTAACCTC-1,2.069769,5.246811,3,Homeostatic-B,S3,Surgery,Combined exposure
S3_GCCGTGATCGACGATT-1,10.734428,1.9618523,6,Rare,S3,Surgery,Combined exposure
S3_GCCTGTTCAACTTCTT-1,3.7338562,8.567518,2,Homeostatic-A,S3,Surgery,Combined exposure
S3_GCCTGTTCATACCGTA-1,1.1077477,8.596027,0,Inflammatory,S3,Surgery,Combined exposure
S3_GCGGAAACAAATACAG-1,1.1910374,9.450627,0,Inflammatory,S3,Surgery,Combined exposure
S3_GCGGATCAGGGTAATT-1,2.2359037,9.327082,0,Inflammatory,S3,Surgery,Combined exposure
S3_GCGGATCAGGTAGCAC-1,1.6175103,5.3146048,3,Homeostatic-B,S3,Surgery,Combined exposure
S3_GCGGATCTCCAAGCCG-1,1.3589426,9.356056,0,Inflammatory,S3,Surgery,Combined exposure
S3_GCGTGCATCAATCTCT-1,1.6481581,9.61543,0,Inflammatory,S3,Surgery,Combined exposure
S3_GCTACAAGTCTTGCTC-1,2.7893507,8.613159,0,Inflammatory,S3,Surgery,Combined exposure
S3_GCTACAATCCACATAG-1,3.1915703,11.246476,0,Inflammatory,S3,Surgery,Combined exposure
S3_GCTCAAATCTCATTGT-1,0.003138831,5.3516984,1,Transitional-A,S3,Surgery,Combined exposure
S3_GCTGAATAGCCGCACT-1,6.178308,7.467612,2,Homeostatic-A,S3,Surgery,Combined exposure
S3_GCTGCAGGTTTACACG-1,3.525992,7.09283,2,Homeostatic-A,S3,Surgery,Combined exposure
S3_GCTGGGTAGACCAGAC-1,0.17548154,3.619351,1,Transitional-A,S3,Surgery,Combined exposure
S3_GCTTCACAGAGTGTTA-1,4.1092176,9.458827,0,Inflammatory,S3,Surgery,Combined exposure
S3_GCTTCACGTATGAGGC-1,1.430313,9.775846,0,Inflammatory,S3,Surgery,Combined exposure
S3_GCTTCACTCCCAAGCG-1,6.6073895,6.116294,2,Homeostatic-A,S3,Surgery,Combined exposure
S3_GCTTCACTCTCGCCTA-1,3.235308,10.508824,0,Inflammatory,S3,Surgery,Combined exposure
S3_GCTTGGGGTGATTCAC-1,4.857335,7.1654963,2,Homeostatic-A,S3,Surgery,Combined exposure
S3_GCTTTCGAGAGCATCG-1,3.4176126,7.161635,2,Homeostatic-A,S3,Surgery,Combined exposure
S3_GGAAGTGCAAAGCAAT-1,1.5404332,4.877698,3,Homeostatic-B,S3,Surgery,Combined exposure
S3_GGAATCTAGGTTGTTC-1,3.457578,9.062244,0,Inflammatory,S3,Surgery,Combined exposure
S3_GGAATCTCAGGGATAC-1,2.6332316,8.907739,0,Inflammatory,S3,Surgery,Combined exposure
S3_GGAATCTTCGTCACCT-1,-0.48435658,3.1280558,1,Transitional-A,S3,Surgery,Combined exposure
S3_GGAATGGAGCGTGTCC-1,0.6690587,8.613679,0,Inflammatory,S3,Surgery,Combined exposure
S3_GGACGTCGTGAACGGT-1,3.420631,9.361254,0,Inflammatory,S3,Surgery,Combined exposure
S3_GGACGTCTCCATCACC-1,1.3286462,5.6235967,3,Homeostatic-B,S3,Surgery,Combined exposure
S3_GGAGAACCAGAGTAAT-1,3.1075022,8.568987,0,Inflammatory,S3,Surgery,Combined exposure
S3_GGAGAACGTACAGGTG-1,4.167319,5.820886,2,Homeostatic-A,S3,Surgery,Combined exposure
S3_GGAGATGTCTGAGAGG-1,4.7540274,8.773784,2,Homeostatic-A,S3,Surgery,Combined exposure
S3_GGAGCAAAGCCTGTCG-1,0.8681579,8.049884,0,Inflammatory,S3,Surgery,Combined exposure
S3_GGAGCAACACCTCGTT-1,4.130092,12.411793,0,Inflammatory,S3,Surgery,Combined exposure
S3_GGAGGTACAGGCGTTC-1,0.36126325,9.382832,0,Inflammatory,S3,Surgery,Combined exposure
S3_GGATCTAGTTTCAGAC-1,-2.320412,3.86146,1,Transitional-A,S3,Surgery,Combined exposure
S3_GGATCTATCTAAGGAA-1,9.571542,2.60057,6,Rare,S3,Surgery,Combined exposure
S3_GGATGTTAGTAAACAC-1,1.0715928,5.756723,3,Homeostatic-B,S3,Surgery,Combined exposure
S3_GGCACGTTCAGCCCAG-1,5.0393,1.8294994,3,Homeostatic-B,S3,Surgery,Combined exposure
S3_GGCAGTCCACTCGATA-1,4.722297,4.51719,2,Homeostatic-A,S3,Surgery,Combined exposure
S3_GGCAGTCTCATTGTTC-1,2.6611784,5.8445864,2,Homeostatic-A,S3,Surgery,Combined exposure
S3_GGCGTCATCCATAAGC-1,1.097076,7.402707,0,Inflammatory,S3,Surgery,Combined exposure
S3_GGCTTGGTCTATACGG-1,3.444962,8.318137,0,Inflammatory,S3,Surgery,Combined exposure
S3_GGCTTGGTCTGAATGC-1,2.509485,9.270448,0,Inflammatory,S3,Surgery,Combined exposure
S3_GGCTTTCGTTCAAGTC-1,-1.6408973,2.616363,1,Transitional-A,S3,Surgery,Combined exposure
S3_GGGACAAGTTCTCTAT-1,1.9782372,5.8225784,2,Homeostatic-A,S3,Surgery,Combined exposure
S3_GGGACAATCGGTAAGG-1,4.248509,5.427657,2,Homeostatic-A,S3,Surgery,Combined exposure
S3_GGGACCTGTTAAAGTG-1,-0.7264992,6.817883,0,Inflammatory,S3,Surgery,Combined exposure
S3_GGGACTCGTTTGCCGG-1,6.8760033,-1.2299157,5,Transitional-B,S3,Surgery,Combined exposure
S3_GGGACTCTCCATACAG-1,2.3523972,7.359203,0,Inflammatory,S3,Surgery,Combined exposure
S3_GGGAGATAGCACTCAT-1,2.700518,8.839712,0,Inflammatory,S3,Surgery,Combined exposure
S3_GGGATGAGTGGGCTCT-1,3.5025885,7.721622,2,Homeostatic-A,S3,Surgery,Combined exposure
S3_GGGATGATCATCACTT-1,1.5801374,8.992187,0,Inflammatory,S3,Surgery,Combined exposure
S3_GGGCCATTCCGTTGGG-1,4.45247,3.239444,3,Homeostatic-B,S3,Surgery,Combined exposure
S3_GGGCCATTCTCAACGA-1,1.1603066,8.631366,0,Inflammatory,S3,Surgery,Combined exposure
S3_GGGCGTTGTACATTGC-1,6.4934187,1.2197958,5,Transitional-B,S3,Surgery,Combined exposure
S3_GGGCTCACAAATGCTC-1,2.4426804,11.454782,0,Inflammatory,S3,Surgery,Combined exposure
S3_GGGTAGAAGAGAACCC-1,0.3654801,2.5255246,1,Transitional-A,S3,Surgery,Combined exposure
S3_GGGTATTCAACAAGTA-1,-0.45634776,8.441501,0,Inflammatory,S3,Surgery,Combined exposure
S3_GGGTCACCATAACTCG-1,-1.1225203,1.6573719,1,Transitional-A,S3,Surgery,Combined exposure
S3_GGGTCTGAGTGCTAGG-1,4.330443,12.208942,0,Inflammatory,S3,Surgery,Combined exposure
S3_GGGTCTGTCCATTCGC-1,3.1251764,5.206134,2,Homeostatic-A,S3,Surgery,Combined exposure
S3_GGGTGAATCGACGACC-1,3.8807116,10.805429,0,Inflammatory,S3,Surgery,Combined exposure
S3_GGGTGTCCACAGAAGC-1,0.85276365,4.681662,3,Homeostatic-B,S3,Surgery,Combined exposure
S3_GGGTTTAAGTGTTGTC-1,2.6799562,9.05044,0,Inflammatory,S3,Surgery,Combined exposure
S3_GGTAACTGTCGCTCGA-1,-0.8648866,4.270262,1,Transitional-A,S3,Surgery,Combined exposure
S3_GGTAATCCAATAGGAT-1,3.9806478,11.620634,0,Inflammatory,S3,Surgery,Combined exposure
S3_GGTAATCCACCAGGTC-1,0.99314547,5.207138,3,Homeostatic-B,S3,Surgery,Combined exposure
S3_GGTAATCGTGCTCGTG-1,1.995384,9.031872,0,Inflammatory,S3,Surgery,Combined exposure
S3_GGTAGAGAGGACGCAT-1,1.1134762,3.5844274,3,Homeostatic-B,S3,Surgery,Combined exposure
S3_GGTAGAGCATCGTTCC-1,3.061348,6.705693,2,Homeostatic-A,S3,Surgery,Combined exposure
S3_GGTCACGGTCAAGCCC-1,1.272997,7.173374,0,Inflammatory,S3,Surgery,Combined exposure
S3_GGTCACGGTCTGTCAA-1,-0.89665246,4.8792796,1,Transitional-A,S3,Surgery,Combined exposure
S3_GGTCTGGCACGTCGTG-1,1.802392,10.61751,0,Inflammatory,S3,Surgery,Combined exposure
S3_GGTGAAGAGAGCAGCT-1,0.5923232,4.9064994,3,Homeostatic-B,S3,Surgery,Combined exposure
S3_GGTGAAGAGTAGGCCA-1,3.4872992,1.6596724,3,Homeostatic-B,S3,Surgery,Combined exposure
S3_GGTGAAGTCCATAGGT-1,3.3660564,5.333007,2,Homeostatic-A,S3,Surgery,Combined exposure
S3_GGTGGCTAGAAACTAC-1,4.84367,7.395993,2,Homeostatic-A,S3,Surgery,Combined exposure
S3_GGTGTCGCAACTCATG-1,-1.110421,5.6819434,0,Inflammatory,S3,Surgery,Combined exposure
S3_GGTGTTACAGGCATGA-1,3.4479291,9.828886,0,Inflammatory,S3,Surgery,Combined exposure
S3_GGTTCTCAGCAGAAAG-1,1.6976088,4.7688184,3,Homeostatic-B,S3,Surgery,Combined exposure
S3_GGTTCTCTCGGTAAGG-1,7.1522284,2.4318793,5,Transitional-B,S3,Surgery,Combined exposure
S3_GTAACCACAGATGCGA-1,3.1468823,8.553745,0,Inflammatory,S3,Surgery,Combined exposure
S3_GTAACCACATTGAGCT-1,0.508205,0.78795725,1,Transitional-A,S3,Surgery,Combined exposure
S3_GTAAGTCAGCTTAGTC-1,3.3221917,2.904076,3,Homeostatic-B,S3,Surgery,Combined exposure
S3_GTAAGTCCAGAGGTTG-1,0.18948379,8.238385,0,Inflammatory,S3,Surgery,Combined exposure
S3_GTAAGTCTCACTACTT-1,3.392922,6.304783,2,Homeostatic-A,S3,Surgery,Combined exposure
S3_GTAATCGGTCTTGTCC-1,1.582718,2.7158508,3,Homeostatic-B,S3,Surgery,Combined exposure
S3_GTACAACTCTTACGGA-1,4.2893,12.268803,0,Inflammatory,S3,Surgery,Combined exposure
S3_GTACAGTAGCATGATA-1,3.0542579,1.3212191,3,Homeostatic-B,S3,Surgery,Combined exposure
S3_GTAGATCCAAGCCCAC-1,-0.8053279,4.108771,1,Transitional-A,S3,Surgery,Combined exposure
S3_GTAGCTATCACAGAGG-1,-1.1623213,2.054894,1,Transitional-A,S3,Surgery,Combined exposure
S3_GTAGGTTAGTGTACAA-1,4.8934565,5.401591,2,Homeostatic-A,S3,Surgery,Combined exposure
S3_GTAGGTTCAGCTGTTA-1,2.7490578,11.906781,0,Inflammatory,S3,Surgery,Combined exposure
S3_GTAGGTTGTTGTTGCA-1,3.9390728,10.874345,0,Inflammatory,S3,Surgery,Combined exposure
S3_GTAGGTTTCGGAGATG-1,0.018266648,9.492701,0,Inflammatory,S3,Surgery,Combined exposure
S3_GTATTGGAGGAAGTAG-1,2.999728,5.3901176,2,Homeostatic-A,S3,Surgery,Combined exposure
S3_GTATTGGCACTTCAAG-1,5.9732428,0.026316669,5,Transitional-B,S3,Surgery,Combined exposure
S3_GTCAAACAGCGGACAT-1,-1.1511464,6.479258,0,Inflammatory,S3,Surgery,Combined exposure
S3_GTCAAACGTTAGAAGT-1,-0.9984017,3.9307406,1,Transitional-A,S3,Surgery,Combined exposure
S3_GTCAAGTAGTATTCCG-1,4.106764,10.865825,0,Inflammatory,S3,Surgery,Combined exposure
S3_GTCAAGTCAACCAGAG-1,0.9816474,4.7257147,3,Homeostatic-B,S3,Surgery,Combined exposure
S3_GTCAAGTCACGACGCT-1,1.0614455,3.664753,3,Homeostatic-B,S3,Surgery,Combined exposure
S3_GTCAAGTTCAAGAGTA-1,-1.163133,5.27371,1,Transitional-A,S3,Surgery,Combined exposure
S3_GTCAGCGCAGAAGCTG-1,1.6213937,5.693446,3,Homeostatic-B,S3,Surgery,Combined exposure
S3_GTCATTTGTATCGCGC-1,1.9290924,2.428112,3,Homeostatic-B,S3,Surgery,Combined exposure
S3_GTCCACTCAACGTATC-1,3.2274265,8.885435,0,Inflammatory,S3,Surgery,Combined exposure
S3_GTCCTCAAGTAGCCAG-1,6.1378093,5.07904,2,Homeostatic-A,S3,Surgery,Combined exposure
S3_GTCGAATCACACGGAA-1,-0.29361436,6.960036,0,Inflammatory,S3,Surgery,Combined exposure
S3_GTCTACCCATCACGGC-1,4.4380317,8.823213,0,Inflammatory,S3,Surgery,Combined exposure
S3_GTCTAGACAACTGCTA-1,6.0118365,1.5397191,5,Transitional-B,S3,Surgery,Combined exposure
S3_GTCTCACTCGAAATCC-1,3.4448228,7.4233623,2,Homeostatic-A,S3,Surgery,Combined exposure
S3_GTCTGTCAGACTTGTC-1,2.7612414,10.5696125,0,Inflammatory,S3,Surgery,Combined exposure
S3_GTCTGTCAGCGTGTTT-1,4.141533,9.345308,0,Inflammatory,S3,Surgery,Combined exposure
S3_GTCTTTAGTGTTGATC-1,2.1087446,8.930072,0,Inflammatory,S3,Surgery,Combined exposure
S3_GTGAGCCCAGGAACCA-1,2.5215027,4.8361936,3,Homeostatic-B,S3,Surgery,Combined exposure
S3_GTGAGCCGTACGATTC-1,4.1877346,8.008918,2,Homeostatic-A,S3,Surgery,Combined exposure
S3_GTGAGCCTCTCTGCTG-1,1.036291,10.212547,0,Inflammatory,S3,Surgery,Combined exposure
S3_GTGAGGAGTACTCCCT-1,5.5428257,8.027807,2,Homeostatic-A,S3,Surgery,Combined exposure
S3_GTGAGTTCACCGTGCA-1,-0.2911961,7.2037725,0,Inflammatory,S3,Surgery,Combined exposure
S3_GTGAGTTGTCTTTATC-1,5.0303116,9.4012375,0,Inflammatory,S3,Surgery,Combined exposure
S3_GTGATGTCATAGAGGC-1,2.3456323,11.597688,0,Inflammatory,S3,Surgery,Combined exposure
S3_GTGCACGCACTGAGGA-1,-1.4335321,5.854765,0,Inflammatory,S3,Surgery,Combined exposure
S3_GTGCAGCAGATGAACT-1,0.70318484,7.7721004,0,Inflammatory,S3,Surgery,Combined exposure
S3_GTGCAGCGTAGGCTCC-1,4.888684,7.2789297,2,Homeostatic-A,S3,Surgery,Combined exposure
S3_GTGCGTGGTGCCTTTC-1,2.0747483,11.40664,0,Inflammatory,S3,Surgery,Combined exposure
S3_GTGCGTGGTTCCGTTC-1,3.4680464,4.0224276,3,Homeostatic-B,S3,Surgery,Combined exposure
S3_GTGCGTGTCGTTCGCT-1,3.3830404,11.307485,0,Inflammatory,S3,Surgery,Combined exposure
S3_GTGCTGGCAATAGGGC-1,-1.3686523,1.6829919,1,Transitional-A,S3,Surgery,Combined exposure
S3_GTGCTGGGTCAGTCGC-1,-1.242738,6.505266,0,Inflammatory,S3,Surgery,Combined exposure
S3_GTGGAGACATCCTTCG-1,0.7744225,10.054012,0,Inflammatory,S3,Surgery,Combined exposure
S3_GTGGCGTAGTCTGGAG-1,3.1655834,3.0913603,3,Homeostatic-B,S3,Surgery,Combined exposure
S3_GTGGCGTGTCGTATGT-1,7.268353,0.6898297,5,Transitional-B,S3,Surgery,Combined exposure
S3_GTGGCGTTCGGTCGAC-1,1.6551186,6.273461,2,Homeostatic-A,S3,Surgery,Combined exposure
S3_GTGGGAATCTGTCCCA-1,3.1625767,5.1229234,2,Homeostatic-A,S3,Surgery,Combined exposure
S3_GTGGTTACACTTCTCG-1,2.244687,5.019988,3,Homeostatic-B,S3,Surgery,Combined exposure
S3_GTGTAACGTGCATTAC-1,4.639104,8.809133,2,Homeostatic-A,S3,Surgery,Combined exposure
S3_GTGTCCTTCAGAGCAG-1,-0.23942257,6.6724687,0,Inflammatory,S3,Surgery,Combined exposure
S3_GTGTGATGTCTTCGAA-1,5.4232802,1.2839384,3,Homeostatic-B,S3,Surgery,Combined exposure
S3_GTGTGATTCACTTTGT-1,5.1602197,7.692186,2,Homeostatic-A,S3,Surgery,Combined exposure
S3_GTGTGGCAGCTTGTGT-1,2.0255919,5.4251394,3,Homeostatic-B,S3,Surgery,Combined exposure
S3_GTGTGGCGTGCCGAAA-1,4.6515903,8.388527,2,Homeostatic-A,S3,Surgery,Combined exposure
S3_GTGTTAGCAGCGTACC-1,7.0013504,0.3616427,5,Transitional-B,S3,Surgery,Combined exposure
S3_GTGTTAGTCAGTCAGT-1,0.85388756,2.5173392,1,Transitional-A,S3,Surgery,Combined exposure
S3_GTGTTAGTCTTAGCCC-1,-0.2922075,8.847201,0,Inflammatory,S3,Surgery,Combined exposure
S3_GTGTTCCAGTCATAGA-1,4.0617433,9.547739,0,Inflammatory,S3,Surgery,Combined exposure
S3_GTGTTCCCATTGAGCT-1,2.540931,4.1527357,3,Homeostatic-B,S3,Surgery,Combined exposure
S3_GTTACAGAGGGTTAAT-1,1.9030709,8.910802,0,Inflammatory,S3,Surgery,Combined exposure
S3_GTTACCCAGCTAGCCC-1,-0.87999684,4.7862206,1,Transitional-A,S3,Surgery,Combined exposure
S3_GTTACCCTCGGCATCG-1,6.0089984,2.2041588,5,Transitional-B,S3,Surgery,Combined exposure
S3_GTTACGAAGTACTGTC-1,2.2060292,6.472965,2,Homeostatic-A,S3,Surgery,Combined exposure
S3_GTTACGACAGGAGGTT-1,-0.79050976,7.397469,0,Inflammatory,S3,Surgery,Combined exposure
S3_GTTACGAGTACCATAC-1,3.7469976,5.969994,2,Homeostatic-A,S3,Surgery,Combined exposure
S3_GTTACGAGTCAATGGG-1,3.0606675,12.391473,0,Inflammatory,S3,Surgery,Combined exposure
S3_GTTCCGTGTACCTAGT-1,3.493661,6.6189427,2,Homeostatic-A,S3,Surgery,Combined exposure
S3_GTTCGCTAGACTTCAC-1,-1.2462567,4.272587,1,Transitional-A,S3,Surgery,Combined exposure
S3_GTTCGCTAGCGTCTCG-1,3.7833464,6.3729334,2,Homeostatic-A,S3,Surgery,Combined exposure
S3_GTTCTATAGACCAACG-1,0.5551561,5.2529707,3,Homeostatic-B,S3,Surgery,Combined exposure
S3_GTTGAACCAGTGTGCC-1,2.8295798,4.8917665,3,Homeostatic-B,S3,Surgery,Combined exposure
S3_GTTGCGGCAAACCGGA-1,3.3166306,11.204563,0,Inflammatory,S3,Surgery,Combined exposure
S3_GTTGCGGGTACCGTGC-1,-1.0406345,4.9007564,1,Transitional-A,S3,Surgery,Combined exposure
S3_GTTGCGGGTTGCCATA-1,3.1546063,4.987992,2,Homeostatic-A,S3,Surgery,Combined exposure
S3_GTTGCTCGTGATACTC-1,-0.022489058,6.2548666,0,Inflammatory,S3,Surgery,Combined exposure
S3_GTTGTAGTCAGCTGTA-1,5.0689063,7.792847,2,Homeostatic-A,S3,Surgery,Combined exposure
S3_GTTGTCCAGCGACAGT-1,4.4300575,8.458766,2,Homeostatic-A,S3,Surgery,Combined exposure
S3_GTTGTGAAGTGCTACT-1,0.31414,1.2148292,1,Transitional-A,S3,Surgery,Combined exposure
S3_GTTGTGACACTAACCA-1,2.6932158,4.547392,3,Homeostatic-B,S3,Surgery,Combined exposure
S3_TAACACGTCAAGATAG-1,6.795406,2.2620056,5,Transitional-B,S3,Surgery,Combined exposure
S3_TAACCAGCATGGAATA-1,3.985088,7.208836,2,Homeostatic-A,S3,Surgery,Combined exposure
S3_TAACCAGTCCAAACCA-1,3.2257042,11.253605,0,Inflammatory,S3,Surgery,Combined exposure
S3_TAACGACCACAACGCC-1,2.6589935,8.430822,0,Inflammatory,S3,Surgery,Combined exposure
S3_TAACGACTCGGAGATG-1,0.17828368,6.3441243,0,Inflammatory,S3,Surgery,Combined exposure
S3_TAACTTCTCCTGCCAT-1,0.16949761,7.889323,0,Inflammatory,S3,Surgery,Combined exposure
S3_TAACTTCTCTACGGTA-1,2.6573024,9.576453,0,Inflammatory,S3,Surgery,Combined exposure
S3_TAAGCCATCGTACCTC-1,-0.5332038,8.118314,0,Inflammatory,S3,Surgery,Combined exposure
S3_TAAGCGTAGAGTGGCT-1,1.5369354,0.042674392,4,Homeostatic-C,S3,Surgery,Combined exposure
S3_TAAGCGTGTTCCAAAC-1,5.8869786,7.0015726,2,Homeostatic-A,S3,Surgery,Combined exposure
S3_TAAGTCGTCGACATTG-1,2.863267,12.454482,0,Inflammatory,S3,Surgery,Combined exposure
S3_TAATCTCCACACAGCC-1,3.8318698,7.3168254,2,Homeostatic-A,S3,Surgery,Combined exposure
S3_TAATCTCGTACGAGTG-1,2.3597875,6.772459,2,Homeostatic-A,S3,Surgery,Combined exposure
S3_TACACCCAGTGATGGC-1,4.100943,7.068193,2,Homeostatic-A,S3,Surgery,Combined exposure
S3_TACAGGTAGATTAGCA-1,-0.9510689,2.9807274,1,Transitional-A,S3,Surgery,Combined exposure
S3_TACAGGTAGGAACTCG-1,4.6800976,12.59136,0,Inflammatory,S3,Surgery,Combined exposure
S3_TACAGGTCAAGAGGCT-1,4.561948,5.7688246,2,Homeostatic-A,S3,Surgery,Combined exposure
S3_TACATTCAGACCAGAC-1,1.7537601,11.228042,0,Inflammatory,S3,Surgery,Combined exposure
S3_TACCCACAGCATCTTG-1,2.3489876,8.849227,0,Inflammatory,S3,Surgery,Combined exposure
S3_TACCGAATCAACCTCC-1,-2.1220634,3.0485804,1,Transitional-A,S3,Surgery,Combined exposure
S3_TACCTCGAGCGTCTCG-1,3.4840484,8.124647,0,Inflammatory,S3,Surgery,Combined exposure
S3_TACCTGCAGCTCGTGC-1,0.91598624,5.6726623,3,Homeostatic-B,S3,Surgery,Combined exposure
S3_TACCTGCGTGATGTAA-1,4.5185804,4.601853,2,Homeostatic-A,S3,Surgery,Combined exposure
S3_TACCTGCTCAGCAATC-1,4.238782,12.997966,0,Inflammatory,S3,Surgery,Combined exposure
S3_TACCTGCTCGCATGAT-1,4.413312,5.2184935,2,Homeostatic-A,S3,Surgery,Combined exposure
S3_TACGGGCGTACTTGTG-1,2.7135332,8.831257,0,Inflammatory,S3,Surgery,Combined exposure
S3_TACGGTATCGCCTATC-1,1.9359853,6.5143194,2,Homeostatic-A,S3,Surgery,Combined exposure
S3_TACTTACCATTACTCT-1,-0.7535277,7.343055,0,Inflammatory,S3,Surgery,Combined exposure
S3_TACTTACGTATAGGAT-1,2.7343867,8.075094,0,Inflammatory,S3,Surgery,Combined exposure
S3_TACTTGTGTGCTTCAA-1,1.8251996,8.537525,0,Inflammatory,S3,Surgery,Combined exposure
S3_TACTTGTGTTGTATGC-1,2.7543113,5.349527,2,Homeostatic-A,S3,Surgery,Combined exposure
S3_TAGACCAAGATGCTAA-1,2.821415,12.365495,0,Inflammatory,S3,Surgery,Combined exposure
S3_TAGACCAAGTACGAGC-1,2.7738283,5.4878397,2,Homeostatic-A,S3,Surgery,Combined exposure
S3_TAGACCACAAGGTCGA-1,4.5281553,9.349913,0,Inflammatory,S3,Surgery,Combined exposure
S3_TAGACCACAAGTCGTT-1,0.81286335,9.97679,0,Inflammatory,S3,Surgery,Combined exposure
S3_TAGACCAGTACCGGAA-1,3.770789,10.2104435,0,Inflammatory,S3,Surgery,Combined exposure
S3_TAGACTGTCTCCGAAA-1,4.7453184,4.401697,2,Homeostatic-A,S3,Surgery,Combined exposure
S3_TAGAGTCAGACGCTCC-1,-1.3678113,6.439681,0,Inflammatory,S3,Surgery,Combined exposure
S3_TAGATCGCAACCGCTG-1,2.7194798,8.877021,0,Inflammatory,S3,Surgery,Combined exposure
S3_TAGATCGCAGTGGTGA-1,3.2275736,11.390546,0,Inflammatory,S3,Surgery,Combined exposure
S3_TAGATCGCATGTACGT-1,7.1849704,2.3548617,5,Transitional-B,S3,Surgery,Combined exposure
S3_TAGATCGTCGCATAGT-1,5.5227304,8.342064,2,Homeostatic-A,S3,Surgery,Combined exposure
S3_TAGATCGTCTTAGTTC-1,1.6377846,8.452806,0,Inflammatory,S3,Surgery,Combined exposure
S3_TAGGAGGCATGGCCCA-1,3.5597374,1.8176359,3,Homeostatic-B,S3,Surgery,Combined exposure
S3_TAGGTTGAGCTCCACG-1,4.2401037,9.277715,0,Inflammatory,S3,Surgery,Combined exposure
S3_TAGGTTGTCTCTCTAA-1,0.38417804,1.843986,1,Transitional-A,S3,Surgery,Combined exposure
S3_TAGTGCAAGGTGCGAT-1,2.4449446,7.539245,0,Inflammatory,S3,Surgery,Combined exposure
S3_TAGTGCATCATAGCAC-1,5.583734,6.049092,2,Homeostatic-A,S3,Surgery,Combined exposure
S3_TATACCTCAACAACAA-1,3.018557,5.519688,2,Homeostatic-A,S3,Surgery,Combined exposure
S3_TATACCTCACTGTCCT-1,-0.6511853,8.180354,0,Inflammatory,S3,Surgery,Combined exposure
S3_TATATCCCAATTGTGC-1,1.6398952,10.572291,0,Inflammatory,S3,Surgery,Combined exposure
S3_TATATCCCAGCGTTTA-1,4.5700994,7.4399734,2,Homeostatic-A,S3,Surgery,Combined exposure
S3_TATATCCGTTTACTTC-1,3.196575,5.6653605,2,Homeostatic-A,S3,Surgery,Combined exposure
S3_TATATCCTCCCTTGGT-1,-0.29520762,6.3454747,0,Inflammatory,S3,Surgery,Combined exposure
S3_TATCAGGCACTGGAAG-1,3.301141,9.392587,0,Inflammatory,S3,Surgery,Combined exposure
S3_TATCCTAAGCGAGGAG-1,0.77159595,9.933773,0,Inflammatory,S3,Surgery,Combined exposure
S3_TATCCTATCCTATTGT-1,0.9493565,7.7127976,0,Inflammatory,S3,Surgery,Combined exposure
S3_TATCGCCGTTCAAGTC-1,1.7599126,11.483724,0,Inflammatory,S3,Surgery,Combined exposure
S3_TATCGCCTCGGCCTTT-1,2.921427,4.8962464,2,Homeostatic-A,S3,Surgery,Combined exposure
S3_TATCTGTAGTACGTCT-1,1.1937011,5.0249467,3,Homeostatic-B,S3,Surgery,Combined exposure
S3_TATCTGTTCATCCTGC-1,0.8467067,3.5886488,1,Transitional-A,S3,Surgery,Combined exposure
S3_TATCTTGTCGGCATTA-1,4.7623825,-0.4172683,5,Transitional-B,S3,Surgery,Combined exposure
S3_TATGTTCCATGACAAA-1,9.236927,2.3726847,6,Rare,S3,Surgery,Combined exposure
S3_TATGTTCGTTAGAAAC-1,0.9653239,8.107127,0,Inflammatory,S3,Surgery,Combined exposure
S3_TATTCCAAGTGGTTAA-1,0.6988531,7.61041,0,Inflammatory,S3,Surgery,Combined exposure
S3_TATTTCGCAATGTCTG-1,-0.7687093,3.2930498,1,Transitional-A,S3,Surgery,Combined exposure
S3_TATTTCGGTACTGGGA-1,3.9861505,-1.5312277,4,Homeostatic-C,S3,Surgery,Combined exposure
S3_TCAAGCAAGCCATGCC-1,2.9718347,7.3124475,2,Homeostatic-A,S3,Surgery,Combined exposure
S3_TCAAGCAAGTTTCAGC-1,6.3489885,5.7301345,2,Homeostatic-A,S3,Surgery,Combined exposure
S3_TCAAGCAGTCTCAGAT-1,2.3528478,10.499143,0,Inflammatory,S3,Surgery,Combined exposure
S3_TCAAGTGCAATCAAGA-1,3.59507,6.6499734,2,Homeostatic-A,S3,Surgery,Combined exposure
S3_TCAAGTGGTCGTACAT-1,0.69715923,5.543575,3,Homeostatic-B,S3,Surgery,Combined exposure
S3_TCAAGTGGTCGTATTG-1,-0.83488786,3.9061546,1,Transitional-A,S3,Surgery,Combined exposure
S3_TCAAGTGGTTGGTACT-1,-0.7397861,6.571797,0,Inflammatory,S3,Surgery,Combined exposure
S3_TCAAGTGGTTGGTGTT-1,5.449556,2.3266237,3,Homeostatic-B,S3,Surgery,Combined exposure
S3_TCAATCTGTCCTGGTG-1,1.7987204,11.293077,0,Inflammatory,S3,Surgery,Combined exposure
S3_TCAATTCAGGTAGTCG-1,3.2680883,7.682123,2,Homeostatic-A,S3,Surgery,Combined exposure
S3_TCAATTCCAAGCCTGC-1,4.010953,11.247947,0,Inflammatory,S3,Surgery,Combined exposure
S3_TCAATTCGTTTCAGAC-1,-1.1839576,6.585275,0,Inflammatory,S3,Surgery,Combined exposure
S3_TCAATTCTCAAAGCCT-1,2.6157598,1.1584291,3,Homeostatic-B,S3,Surgery,Combined exposure
S3_TCACAAGTCACCTTGC-1,4.8563128,9.364435,0,Inflammatory,S3,Surgery,Combined exposure
S3_TCACACCCAATTCGTG-1,1.021601,8.787016,0,Inflammatory,S3,Surgery,Combined exposure
S3_TCACACCTCGGTCGAC-1,2.1451836,8.401411,0,Inflammatory,S3,Surgery,Combined exposure
S3_TCACATTAGGTGGTTG-1,0.2234295,3.126644,1,Transitional-A,S3,Surgery,Combined exposure
S3_TCACATTCATCCTTCG-1,6.9636164,4.051491,2,Homeostatic-A,S3,Surgery,Combined exposure
S3_TCACATTTCCACCTCA-1,0.050309617,9.649931,0,Inflammatory,S3,Surgery,Combined exposure
S3_TCACATTTCGCAATGT-1,1.1643106,8.698328,0,Inflammatory,S3,Surgery,Combined exposure
S3_TCACGGGAGAGATCGC-1,-0.65414435,5.1037426,1,Transitional-A,S3,Surgery,Combined exposure
S3_TCACGGGAGGAGTACC-1,1.724665,9.890058,0,Inflammatory,S3,Surgery,Combined exposure
S3_TCACTATTCGGAGTAG-1,0.7012051,6.453488,0,Inflammatory,S3,Surgery,Combined exposure
S3_TCACTATTCTCGGTAA-1,7.117251,1.8541814,5,Transitional-B,S3,Surgery,Combined exposure
S3_TCAGCAAAGACTTAAG-1,2.760616,9.86464,0,Inflammatory,S3,Surgery,Combined exposure
S3_TCAGCAATCGGCACTG-1,3.6679444,7.05572,2,Homeostatic-A,S3,Surgery,Combined exposure
S3_TCAGCCTAGATACAGT-1,0.9043353,5.1180024,3,Homeostatic-B,S3,Surgery,Combined exposure
S3_TCAGCCTAGGTCCGAA-1,3.0736656,7.8761554,0,Inflammatory,S3,Surgery,Combined exposure
S3_TCAGCCTGTCCACACG-1,-0.93601465,6.114356,0,Inflammatory,S3,Surgery,Combined exposure
S3_TCAGCCTTCAGCGGAA-1,0.7777374,9.427913,0,Inflammatory,S3,Surgery,Combined exposure
S3_TCAGGGCCAGAGTCTT-1,1.7173152,7.033405,0,Inflammatory,S3,Surgery,Combined exposure
S3_TCAGTGAGTTCGGACC-1,-0.598491,5.2695413,1,Transitional-A,S3,Surgery,Combined exposure
S3_TCAGTTTGTCTCGACG-1,4.595943,5.063106,2,Homeostatic-A,S3,Surgery,Combined exposure
S3_TCATACTAGTAACAGT-1,2.750564,9.048844,0,Inflammatory,S3,Surgery,Combined exposure
S3_TCATACTGTATGACAA-1,1.1258961,9.568952,0,Inflammatory,S3,Surgery,Combined exposure
S3_TCATATCAGGTCGTCC-1,3.6681223,4.664832,2,Homeostatic-A,S3,Surgery,Combined exposure
S3_TCATATCTCGTAGAGG-1,-1.3428197,4.3493276,1,Transitional-A,S3,Surgery,Combined exposure
S3_TCATCATAGTGCACTT-1,3.2214444,0.99934316,3,Homeostatic-B,S3,Surgery,Combined exposure
S3_TCATCATTCGTGCAGC-1,4.8880024,1.8348112,3,Homeostatic-B,S3,Surgery,Combined exposure
S3_TCATCCGAGGTGGGTT-1,2.0821912,7.4336176,0,Inflammatory,S3,Surgery,Combined exposure
S3_TCATCCGCATTACTCT-1,3.7990897,7.453165,2,Homeostatic-A,S3,Surgery,Combined exposure
S3_TCATCCGGTAGTGATA-1,2.084621,5.979452,3,Homeostatic-B,S3,Surgery,Combined exposure
S3_TCATGAGTCGTGTGGC-1,9.225265,2.469655,6,Rare,S3,Surgery,Combined exposure
S3_TCATGCCCAGCTTTGA-1,0.8977129,7.324944,0,Inflammatory,S3,Surgery,Combined exposure
S3_TCATGTTTCTTTGATC-1,3.8386137,8.705623,0,Inflammatory,S3,Surgery,Combined exposure
S3_TCATTACAGAATTGTG-1,2.460162,6.62992,2,Homeostatic-A,S3,Surgery,Combined exposure
S3_TCATTACCACGGGTAA-1,1.1707633,10.458884,0,Inflammatory,S3,Surgery,Combined exposure
S3_TCATTACGTGTCCTAA-1,4.145649,9.962938,0,Inflammatory,S3,Surgery,Combined exposure
S3_TCATTCAAGTTCTACG-1,4.507982,6.568126,2,Homeostatic-A,S3,Surgery,Combined exposure
S3_TCATTCACACTGCGTG-1,2.7180505,11.2211275,0,Inflammatory,S3,Surgery,Combined exposure
S3_TCATTGTGTAATGTGA-1,-2.0827386,3.4789438,1,Transitional-A,S3,Surgery,Combined exposure
S3_TCATTGTTCTCGACGG-1,-1.3676577,3.6353939,1,Transitional-A,S3,Surgery,Combined exposure
S3_TCATTTGTCGCATGAT-1,4.135807,2.9819517,2,Homeostatic-A,S3,Surgery,Combined exposure
S3_TCCACCAAGCGGATCA-1,1.3999877,5.741646,3,Homeostatic-B,S3,Surgery,Combined exposure
S3_TCCACCATCAAAGAAC-1,5.8017297,5.792595,2,Homeostatic-A,S3,Surgery,Combined exposure
S3_TCCACGTGTCATCCCT-1,5.3182263,5.145376,2,Homeostatic-A,S3,Surgery,Combined exposure
S3_TCCAGAAAGTTTCTTC-1,-1.2405922,3.4056776,1,Transitional-A,S3,Surgery,Combined exposure
S3_TCCATCGCACCTCTAC-1,1.0379524,9.104338,0,Inflammatory,S3,Surgery,Combined exposure
S3_TCCATCGTCAAGAGGC-1,0.5863315,4.0776825,3,Homeostatic-B,S3,Surgery,Combined exposure
S3_TCCATGCTCTGAGTCA-1,5.7626944,1.3082036,5,Transitional-B,S3,Surgery,Combined exposure
S3_TCCCACACAGAGTTCT-1,-1.0305419,4.973206,1,Transitional-A,S3,Surgery,Combined exposure
S3_TCCCAGTGTATGTCAC-1,5.121897,5.8609753,2,Homeostatic-A,S3,Surgery,Combined exposure
S3_TCCCATGCAACGATTC-1,1.089995,6.8596897,0,Inflammatory,S3,Surgery,Combined exposure
S3_TCCCATGCAAGGACAC-1,6.9755616,1.8106818,5,Transitional-B,S3,Surgery,Combined exposure
S3_TCCGAAATCTCCTGTG-1,4.34374,13.191714,0,Inflammatory,S3,Surgery,Combined exposure
S3_TCCGATCGTGAAGCGT-1,1.7497717,9.181717,0,Inflammatory,S3,Surgery,Combined exposure
S3_TCCGATCGTGTGCTTA-1,5.2619863,3.9761171,2,Homeostatic-A,S3,Surgery,Combined exposure
S3_TCCGATCTCTATTTCG-1,1.9956713,2.7023158,3,Homeostatic-B,S3,Surgery,Combined exposure
S3_TCCGGGACACGCGCAT-1,6.8794055,2.057016,5,Transitional-B,S3,Surgery,Combined exposure
S3_TCCTAATCACCCTGAG-1,2.7689652,9.000559,0,Inflammatory,S3,Surgery,Combined exposure
S3_TCCTAATTCACCCTCA-1,7.1006145,2.073546,5,Transitional-B,S3,Surgery,Combined exposure
S3_TCCTCCCTCATTGTGG-1,3.2986887,9.612967,0,Inflammatory,S3,Surgery,Combined exposure
S3_TCCTCGATCATACGGT-1,3.291646,9.156176,0,Inflammatory,S3,Surgery,Combined exposure
S3_TCCTCTTGTACATACC-1,2.0666602,8.043737,0,Inflammatory,S3,Surgery,Combined exposure
S3_TCCTTCTTCCAAGCAT-1,-0.48203835,7.6400924,0,Inflammatory,S3,Surgery,Combined exposure
S3_TCCTTTCAGTATTCCG-1,6.1749663,-0.035485283,5,Transitional-B,S3,Surgery,Combined exposure
S3_TCCTTTCGTATAATGG-1,-0.09084826,7.022522,0,Inflammatory,S3,Surgery,Combined exposure
S3_TCGAAGTGTGTGGTCC-1,0.26410177,3.6422646,1,Transitional-A,S3,Surgery,Combined exposure
S3_TCGAAGTGTGTTAAAG-1,1.5466554,7.2476835,0,Inflammatory,S3,Surgery,Combined exposure
S3_TCGCACTGTGGACCAA-1,7.1701674,2.067663,5,Transitional-B,S3,Surgery,Combined exposure
S3_TCGCACTTCGTTGTGA-1,1.7252065,10.80913,0,Inflammatory,S3,Surgery,Combined exposure
S3_TCGCAGGCAGTTTCAG-1,1.1688473,8.220525,0,Inflammatory,S3,Surgery,Combined exposure
S3_TCGCTCAGTGCCTTTC-1,-0.28262654,7.4091125,0,Inflammatory,S3,Surgery,Combined exposure
S3_TCGGATAGTCATGACT-1,5.33472,5.260126,2,Homeostatic-A,S3,Surgery,Combined exposure
S3_TCGGGCATCCCGTGTT-1,3.6235907,8.514186,0,Inflammatory,S3,Surgery,Combined exposure
S3_TCGGGTGCAGTGGTGA-1,1.7962041,3.4546416,3,Homeostatic-B,S3,Surgery,Combined exposure
S3_TCGGTCTAGATCACCT-1,3.1115434,5.3332253,2,Homeostatic-A,S3,Surgery,Combined exposure
S3_TCGTAGAAGGTTGGAC-1,1.7373819,11.323469,0,Inflammatory,S3,Surgery,Combined exposure
S3_TCGTAGACATCGATAC-1,2.547957,11.6047535,0,Inflammatory,S3,Surgery,Combined exposure
S3_TCGTGCTTCGCTGTCT-1,7.0142164,1.5106916,5,Transitional-B,S3,Surgery,Combined exposure
S3_TCGTGGGCAGTGGGTA-1,4.5134416,3.887181,2,Homeostatic-A,S3,Surgery,Combined exposure
S3_TCTAACTAGCAGCGAT-1,2.601828,8.379743,0,Inflammatory,S3,Surgery,Combined exposure
S3_TCTAACTAGTGCGCTC-1,5.170458,4.735175,2,Homeostatic-A,S3,Surgery,Combined exposure
S3_TCTACATTCGATCCAA-1,-0.52063364,7.172626,0,Inflammatory,S3,Surgery,Combined exposure
S3_TCTACCGTCAATGTCG-1,1.8781543,4.1571655,3,Homeostatic-B,S3,Surgery,Combined exposure
S3_TCTATACCATAATCCG-1,1.875636,11.639907,0,Inflammatory,S3,Surgery,Combined exposure
S3_TCTCACGAGCGTTGTT-1,5.6798573,1.0856129,5,Transitional-B,S3,Surgery,Combined exposure
S3_TCTCAGCTCCATCCGT-1,2.3843217,9.9939995,0,Inflammatory,S3,Surgery,Combined exposure
S3_TCTCTGGCAACTGCTA-1,2.9158192,8.388322,0,Inflammatory,S3,Surgery,Combined exposure
S3_TCTGCCACAACCACAT-1,1.4183563,9.78846,0,Inflammatory,S3,Surgery,Combined exposure
S3_TCTGTCGCACGGGTAA-1,2.8413472,7.1075296,2,Homeostatic-A,S3,Surgery,Combined exposure
S3_TCTTCCTCAACCGTAT-1,2.1637776,5.2918267,3,Homeostatic-B,S3,Surgery,Combined exposure
S3_TCTTCCTGTGTCACAT-1,1.2640858,5.813702,3,Homeostatic-B,S3,Surgery,Combined exposure
S3_TGAACGTAGTTGCTCA-1,2.6322093,5.30761,2,Homeostatic-A,S3,Surgery,Combined exposure
S3_TGAACGTGTAGGCAGT-1,6.416766,4.3948526,2,Homeostatic-A,S3,Surgery,Combined exposure
S3_TGAATGCTCGCCTAGG-1,2.8560371,6.7300773,2,Homeostatic-A,S3,Surgery,Combined exposure
S3_TGACAGTTCAGTCAGT-1,2.6102126,9.388331,0,Inflammatory,S3,Surgery,Combined exposure
S3_TGACAGTTCCGAAATC-1,2.3194416,2.8923094,3,Homeostatic-B,S3,Surgery,Combined exposure
S3_TGACCCTCATCTGGGC-1,3.1292038,5.515362,2,Homeostatic-A,S3,Surgery,Combined exposure
S3_TGACGCGTCTCGCAGG-1,2.8227723,9.612639,0,Inflammatory,S3,Surgery,Combined exposure
S3_TGACTCCGTCCGGCAT-1,5.744495,8.701024,2,Homeostatic-A,S3,Surgery,Combined exposure
S3_TGAGACTGTACCTATG-1,-1.0305282,5.499279,0,Inflammatory,S3,Surgery,Combined exposure
S3_TGAGACTGTCGCACGT-1,-1.3317279,6.6521125,0,Inflammatory,S3,Surgery,Combined exposure
S3_TGAGACTTCGCAGTCG-1,-0.44703364,5.1634502,1,Transitional-A,S3,Surgery,Combined exposure
S3_TGAGCGCAGGTAGGCT-1,3.3744345,8.508097,0,Inflammatory,S3,Surgery,Combined exposure
S3_TGAGCGCGTACGGGAT-1,1.911607,3.0788188,3,Homeostatic-B,S3,Surgery,Combined exposure
S3_TGAGCGCGTGAACCGA-1,1.1273737,9.7807480000000009,0,Inflammatory,S3,Surgery,Combined exposure
S3_TGAGCGCTCCCTTGTG-1,5.431986,4.525413,2,Homeostatic-A,S3,Surgery,Combined exposure
S3_TGAGGAGCACTGTTCC-1,1.5439806,9.566504,0,Inflammatory,S3,Surgery,Combined exposure
S3_TGAGGGAGTAAGCTCT-1,5.559816,1.4279791,5,Transitional-B,S3,Surgery,Combined exposure
S3_TGAGGTTAGAGATCGC-1,5.652189,1.1556607,5,Transitional-B,S3,Surgery,Combined exposure
S3_TGAGGTTAGCCTGTCG-1,-2.2705123,1.2210423,1,Transitional-A,S3,Surgery,Combined exposure
S3_TGAGTCACAAGGTCAG-1,6.9277153,4.093123,2,Homeostatic-A,S3,Surgery,Combined exposure
S3_TGAGTCACAGGGAGAG-1,4.565566,7.2268662,2,Homeostatic-A,S3,Surgery,Combined exposure
S3_TGAGTCAGTGTTAACC-1,-0.04952007,6.689463,0,Inflammatory,S3,Surgery,Combined exposure
S3_TGATCAGAGCGTCGAA-1,7.9037967,0.17585172,5,Transitional-B,S3,Surgery,Combined exposure
S3_TGATCTTCAGACCTAT-1,2.738364,12.266239,0,Inflammatory,S3,Surgery,Combined exposure
S3_TGATGCAAGTCACTAC-1,-0.56324255,6.8907843,0,Inflammatory,S3,Surgery,Combined exposure
S3_TGATGGTGTCCAGCAC-1,3.869806,5.7302613,2,Homeostatic-A,S3,Surgery,Combined exposure
S3_TGATTCTCAGGCACTC-1,-0.2588664,1.0332594,1,Transitional-A,S3,Surgery,Combined exposure
S3_TGATTTCAGCGTCTCG-1,1.955532,9.179589,0,Inflammatory,S3,Surgery,Combined exposure
S3_TGATTTCAGGCCTTCG-1,5.371099,1.0067786,5,Transitional-B,S3,Surgery,Combined exposure
S3_TGATTTCAGTAAACTG-1,2.5616763,3.163539,3,Homeostatic-B,S3,Surgery,Combined exposure
S3_TGATTTCGTTCATCTT-1,3.0725646,10.106966,0,Inflammatory,S3,Surgery,Combined exposure
S3_TGATTTCTCCTGTAGA-1,3.1495585,5.5961804,2,Homeostatic-A,S3,Surgery,Combined exposure
S3_TGATTTCTCGAAGAAT-1,4.7418795,3.184231,3,Homeostatic-B,S3,Surgery,Combined exposure
S3_TGCACGGAGTAGTCAA-1,2.9437928,8.847298,0,Inflammatory,S3,Surgery,Combined exposure
S3_TGCACGGCAATGTTGC-1,5.8780193,1.1134918,5,Transitional-B,S3,Surgery,Combined exposure
S3_TGCACGGGTAGACAGC-1,7.2739234,-1.373481,5,Transitional-B,S3,Surgery,Combined exposure
S3_TGCACGGGTTGATCGT-1,4.406734,6.6791797,2,Homeostatic-A,S3,Surgery,Combined exposure
S3_TGCAGATCACCCAAGC-1,6.411193,5.9918094,2,Homeostatic-A,S3,Surgery,Combined exposure
S3_TGCAGATGTCAAGGCA-1,3.82,8.433079,2,Homeostatic-A,S3,Surgery,Combined exposure
S3_TGCATCCAGTTGCTCA-1,3.39994,1.5543219,3,Homeostatic-B,S3,Surgery,Combined exposure
S3_TGCGACGCACGGTCTG-1,3.4242387,9.824406,0,Inflammatory,S3,Surgery,Combined exposure
S3_TGCGACGCATCACGGC-1,9.573019,2.4948506,6,Rare,S3,Surgery,Combined exposure
S3_TGCGGCAGTAATCAAG-1,3.1476603,0.96570647,4,Homeostatic-C,S3,Surgery,Combined exposure
S3_TGCGGCATCATTACCT-1,5.733584,1.6339391,5,Transitional-B,S3,Surgery,Combined exposure
S3_TGCTCCAAGTTCATCG-1,-0.9711353,5.2853513,1,Transitional-A,S3,Surgery,Combined exposure
S3_TGCTCCACACAAGCTT-1,5.143282,5.204753,2,Homeostatic-A,S3,Surgery,Combined exposure
S3_TGCTGAAAGCGATGCA-1,0.6115172,8.644335,0,Inflammatory,S3,Surgery,Combined exposure
S3_TGCTGAAGTCGTGCCA-1,-0.3168666,7.878704,0,Inflammatory,S3,Surgery,Combined exposure
S3_TGCTTCGCAACGACTT-1,-0.9758303,6.3799033,0,Inflammatory,S3,Surgery,Combined exposure
S3_TGCTTCGCAGAGGCAT-1,1.2075151,9.598976,0,Inflammatory,S3,Surgery,Combined exposure
S3_TGCTTGCCAATTTCCT-1,-0.5398051,6.679614,0,Inflammatory,S3,Surgery,Combined exposure
S3_TGGAACTGTTCTTCAT-1,3.8193524,7.130784,2,Homeostatic-A,S3,Surgery,Combined exposure
S3_TGGAGAGTCTTAGTTC-1,2.3068407,6.7745323,2,Homeostatic-A,S3,Surgery,Combined exposure
S3_TGGATGTGTGAACTAA-1,1.5982593,6.8913937,0,Inflammatory,S3,Surgery,Combined exposure
S3_TGGCGTGGTGGCTGCT-1,-0.6149207,7.0963087,0,Inflammatory,S3,Surgery,Combined exposure
S3_TGGCGTGTCCGCACTT-1,2.54287,10.650323,0,Inflammatory,S3,Surgery,Combined exposure
S3_TGGGAAGGTTCCGCAG-1,-0.5795432,4.5210404,1,Transitional-A,S3,Surgery,Combined exposure
S3_TGGGAGAAGAGAGGTA-1,0.4529681,3.4200246,1,Transitional-A,S3,Surgery,Combined exposure
S3_TGGGATTAGTCCCTAA-1,0.9895689,2.2703068,1,Transitional-A,S3,Surgery,Combined exposure
S3_TGGGATTTCGGAAGGT-1,3.9243994,-0.33626235,4,Homeostatic-C,S3,Surgery,Combined exposure
S3_TGGGTTAGTGAATTGA-1,3.1439016,12.491537,0,Inflammatory,S3,Surgery,Combined exposure
S3_TGGGTTATCAACCTTT-1,6.067627,2.915477,2,Homeostatic-A,S3,Surgery,Combined exposure
S3_TGGTACACAGACGATG-1,6.6347804,1.8530793,5,Transitional-B,S3,Surgery,Combined exposure
S3_TGGTAGTAGCAATTCC-1,2.7868705,7.4513173,2,Homeostatic-A,S3,Surgery,Combined exposure
S3_TGGTGATCAGATGCGA-1,-0.27649304,6.4034767,0,Inflammatory,S3,Surgery,Combined exposure
S3_TGGTGATCATGACTGT-1,1.9092566,2.307705,3,Homeostatic-B,S3,Surgery,Combined exposure
S3_TGGTGATGTTCTCGCT-1,-1.1442657,4.9907174,1,Transitional-A,S3,Surgery,Combined exposure
S3_TGGTTAGAGTGCTAGG-1,0.1599138,5.364625,1,Transitional-A,S3,Surgery,Combined exposure
S3_TGGTTAGTCGACACTA-1,0.19125806,4.9539948,1,Transitional-A,S3,Surgery,Combined exposure
S3_TGGTTAGTCGTCGCTT-1,-1.0265162,8.125071,0,Inflammatory,S3,Surgery,Combined exposure
S3_TGTACAGCACCGGTCA-1,0.7364268,3.2183802,3,Homeostatic-B,S3,Surgery,Combined exposure
S3_TGTAGACAGCTGAAGC-1,1.5197794,9.259615,0,Inflammatory,S3,Surgery,Combined exposure
S3_TGTAGACTCATCCTGC-1,6.4564366,4.4565535,2,Homeostatic-A,S3,Surgery,Combined exposure
S3_TGTCAGAAGTTAGAAC-1,1.4714158,7.7236733,0,Inflammatory,S3,Surgery,Combined exposure
S3_TGTCAGAGTTCCACAA-1,1.4028438,2.326096,3,Homeostatic-B,S3,Surgery,Combined exposure
S3_TGTCCCAAGGCACCAA-1,2.219996,9.348085,0,Inflammatory,S3,Surgery,Combined exposure
S3_TGTCCCAAGGCACTCC-1,3.2973258,8.233464,0,Inflammatory,S3,Surgery,Combined exposure
S3_TGTCCCAGTATCACCA-1,7.1744523,2.3052003,5,Transitional-B,S3,Surgery,Combined exposure
S3_TGTCCTGCATAATGAG-1,3.7244935,4.3127317,2,Homeostatic-A,S3,Surgery,Combined exposure
S3_TGTGAGTAGCACCGTC-1,1.152195,9.222949,0,Inflammatory,S3,Surgery,Combined exposure
S3_TGTGAGTTCAGCGCGT-1,3.9459696,3.960894,2,Homeostatic-A,S3,Surgery,Combined exposure
S3_TGTGATGCAGCTCCTT-1,4.295468,11.326419,0,Inflammatory,S3,Surgery,Combined exposure
S3_TGTGATGTCCAGTACA-1,4.4868555,7.774289,2,Homeostatic-A,S3,Surgery,Combined exposure
S3_TGTGATGTCCTTCGAC-1,-2.325983,3.7343059,1,Transitional-A,S3,Surgery,Combined exposure
S3_TGTGCGGAGATTAGAC-1,5.0221643,1.4748468,3,Homeostatic-B,S3,Surgery,Combined exposure
S3_TGTGCGGGTCGTGGTC-1,3.400193,10.4357605,0,Inflammatory,S3,Surgery,Combined exposure
S3_TGTGCGGGTCTTGAAC-1,6.014707,5.956434,2,Homeostatic-A,S3,Surgery,Combined exposure
S3_TGTGGCGCAGAAGTTA-1,2.6870244,6.5667343,2,Homeostatic-A,S3,Surgery,Combined exposure
S3_TGTGGCGTCATACGAC-1,3.9374793,8.438314,2,Homeostatic-A,S3,Surgery,Combined exposure
S3_TGTGGCGTCTCCCATG-1,-0.027148386,4.3485546,1,Transitional-A,S3,Surgery,Combined exposure
S3_TGTGTGAGTTTACTTC-1,2.5251698,7.9467306,0,Inflammatory,S3,Surgery,Combined exposure
S3_TGTTACTAGGCCTTGC-1,2.8173068,5.979028,2,Homeostatic-A,S3,Surgery,Combined exposure
S3_TGTTCATTCGGTTAGT-1,0.9658709,9.056691,0,Inflammatory,S3,Surgery,Combined exposure
S3_TGTTCCGAGGCCCACT-1,2.1812553,4.8039784,3,Homeostatic-B,S3,Surgery,Combined exposure
S3_TGTTCCGCACCTGTCT-1,3.7942264,4.8918123,2,Homeostatic-A,S3,Surgery,Combined exposure
S3_TGTTCTAAGAATCGAT-1,1.2311814,7.192905,0,Inflammatory,S3,Surgery,Combined exposure
S3_TGTTCTAAGCTTCTAG-1,1.6376845,6.265335,0,Inflammatory,S3,Surgery,Combined exposure
S3_TGTTCTAAGTATGCAA-1,2.060475,4.633745,3,Homeostatic-B,S3,Surgery,Combined exposure
S3_TGTTGAGAGCTCATAC-1,7.0777636,1.5659642,5,Transitional-B,S3,Surgery,Combined exposure
S3_TTAATCCTCAGCACCG-1,3.236359,8.99645,0,Inflammatory,S3,Surgery,Combined exposure
S3_TTACCATTCATCGGGC-1,2.516058,12.3029785,0,Inflammatory,S3,Surgery,Combined exposure
S3_TTACCGCAGATGCTGG-1,1.9798188,6.9632115,0,Inflammatory,S3,Surgery,Combined exposure
S3_TTACCGCCATTCTCCG-1,0.7788203,7.906273,0,Inflammatory,S3,Surgery,Combined exposure
S3_TTACGCCAGCGAACTG-1,2.2124014,5.4206347,2,Homeostatic-A,S3,Surgery,Combined exposure
S3_TTACGCCAGCTCCACG-1,2.7074637,9.694469,0,Inflammatory,S3,Surgery,Combined exposure
S3_TTACGCCGTTAAGACA-1,3.6115897,1.0467309,3,Homeostatic-B,S3,Surgery,Combined exposure
S3_TTACGCCTCTCAGGCG-1,2.9217267,9.214652,0,Inflammatory,S3,Surgery,Combined exposure
S3_TTACGCCTCTGGAGAG-1,-0.3214714,6.356187,0,Inflammatory,S3,Surgery,Combined exposure
S3_TTACTGTTCCGGTAGC-1,-0.6473653,5.136594,1,Transitional-A,S3,Surgery,Combined exposure
S3_TTACTGTTCGGTGTAT-1,-0.22218883,7.437669,0,Inflammatory,S3,Surgery,Combined exposure
S3_TTAGGCAAGTTCCTGA-1,2.5254374,3.7336578,3,Homeostatic-B,S3,Surgery,Combined exposure
S3_TTAGGGTAGATAGTGT-1,2.4666855,6.011891,2,Homeostatic-A,S3,Surgery,Combined exposure
S3_TTAGGGTAGCGATTCT-1,1.2698274,7.3980155,0,Inflammatory,S3,Surgery,Combined exposure
S3_TTAGGGTCACGCCACA-1,-0.50590354,5.993614,0,Inflammatory,S3,Surgery,Combined exposure
S3_TTAGTCTCATGAATCC-1,5.698175,4.370424,2,Homeostatic-A,S3,Surgery,Combined exposure
S3_TTCACCGCAAGGCGTA-1,5.184483,3.6397784,2,Homeostatic-A,S3,Surgery,Combined exposure
S3_TTCACCGCAGAAATTG-1,5.1436944,6.1537695,2,Homeostatic-A,S3,Surgery,Combined exposure
S3_TTCACCGTCACCGCTT-1,6.4606,1.0204979,5,Transitional-B,S3,Surgery,Combined exposure
S3_TTCACGCGTGATGTAA-1,2.232617,6.173399,2,Homeostatic-A,S3,Surgery,Combined exposure
S3_TTCAGGAAGATCCAAA-1,4.664017,7.9471064,2,Homeostatic-A,S3,Surgery,Combined exposure
S3_TTCATGTCATTCTTCA-1,7.7438884,0.3707427,5,Transitional-B,S3,Surgery,Combined exposure
S3_TTCATTGCAACGGCCT-1,-1.0224622,8.011095,0,Inflammatory,S3,Surgery,Combined exposure
S3_TTCCAATAGACGCTCC-1,1.5261663,4.8425856,3,Homeostatic-B,S3,Surgery,Combined exposure
S3_TTCCAATTCGTCTAAG-1,5.027324,4.3237634,2,Homeostatic-A,S3,Surgery,Combined exposure
S3_TTCCACGCAACTCGAT-1,3.2252765,9.021816,0,Inflammatory,S3,Surgery,Combined exposure
S3_TTCCGTGAGGTGTGAC-1,0.2983265,2.6378498,1,Transitional-A,S3,Surgery,Combined exposure
S3_TTCCGTGTCGTGCAGC-1,3.8017428,6.0000944,2,Homeostatic-A,S3,Surgery,Combined exposure
S3_TTCGCTGCATCGAGCC-1,1.0706154,9.09442,0,Inflammatory,S3,Surgery,Combined exposure
S3_TTCGCTGGTCTCAGAT-1,3.8984635,6.4764943,2,Homeostatic-A,S3,Surgery,Combined exposure
S3_TTCGGTCTCCCGTTCA-1,-0.3280904,4.719963,1,Transitional-A,S3,Surgery,Combined exposure
S3_TTCTAACGTCCTGTTC-1,-0.34756804,6.6802664,0,Inflammatory,S3,Surgery,Combined exposure
S3_TTCTAACGTCTATGAC-1,4.769323,2.2879663,3,Homeostatic-B,S3,Surgery,Combined exposure
S3_TTCTAACGTTTAGAGA-1,-0.5012577,6.37904,0,Inflammatory,S3,Surgery,Combined exposure
S3_TTCTAGTAGGTCGTGA-1,-0.18785721,1.5443716,1,Transitional-A,S3,Surgery,Combined exposure
S3_TTCTAGTCACAACATC-1,5.4574285,-0.5934618,5,Transitional-B,S3,Surgery,Combined exposure
S3_TTCTAGTCACTTGACA-1,2.5079868,7.213601,2,Homeostatic-A,S3,Surgery,Combined exposure
S3_TTCTCTCAGACGTCGA-1,-2.0877106,3.8689294,1,Transitional-A,S3,Surgery,Combined exposure
S3_TTCTCTCCATCCCGTT-1,4.3523955,1.2864778,5,Transitional-B,S3,Surgery,Combined exposure
S3_TTCTCTCGTCCTACGG-1,1.8105326,9.1026,0,Inflammatory,S3,Surgery,Combined exposure
S3_TTCTGTAAGAGTTCGG-1,3.7562644,8.910907,0,Inflammatory,S3,Surgery,Combined exposure
S3_TTCTTCCAGCGTATGG-1,2.0897667,10.92971,0,Inflammatory,S3,Surgery,Combined exposure
S3_TTCTTCCAGGGCAATC-1,-2.1989107,2.701563,1,Transitional-A,S3,Surgery,Combined exposure
S3_TTCTTGACAGTAGAAT-1,0.8421069,6.2203703,0,Inflammatory,S3,Surgery,Combined exposure
S3_TTCTTGATCGCGCCAA-1,-0.26473513,6.2995415,0,Inflammatory,S3,Surgery,Combined exposure
S3_TTGACCCTCAAGCTTG-1,3.3650403,1.7051086,3,Homeostatic-B,S3,Surgery,Combined exposure
S3_TTGAGTGTCTTAGCAG-1,2.8668857,6.5583663,0,Inflammatory,S3,Surgery,Combined exposure
S3_TTGCATTAGACGACTG-1,0.6151847,7.5049334,0,Inflammatory,S3,Surgery,Combined exposure
S3_TTGCCTGTCCAGCACG-1,1.7020186,5.444406,3,Homeostatic-B,S3,Surgery,Combined exposure
S3_TTGCCTGTCGTAGTCA-1,10.165135,2.4233627,6,Rare,S3,Surgery,Combined exposure
S3_TTGCGTCTCGACCACG-1,3.4275866,9.228573,0,Inflammatory,S3,Surgery,Combined exposure
S3_TTGCTGCGTTGGAGAC-1,0.3161161,7.29334,0,Inflammatory,S3,Surgery,Combined exposure
S3_TTGGATGCATAACAGA-1,4.0891423,11.643016,0,Inflammatory,S3,Surgery,Combined exposure
S3_TTGGGCGGTTATGGTC-1,7.3135386,1.769272,5,Transitional-B,S3,Surgery,Combined exposure
S3_TTGGGTAAGAGTACCG-1,0.34121352,7.784839,0,Inflammatory,S3,Surgery,Combined exposure
S3_TTGGGTACAGCTGTCG-1,0.6183775,7.8545003,0,Inflammatory,S3,Surgery,Combined exposure
S3_TTGGTTTTCGTGTGGC-1,3.3283696,5.5919805,2,Homeostatic-A,S3,Surgery,Combined exposure
S3_TTGTGGAAGCCATCCG-1,5.994564,5.4683847,2,Homeostatic-A,S3,Surgery,Combined exposure
S3_TTGTGGACATGAAAGT-1,2.5862966,7.3767385,2,Homeostatic-A,S3,Surgery,Combined exposure
S3_TTGTGGAGTTCTTAGG-1,-0.14509141,8.597006,0,Inflammatory,S3,Surgery,Combined exposure
S3_TTGTGTTGTTCGTACA-1,0.051746503,2.6716862,1,Transitional-A,S3,Surgery,Combined exposure
S3_TTGTGTTTCGGCACTG-1,7.330902,1.5960236,5,Transitional-B,S3,Surgery,Combined exposure
S3_TTGTTCAAGGTGCTGA-1,2.41288,9.512714,0,Inflammatory,S3,Surgery,Combined exposure
S3_TTGTTCAGTTACACAC-1,5.5364347,-0.18080938,5,Transitional-B,S3,Surgery,Combined exposure
S3_TTGTTCATCGTGAGAG-1,1.1425618,8.267774,0,Inflammatory,S3,Surgery,Combined exposure
S3_TTGTTGTAGTAACGAT-1,5.0720963,0.8667565,5,Transitional-B,S3,Surgery,Combined exposure
S3_TTGTTGTAGTAAGACT-1,3.9256442,11.521304,0,Inflammatory,S3,Surgery,Combined exposure
S3_TTGTTGTCATAGATCC-1,0.93639976,9.044205,0,Inflammatory,S3,Surgery,Combined exposure
S3_TTGTTTGAGCTTCGTA-1,-0.35769176,2.9370892,1,Transitional-A,S3,Surgery,Combined exposure
S3_TTGTTTGAGGTACATA-1,1.3427478,9.927476,0,Inflammatory,S3,Surgery,Combined exposure
S3_TTGTTTGGTAGTGTGG-1,4.12524,8.704771,0,Inflammatory,S3,Surgery,Combined exposure
S3_TTTACGTAGTTTGTCG-1,2.0728855,6.2714515,2,Homeostatic-A,S3,Surgery,Combined exposure
S3_TTTACGTTCGTAGCCG-1,9.9730425,2.7363446,6,Rare,S3,Surgery,Combined exposure
S3_TTTACTGGTAGATCCT-1,0.73769087,4.4071403,3,Homeostatic-B,S3,Surgery,Combined exposure
S3_TTTACTGTCCTAGCCT-1,3.2408817,6.709797,2,Homeostatic-A,S3,Surgery,Combined exposure
S3_TTTATGCTCTTTACAC-1,4.052366,9.204266,0,Inflammatory,S3,Surgery,Combined exposure
S3_TTTCAGTCACAGCATT-1,3.610957,12.039503,0,Inflammatory,S3,Surgery,Combined exposure
S3_TTTCATGAGATGATTG-1,3.5104449,10.381948,0,Inflammatory,S3,Surgery,Combined exposure
S3_TTTCATGAGTAACAGT-1,0.7883113,6.311076,0,Inflammatory,S3,Surgery,Combined exposure
S3_TTTCATGCAAGCGATG-1,6.0848503,6.0290036,2,Homeostatic-A,S3,Surgery,Combined exposure
S3_TTTCCTCCATGTGCCG-1,3.6548316,7.891978,2,Homeostatic-A,S3,Surgery,Combined exposure
S3_TTTGACTGTGGACCTC-1,-2.162129,4.195209,1,Transitional-A,S3,Surgery,Combined exposure
S3_TTTGACTGTGGTCCCA-1,5.4855647,6.9321537,2,Homeostatic-A,S3,Surgery,Combined exposure
S3_TTTGGAGTCACAGAGG-1,5.111313,-0.29531452,5,Transitional-B,S3,Surgery,Combined exposure
S3_TTTGTTGCAAATGATG-1,0.32663155,7.4774933,0,Inflammatory,S3,Surgery,Combined exposure
