analysis_set,biological_unit,panel,panel_genes,selection_status,normalization,symbol_deduplication,n_expression_features,gene_pool,seed,ctrl_size,n_bins,use_raw,ctrl_as_ref,n_control_genes,relevant_expression_bins,control_set_sha256,scanpy_version,control_gene_order,control_gene,matrix_feature_index_1based,expression_bin,mean_log1p_normalized_expression,fixed_configuration,component_identity_rule,matched_control_status,interpretation_limit
"Primary: 7,371 Scrublet-negative microglia",Animal/library,author_selected_isg7,Irf7;Ifitm3;Isg15;Mx1;Ifit1;Ifit2;Ifit3,"Author-selected, post hoc, exploratory","normalize_total target_sum=10000, then log1p",Retain first Ensembl feature per gene symbol,27933,Full symbol-deduplicated matrix,42,50,25,FALSE,TRUE,249,15;16;17;19;20,38af968fe25becbf6dd7fa95d05fb508819a9a51ac90f1cd0c3a5d35fedb6a1f,1.11.5,1,1700037C18Rik,23762,17,0.05067750431113061,Scanpy 1.11.5; seed=42; ctrl_size=50; n_bins=25; use_raw=False; ctrl_as_ref=True; full gene pool,selected component - matched-control component = Scanpy score,Algorithm-selected reference term; not a validated neutral biological background program,Algorithmic matched-control gene; not a validated neutral biological background
"Primary: 7,371 Scrublet-negative microglia",Animal/library,author_selected_isg7,Irf7;Ifitm3;Isg15;Mx1;Ifit1;Ifit2;Ifit3,"Author-selected, post hoc, exploratory","normalize_total target_sum=10000, then log1p",Retain first Ensembl feature per gene symbol,27933,Full symbol-deduplicated matrix,42,50,25,FALSE,TRUE,249,15;16;17;19;20,38af968fe25becbf6dd7fa95d05fb508819a9a51ac90f1cd0c3a5d35fedb6a1f,1.11.5,2,1700037H04Rik,3302,16,0.03093715031682967,Scanpy 1.11.5; seed=42; ctrl_size=50; n_bins=25; use_raw=False; ctrl_as_ref=True; full gene pool,selected component - matched-control component = Scanpy score,Algorithm-selected reference term; not a validated neutral biological background program,Algorithmic matched-control gene; not a validated neutral biological background
"Primary: 7,371 Scrublet-negative microglia",Animal/library,author_selected_isg7,Irf7;Ifitm3;Isg15;Mx1;Ifit1;Ifit2;Ifit3,"Author-selected, post hoc, exploratory","normalize_total target_sum=10000, then log1p",Retain first Ensembl feature per gene symbol,27933,Full symbol-deduplicated matrix,42,50,25,FALSE,TRUE,249,15;16;17;19;20,38af968fe25becbf6dd7fa95d05fb508819a9a51ac90f1cd0c3a5d35fedb6a1f,1.11.5,3,1700049G17Rik,12220,15,0.02197663086334961,Scanpy 1.11.5; seed=42; ctrl_size=50; n_bins=25; use_raw=False; ctrl_as_ref=True; full gene pool,selected component - matched-control component = Scanpy score,Algorithm-selected reference term; not a validated neutral biological background program,Algorithmic matched-control gene; not a validated neutral biological background
"Primary: 7,371 Scrublet-negative microglia",Animal/library,author_selected_isg7,Irf7;Ifitm3;Isg15;Mx1;Ifit1;Ifit2;Ifit3,"Author-selected, post hoc, exploratory","normalize_total target_sum=10000, then log1p",Retain first Ensembl feature per gene symbol,27933,Full symbol-deduplicated matrix,42,50,25,FALSE,TRUE,249,15;16;17;19;20,38af968fe25becbf6dd7fa95d05fb508819a9a51ac90f1cd0c3a5d35fedb6a1f,1.11.5,4,2700049A03Rik,22397,17,0.05501280968199913,Scanpy 1.11.5; seed=42; ctrl_size=50; n_bins=25; use_raw=False; ctrl_as_ref=True; full gene pool,selected component - matched-control component = Scanpy score,Algorithm-selected reference term; not a validated neutral biological background program,Algorithmic matched-control gene; not a validated neutral biological background
"Primary: 7,371 Scrublet-negative microglia",Animal/library,author_selected_isg7,Irf7;Ifitm3;Isg15;Mx1;Ifit1;Ifit2;Ifit3,"Author-selected, post hoc, exploratory","normalize_total target_sum=10000, then log1p",Retain first Ensembl feature per gene symbol,27933,Full symbol-deduplicated matrix,42,50,25,FALSE,TRUE,249,15;16;17;19;20,38af968fe25becbf6dd7fa95d05fb508819a9a51ac90f1cd0c3a5d35fedb6a1f,1.11.5,5,4930430F08Rik,14954,17,0.0579726421401226,Scanpy 1.11.5; seed=42; ctrl_size=50; n_bins=25; use_raw=False; ctrl_as_ref=True; full gene pool,selected component - matched-control component = Scanpy score,Algorithm-selected reference term; not a validated neutral biological background program,Algorithmic matched-control gene; not a validated neutral biological background
"Primary: 7,371 Scrublet-negative microglia",Animal/library,author_selected_isg7,Irf7;Ifitm3;Isg15;Mx1;Ifit1;Ifit2;Ifit3,"Author-selected, post hoc, exploratory","normalize_total target_sum=10000, then log1p",Retain first Ensembl feature per gene symbol,27933,Full symbol-deduplicated matrix,42,50,25,FALSE,TRUE,249,15;16;17;19;20,38af968fe25becbf6dd7fa95d05fb508819a9a51ac90f1cd0c3a5d35fedb6a1f,1.11.5,6,9130023H24Rik,13805,16,0.02581253020706146,Scanpy 1.11.5; seed=42; ctrl_size=50; n_bins=25; use_raw=False; ctrl_as_ref=True; full gene pool,selected component - matched-control component = Scanpy score,Algorithm-selected reference term; not a validated neutral biological background program,Algorithmic matched-control gene; not a validated neutral biological background
"Primary: 7,371 Scrublet-negative microglia",Animal/library,author_selected_isg7,Irf7;Ifitm3;Isg15;Mx1;Ifit1;Ifit2;Ifit3,"Author-selected, post hoc, exploratory","normalize_total target_sum=10000, then log1p",Retain first Ensembl feature per gene symbol,27933,Full symbol-deduplicated matrix,42,50,25,FALSE,TRUE,249,15;16;17;19;20,38af968fe25becbf6dd7fa95d05fb508819a9a51ac90f1cd0c3a5d35fedb6a1f,1.11.5,7,9330020H09Rik,23573,15,0.0180055822450842,Scanpy 1.11.5; seed=42; ctrl_size=50; n_bins=25; use_raw=False; ctrl_as_ref=True; full gene pool,selected component - matched-control component = Scanpy score,Algorithm-selected reference term; not a validated neutral biological background program,Algorithmic matched-control gene; not a validated neutral biological background
"Primary: 7,371 Scrublet-negative microglia",Animal/library,author_selected_isg7,Irf7;Ifitm3;Isg15;Mx1;Ifit1;Ifit2;Ifit3,"Author-selected, post hoc, exploratory","normalize_total target_sum=10000, then log1p",Retain first Ensembl feature per gene symbol,27933,Full symbol-deduplicated matrix,42,50,25,FALSE,TRUE,249,15;16;17;19;20,38af968fe25becbf6dd7fa95d05fb508819a9a51ac90f1cd0c3a5d35fedb6a1f,1.11.5,8,A430005L14Rik,8196,20,0.18268697508606363,Scanpy 1.11.5; seed=42; ctrl_size=50; n_bins=25; use_raw=False; ctrl_as_ref=True; full gene pool,selected component - matched-control component = Scanpy score,Algorithm-selected reference term; not a validated neutral biological background program,Algorithmic matched-control gene; not a validated neutral biological background
"Primary: 7,371 Scrublet-negative microglia",Animal/library,author_selected_isg7,Irf7;Ifitm3;Isg15;Mx1;Ifit1;Ifit2;Ifit3,"Author-selected, post hoc, exploratory","normalize_total target_sum=10000, then log1p",Retain first Ensembl feature per gene symbol,27933,Full symbol-deduplicated matrix,42,50,25,FALSE,TRUE,249,15;16;17;19;20,38af968fe25becbf6dd7fa95d05fb508819a9a51ac90f1cd0c3a5d35fedb6a1f,1.11.5,9,AI606181,27640,16,0.03103922542602555,Scanpy 1.11.5; seed=42; ctrl_size=50; n_bins=25; use_raw=False; ctrl_as_ref=True; full gene pool,selected component - matched-control component = Scanpy score,Algorithm-selected reference term; not a validated neutral biological background program,Algorithmic matched-control gene; not a validated neutral biological background
"Primary: 7,371 Scrublet-negative microglia",Animal/library,author_selected_isg7,Irf7;Ifitm3;Isg15;Mx1;Ifit1;Ifit2;Ifit3,"Author-selected, post hoc, exploratory","normalize_total target_sum=10000, then log1p",Retain first Ensembl feature per gene symbol,27933,Full symbol-deduplicated matrix,42,50,25,FALSE,TRUE,249,15;16;17;19;20,38af968fe25becbf6dd7fa95d05fb508819a9a51ac90f1cd0c3a5d35fedb6a1f,1.11.5,10,Aasdhppt,17588,19,0.13888965897022537,Scanpy 1.11.5; seed=42; ctrl_size=50; n_bins=25; use_raw=False; ctrl_as_ref=True; full gene pool,selected component - matched-control component = Scanpy score,Algorithm-selected reference term; not a validated neutral biological background program,Algorithmic matched-control gene; not a validated neutral biological background
"Primary: 7,371 Scrublet-negative microglia",Animal/library,author_selected_isg7,Irf7;Ifitm3;Isg15;Mx1;Ifit1;Ifit2;Ifit3,"Author-selected, post hoc, exploratory","normalize_total target_sum=10000, then log1p",Retain first Ensembl feature per gene symbol,27933,Full symbol-deduplicated matrix,42,50,25,FALSE,TRUE,249,15;16;17;19;20,38af968fe25becbf6dd7fa95d05fb508819a9a51ac90f1cd0c3a5d35fedb6a1f,1.11.5,11,Alad,7053,17,0.06333467294364105,Scanpy 1.11.5; seed=42; ctrl_size=50; n_bins=25; use_raw=False; ctrl_as_ref=True; full gene pool,selected component - matched-control component = Scanpy score,Algorithm-selected reference term; not a validated neutral biological background program,Algorithmic matched-control gene; not a validated neutral biological background
"Primary: 7,371 Scrublet-negative microglia",Animal/library,author_selected_isg7,Irf7;Ifitm3;Isg15;Mx1;Ifit1;Ifit2;Ifit3,"Author-selected, post hoc, exploratory","normalize_total target_sum=10000, then log1p",Retain first Ensembl feature per gene symbol,27933,Full symbol-deduplicated matrix,42,50,25,FALSE,TRUE,249,15;16;17;19;20,38af968fe25becbf6dd7fa95d05fb508819a9a51ac90f1cd0c3a5d35fedb6a1f,1.11.5,12,Ap1g1,16302,20,0.17930926585711743,Scanpy 1.11.5; seed=42; ctrl_size=50; n_bins=25; use_raw=False; ctrl_as_ref=True; full gene pool,selected component - matched-control component = Scanpy score,Algorithm-selected reference term; not a validated neutral biological background program,Algorithmic matched-control gene; not a validated neutral biological background
"Primary: 7,371 Scrublet-negative microglia",Animal/library,author_selected_isg7,Irf7;Ifitm3;Isg15;Mx1;Ifit1;Ifit2;Ifit3,"Author-selected, post hoc, exploratory","normalize_total target_sum=10000, then log1p",Retain first Ensembl feature per gene symbol,27933,Full symbol-deduplicated matrix,42,50,25,FALSE,TRUE,249,15;16;17;19;20,38af968fe25becbf6dd7fa95d05fb508819a9a51ac90f1cd0c3a5d35fedb6a1f,1.11.5,13,Ap2a1,12616,19,0.1570289579729684,Scanpy 1.11.5; seed=42; ctrl_size=50; n_bins=25; use_raw=False; ctrl_as_ref=True; full gene pool,selected component - matched-control component = Scanpy score,Algorithm-selected reference term; not a validated neutral biological background program,Algorithmic matched-control gene; not a validated neutral biological background
"Primary: 7,371 Scrublet-negative microglia",Animal/library,author_selected_isg7,Irf7;Ifitm3;Isg15;Mx1;Ifit1;Ifit2;Ifit3,"Author-selected, post hoc, exploratory","normalize_total target_sum=10000, then log1p",Retain first Ensembl feature per gene symbol,27933,Full symbol-deduplicated matrix,42,50,25,FALSE,TRUE,249,15;16;17;19;20,38af968fe25becbf6dd7fa95d05fb508819a9a51ac90f1cd0c3a5d35fedb6a1f,1.11.5,14,Ap3d1,14724,20,0.1909613417181777,Scanpy 1.11.5; seed=42; ctrl_size=50; n_bins=25; use_raw=False; ctrl_as_ref=True; full gene pool,selected component - matched-control component = Scanpy score,Algorithm-selected reference term; not a validated neutral biological background program,Algorithmic matched-control gene; not a validated neutral biological background
"Primary: 7,371 Scrublet-negative microglia",Animal/library,author_selected_isg7,Irf7;Ifitm3;Isg15;Mx1;Ifit1;Ifit2;Ifit3,"Author-selected, post hoc, exploratory","normalize_total target_sum=10000, then log1p",Retain first Ensembl feature per gene symbol,27933,Full symbol-deduplicated matrix,42,50,25,FALSE,TRUE,249,15;16;17;19;20,38af968fe25becbf6dd7fa95d05fb508819a9a51ac90f1cd0c3a5d35fedb6a1f,1.11.5,15,Ap3s1,26819,20,0.209739750267094,Scanpy 1.11.5; seed=42; ctrl_size=50; n_bins=25; use_raw=False; ctrl_as_ref=True; full gene pool,selected component - matched-control component = Scanpy score,Algorithm-selected reference term; not a validated neutral biological background program,Algorithmic matched-control gene; not a validated neutral biological background
"Primary: 7,371 Scrublet-negative microglia",Animal/library,author_selected_isg7,Irf7;Ifitm3;Isg15;Mx1;Ifit1;Ifit2;Ifit3,"Author-selected, post hoc, exploratory","normalize_total target_sum=10000, then log1p",Retain first Ensembl feature per gene symbol,27933,Full symbol-deduplicated matrix,42,50,25,FALSE,TRUE,249,15;16;17;19;20,38af968fe25becbf6dd7fa95d05fb508819a9a51ac90f1cd0c3a5d35fedb6a1f,1.11.5,16,Ap5z1,9906,17,0.0712915135115656,Scanpy 1.11.5; seed=42; ctrl_size=50; n_bins=25; use_raw=False; ctrl_as_ref=True; full gene pool,selected component - matched-control component = Scanpy score,Algorithm-selected reference term; not a validated neutral biological background program,Algorithmic matched-control gene; not a validated neutral biological background
"Primary: 7,371 Scrublet-negative microglia",Animal/library,author_selected_isg7,Irf7;Ifitm3;Isg15;Mx1;Ifit1;Ifit2;Ifit3,"Author-selected, post hoc, exploratory","normalize_total target_sum=10000, then log1p",Retain first Ensembl feature per gene symbol,27933,Full symbol-deduplicated matrix,42,50,25,FALSE,TRUE,249,15;16;17;19;20,38af968fe25becbf6dd7fa95d05fb508819a9a51ac90f1cd0c3a5d35fedb6a1f,1.11.5,17,Apba3,14758,17,0.0720538609129104,Scanpy 1.11.5; seed=42; ctrl_size=50; n_bins=25; use_raw=False; ctrl_as_ref=True; full gene pool,selected component - matched-control component = Scanpy score,Algorithm-selected reference term; not a validated neutral biological background program,Algorithmic matched-control gene; not a validated neutral biological background
"Primary: 7,371 Scrublet-negative microglia",Animal/library,author_selected_isg7,Irf7;Ifitm3;Isg15;Mx1;Ifit1;Ifit2;Ifit3,"Author-selected, post hoc, exploratory","normalize_total target_sum=10000, then log1p",Retain first Ensembl feature per gene symbol,27933,Full symbol-deduplicated matrix,42,50,25,FALSE,TRUE,249,15;16;17;19;20,38af968fe25becbf6dd7fa95d05fb508819a9a51ac90f1cd0c3a5d35fedb6a1f,1.11.5,18,Ate1,13828,19,0.15630768157623626,Scanpy 1.11.5; seed=42; ctrl_size=50; n_bins=25; use_raw=False; ctrl_as_ref=True; full gene pool,selected component - matched-control component = Scanpy score,Algorithm-selected reference term; not a validated neutral biological background program,Algorithmic matched-control gene; not a validated neutral biological background
"Primary: 7,371 Scrublet-negative microglia",Animal/library,author_selected_isg7,Irf7;Ifitm3;Isg15;Mx1;Ifit1;Ifit2;Ifit3,"Author-selected, post hoc, exploratory","normalize_total target_sum=10000, then log1p",Retain first Ensembl feature per gene symbol,27933,Full symbol-deduplicated matrix,42,50,25,FALSE,TRUE,249,15;16;17;19;20,38af968fe25becbf6dd7fa95d05fb508819a9a51ac90f1cd0c3a5d35fedb6a1f,1.11.5,19,BC026585,1234,19,0.1122146459467423,Scanpy 1.11.5; seed=42; ctrl_size=50; n_bins=25; use_raw=False; ctrl_as_ref=True; full gene pool,selected component - matched-control component = Scanpy score,Algorithm-selected reference term; not a validated neutral biological background program,Algorithmic matched-control gene; not a validated neutral biological background
"Primary: 7,371 Scrublet-negative microglia",Animal/library,author_selected_isg7,Irf7;Ifitm3;Isg15;Mx1;Ifit1;Ifit2;Ifit3,"Author-selected, post hoc, exploratory","normalize_total target_sum=10000, then log1p",Retain first Ensembl feature per gene symbol,27933,Full symbol-deduplicated matrix,42,50,25,FALSE,TRUE,249,15;16;17;19;20,38af968fe25becbf6dd7fa95d05fb508819a9a51ac90f1cd0c3a5d35fedb6a1f,1.11.5,20,BC029214,1928,19,0.1527072449517111,Scanpy 1.11.5; seed=42; ctrl_size=50; n_bins=25; use_raw=False; ctrl_as_ref=True; full gene pool,selected component - matched-control component = Scanpy score,Algorithm-selected reference term; not a validated neutral biological background program,Algorithmic matched-control gene; not a validated neutral biological background
"Primary: 7,371 Scrublet-negative microglia",Animal/library,author_selected_isg7,Irf7;Ifitm3;Isg15;Mx1;Ifit1;Ifit2;Ifit3,"Author-selected, post hoc, exploratory","normalize_total target_sum=10000, then log1p",Retain first Ensembl feature per gene symbol,27933,Full symbol-deduplicated matrix,42,50,25,FALSE,TRUE,249,15;16;17;19;20,38af968fe25becbf6dd7fa95d05fb508819a9a51ac90f1cd0c3a5d35fedb6a1f,1.11.5,21,BC029722,3610,19,0.11784343540935338,Scanpy 1.11.5; seed=42; ctrl_size=50; n_bins=25; use_raw=False; ctrl_as_ref=True; full gene pool,selected component - matched-control component = Scanpy score,Algorithm-selected reference term; not a validated neutral biological background program,Algorithmic matched-control gene; not a validated neutral biological background
"Primary: 7,371 Scrublet-negative microglia",Animal/library,author_selected_isg7,Irf7;Ifitm3;Isg15;Mx1;Ifit1;Ifit2;Ifit3,"Author-selected, post hoc, exploratory","normalize_total target_sum=10000, then log1p",Retain first Ensembl feature per gene symbol,27933,Full symbol-deduplicated matrix,42,50,25,FALSE,TRUE,249,15;16;17;19;20,38af968fe25becbf6dd7fa95d05fb508819a9a51ac90f1cd0c3a5d35fedb6a1f,1.11.5,22,BC030336,13629,19,0.1356324384888838,Scanpy 1.11.5; seed=42; ctrl_size=50; n_bins=25; use_raw=False; ctrl_as_ref=True; full gene pool,selected component - matched-control component = Scanpy score,Algorithm-selected reference term; not a validated neutral biological background program,Algorithmic matched-control gene; not a validated neutral biological background
"Primary: 7,371 Scrublet-negative microglia",Animal/library,author_selected_isg7,Irf7;Ifitm3;Isg15;Mx1;Ifit1;Ifit2;Ifit3,"Author-selected, post hoc, exploratory","normalize_total target_sum=10000, then log1p",Retain first Ensembl feature per gene symbol,27933,Full symbol-deduplicated matrix,42,50,25,FALSE,TRUE,249,15;16;17;19;20,38af968fe25becbf6dd7fa95d05fb508819a9a51ac90f1cd0c3a5d35fedb6a1f,1.11.5,23,Bahcc1,20984,15,0.02465249168842105,Scanpy 1.11.5; seed=42; ctrl_size=50; n_bins=25; use_raw=False; ctrl_as_ref=True; full gene pool,selected component - matched-control component = Scanpy score,Algorithm-selected reference term; not a validated neutral biological background program,Algorithmic matched-control gene; not a validated neutral biological background
"Primary: 7,371 Scrublet-negative microglia",Animal/library,author_selected_isg7,Irf7;Ifitm3;Isg15;Mx1;Ifit1;Ifit2;Ifit3,"Author-selected, post hoc, exploratory","normalize_total target_sum=10000, then log1p",Retain first Ensembl feature per gene symbol,27933,Full symbol-deduplicated matrix,42,50,25,FALSE,TRUE,249,15;16;17;19;20,38af968fe25becbf6dd7fa95d05fb508819a9a51ac90f1cd0c3a5d35fedb6a1f,1.11.5,24,Bbs7,5336,16,0.03845073662171644,Scanpy 1.11.5; seed=42; ctrl_size=50; n_bins=25; use_raw=False; ctrl_as_ref=True; full gene pool,selected component - matched-control component = Scanpy score,Algorithm-selected reference term; not a validated neutral biological background program,Algorithmic matched-control gene; not a validated neutral biological background
"Primary: 7,371 Scrublet-negative microglia",Animal/library,author_selected_isg7,Irf7;Ifitm3;Isg15;Mx1;Ifit1;Ifit2;Ifit3,"Author-selected, post hoc, exploratory","normalize_total target_sum=10000, then log1p",Retain first Ensembl feature per gene symbol,27933,Full symbol-deduplicated matrix,42,50,25,FALSE,TRUE,249,15;16;17;19;20,38af968fe25becbf6dd7fa95d05fb508819a9a51ac90f1cd0c3a5d35fedb6a1f,1.11.5,25,Bcl2,847,17,0.06913351789450423,Scanpy 1.11.5; seed=42; ctrl_size=50; n_bins=25; use_raw=False; ctrl_as_ref=True; full gene pool,selected component - matched-control component = Scanpy score,Algorithm-selected reference term; not a validated neutral biological background program,Algorithmic matched-control gene; not a validated neutral biological background
"Primary: 7,371 Scrublet-negative microglia",Animal/library,author_selected_isg7,Irf7;Ifitm3;Isg15;Mx1;Ifit1;Ifit2;Ifit3,"Author-selected, post hoc, exploratory","normalize_total target_sum=10000, then log1p",Retain first Ensembl feature per gene symbol,27933,Full symbol-deduplicated matrix,42,50,25,FALSE,TRUE,249,15;16;17;19;20,38af968fe25becbf6dd7fa95d05fb508819a9a51ac90f1cd0c3a5d35fedb6a1f,1.11.5,26,Bivm,280,16,0.02602614290338086,Scanpy 1.11.5; seed=42; ctrl_size=50; n_bins=25; use_raw=False; ctrl_as_ref=True; full gene pool,selected component - matched-control component = Scanpy score,Algorithm-selected reference term; not a validated neutral biological background program,Algorithmic matched-control gene; not a validated neutral biological background
"Primary: 7,371 Scrublet-negative microglia",Animal/library,author_selected_isg7,Irf7;Ifitm3;Isg15;Mx1;Ifit1;Ifit2;Ifit3,"Author-selected, post hoc, exploratory","normalize_total target_sum=10000, then log1p",Retain first Ensembl feature per gene symbol,27933,Full symbol-deduplicated matrix,42,50,25,FALSE,TRUE,249,15;16;17;19;20,38af968fe25becbf6dd7fa95d05fb508819a9a51ac90f1cd0c3a5d35fedb6a1f,1.11.5,27,Bloc1s6os,3176,15,0.0128487677671841,Scanpy 1.11.5; seed=42; ctrl_size=50; n_bins=25; use_raw=False; ctrl_as_ref=True; full gene pool,selected component - matched-control component = Scanpy score,Algorithm-selected reference term; not a validated neutral biological background program,Algorithmic matched-control gene; not a validated neutral biological background
"Primary: 7,371 Scrublet-negative microglia",Animal/library,author_selected_isg7,Irf7;Ifitm3;Isg15;Mx1;Ifit1;Ifit2;Ifit3,"Author-selected, post hoc, exploratory","normalize_total target_sum=10000, then log1p",Retain first Ensembl feature per gene symbol,27933,Full symbol-deduplicated matrix,42,50,25,FALSE,TRUE,249,15;16;17;19;20,38af968fe25becbf6dd7fa95d05fb508819a9a51ac90f1cd0c3a5d35fedb6a1f,1.11.5,28,Borcs5,11439,17,0.05389026294584562,Scanpy 1.11.5; seed=42; ctrl_size=50; n_bins=25; use_raw=False; ctrl_as_ref=True; full gene pool,selected component - matched-control component = Scanpy score,Algorithm-selected reference term; not a validated neutral biological background program,Algorithmic matched-control gene; not a validated neutral biological background
"Primary: 7,371 Scrublet-negative microglia",Animal/library,author_selected_isg7,Irf7;Ifitm3;Isg15;Mx1;Ifit1;Ifit2;Ifit3,"Author-selected, post hoc, exploratory","normalize_total target_sum=10000, then log1p",Retain first Ensembl feature per gene symbol,27933,Full symbol-deduplicated matrix,42,50,25,FALSE,TRUE,249,15;16;17;19;20,38af968fe25becbf6dd7fa95d05fb508819a9a51ac90f1cd0c3a5d35fedb6a1f,1.11.5,29,C030034I22Rik,25579,16,0.027239422609906,Scanpy 1.11.5; seed=42; ctrl_size=50; n_bins=25; use_raw=False; ctrl_as_ref=True; full gene pool,selected component - matched-control component = Scanpy score,Algorithm-selected reference term; not a validated neutral biological background program,Algorithmic matched-control gene; not a validated neutral biological background
"Primary: 7,371 Scrublet-negative microglia",Animal/library,author_selected_isg7,Irf7;Ifitm3;Isg15;Mx1;Ifit1;Ifit2;Ifit3,"Author-selected, post hoc, exploratory","normalize_total target_sum=10000, then log1p",Retain first Ensembl feature per gene symbol,27933,Full symbol-deduplicated matrix,42,50,25,FALSE,TRUE,249,15;16;17;19;20,38af968fe25becbf6dd7fa95d05fb508819a9a51ac90f1cd0c3a5d35fedb6a1f,1.11.5,30,Ccdc181,1307,16,0.03326629858103654,Scanpy 1.11.5; seed=42; ctrl_size=50; n_bins=25; use_raw=False; ctrl_as_ref=True; full gene pool,selected component - matched-control component = Scanpy score,Algorithm-selected reference term; not a validated neutral biological background program,Algorithmic matched-control gene; not a validated neutral biological background
"Primary: 7,371 Scrublet-negative microglia",Animal/library,author_selected_isg7,Irf7;Ifitm3;Isg15;Mx1;Ifit1;Ifit2;Ifit3,"Author-selected, post hoc, exploratory","normalize_total target_sum=10000, then log1p",Retain first Ensembl feature per gene symbol,27933,Full symbol-deduplicated matrix,42,50,25,FALSE,TRUE,249,15;16;17;19;20,38af968fe25becbf6dd7fa95d05fb508819a9a51ac90f1cd0c3a5d35fedb6a1f,1.11.5,31,Ccdc28b,7707,20,0.18097032301947663,Scanpy 1.11.5; seed=42; ctrl_size=50; n_bins=25; use_raw=False; ctrl_as_ref=True; full gene pool,selected component - matched-control component = Scanpy score,Algorithm-selected reference term; not a validated neutral biological background program,Algorithmic matched-control gene; not a validated neutral biological background
"Primary: 7,371 Scrublet-negative microglia",Animal/library,author_selected_isg7,Irf7;Ifitm3;Isg15;Mx1;Ifit1;Ifit2;Ifit3,"Author-selected, post hoc, exploratory","normalize_total target_sum=10000, then log1p",Retain first Ensembl feature per gene symbol,27933,Full symbol-deduplicated matrix,42,50,25,FALSE,TRUE,249,15;16;17;19;20,38af968fe25becbf6dd7fa95d05fb508819a9a51ac90f1cd0c3a5d35fedb6a1f,1.11.5,32,Ccdc93,919,20,0.22391959741406356,Scanpy 1.11.5; seed=42; ctrl_size=50; n_bins=25; use_raw=False; ctrl_as_ref=True; full gene pool,selected component - matched-control component = Scanpy score,Algorithm-selected reference term; not a validated neutral biological background program,Algorithmic matched-control gene; not a validated neutral biological background
"Primary: 7,371 Scrublet-negative microglia",Animal/library,author_selected_isg7,Irf7;Ifitm3;Isg15;Mx1;Ifit1;Ifit2;Ifit3,"Author-selected, post hoc, exploratory","normalize_total target_sum=10000, then log1p",Retain first Ensembl feature per gene symbol,27933,Full symbol-deduplicated matrix,42,50,25,FALSE,TRUE,249,15;16;17;19;20,38af968fe25becbf6dd7fa95d05fb508819a9a51ac90f1cd0c3a5d35fedb6a1f,1.11.5,33,Ccnk,22759,19,0.12450745432109364,Scanpy 1.11.5; seed=42; ctrl_size=50; n_bins=25; use_raw=False; ctrl_as_ref=True; full gene pool,selected component - matched-control component = Scanpy score,Algorithm-selected reference term; not a validated neutral biological background program,Algorithmic matched-control gene; not a validated neutral biological background
"Primary: 7,371 Scrublet-negative microglia",Animal/library,author_selected_isg7,Irf7;Ifitm3;Isg15;Mx1;Ifit1;Ifit2;Ifit3,"Author-selected, post hoc, exploratory","normalize_total target_sum=10000, then log1p",Retain first Ensembl feature per gene symbol,27933,Full symbol-deduplicated matrix,42,50,25,FALSE,TRUE,249,15;16;17;19;20,38af968fe25becbf6dd7fa95d05fb508819a9a51ac90f1cd0c3a5d35fedb6a1f,1.11.5,34,Cdca4,22836,19,0.117700846155436,Scanpy 1.11.5; seed=42; ctrl_size=50; n_bins=25; use_raw=False; ctrl_as_ref=True; full gene pool,selected component - matched-control component = Scanpy score,Algorithm-selected reference term; not a validated neutral biological background program,Algorithmic matched-control gene; not a validated neutral biological background
"Primary: 7,371 Scrublet-negative microglia",Animal/library,author_selected_isg7,Irf7;Ifitm3;Isg15;Mx1;Ifit1;Ifit2;Ifit3,"Author-selected, post hoc, exploratory","normalize_total target_sum=10000, then log1p",Retain first Ensembl feature per gene symbol,27933,Full symbol-deduplicated matrix,42,50,25,FALSE,TRUE,249,15;16;17;19;20,38af968fe25becbf6dd7fa95d05fb508819a9a51ac90f1cd0c3a5d35fedb6a1f,1.11.5,35,Cep350,1214,20,0.17326117952745557,Scanpy 1.11.5; seed=42; ctrl_size=50; n_bins=25; use_raw=False; ctrl_as_ref=True; full gene pool,selected component - matched-control component = Scanpy score,Algorithm-selected reference term; not a validated neutral biological background program,Algorithmic matched-control gene; not a validated neutral biological background
"Primary: 7,371 Scrublet-negative microglia",Animal/library,author_selected_isg7,Irf7;Ifitm3;Isg15;Mx1;Ifit1;Ifit2;Ifit3,"Author-selected, post hoc, exploratory","normalize_total target_sum=10000, then log1p",Retain first Ensembl feature per gene symbol,27933,Full symbol-deduplicated matrix,42,50,25,FALSE,TRUE,249,15;16;17;19;20,38af968fe25becbf6dd7fa95d05fb508819a9a51ac90f1cd0c3a5d35fedb6a1f,1.11.5,36,Cep57,17631,19,0.12746244685941951,Scanpy 1.11.5; seed=42; ctrl_size=50; n_bins=25; use_raw=False; ctrl_as_ref=True; full gene pool,selected component - matched-control component = Scanpy score,Algorithm-selected reference term; not a validated neutral biological background program,Algorithmic matched-control gene; not a validated neutral biological background
"Primary: 7,371 Scrublet-negative microglia",Animal/library,author_selected_isg7,Irf7;Ifitm3;Isg15;Mx1;Ifit1;Ifit2;Ifit3,"Author-selected, post hoc, exploratory","normalize_total target_sum=10000, then log1p",Retain first Ensembl feature per gene symbol,27933,Full symbol-deduplicated matrix,42,50,25,FALSE,TRUE,249,15;16;17;19;20,38af968fe25becbf6dd7fa95d05fb508819a9a51ac90f1cd0c3a5d35fedb6a1f,1.11.5,37,Chchd5,3256,19,0.13401911808894232,Scanpy 1.11.5; seed=42; ctrl_size=50; n_bins=25; use_raw=False; ctrl_as_ref=True; full gene pool,selected component - matched-control component = Scanpy score,Algorithm-selected reference term; not a validated neutral biological background program,Algorithmic matched-control gene; not a validated neutral biological background
"Primary: 7,371 Scrublet-negative microglia",Animal/library,author_selected_isg7,Irf7;Ifitm3;Isg15;Mx1;Ifit1;Ifit2;Ifit3,"Author-selected, post hoc, exploratory","normalize_total target_sum=10000, then log1p",Retain first Ensembl feature per gene symbol,27933,Full symbol-deduplicated matrix,42,50,25,FALSE,TRUE,249,15;16;17;19;20,38af968fe25becbf6dd7fa95d05fb508819a9a51ac90f1cd0c3a5d35fedb6a1f,1.11.5,38,Chd6,3695,20,0.2242961257853836,Scanpy 1.11.5; seed=42; ctrl_size=50; n_bins=25; use_raw=False; ctrl_as_ref=True; full gene pool,selected component - matched-control component = Scanpy score,Algorithm-selected reference term; not a validated neutral biological background program,Algorithmic matched-control gene; not a validated neutral biological background
"Primary: 7,371 Scrublet-negative microglia",Animal/library,author_selected_isg7,Irf7;Ifitm3;Isg15;Mx1;Ifit1;Ifit2;Ifit3,"Author-selected, post hoc, exploratory","normalize_total target_sum=10000, then log1p",Retain first Ensembl feature per gene symbol,27933,Full symbol-deduplicated matrix,42,50,25,FALSE,TRUE,249,15;16;17;19;20,38af968fe25becbf6dd7fa95d05fb508819a9a51ac90f1cd0c3a5d35fedb6a1f,1.11.5,39,Ciart,5933,15,0.02441264447388308,Scanpy 1.11.5; seed=42; ctrl_size=50; n_bins=25; use_raw=False; ctrl_as_ref=True; full gene pool,selected component - matched-control component = Scanpy score,Algorithm-selected reference term; not a validated neutral biological background program,Algorithmic matched-control gene; not a validated neutral biological background
"Primary: 7,371 Scrublet-negative microglia",Animal/library,author_selected_isg7,Irf7;Ifitm3;Isg15;Mx1;Ifit1;Ifit2;Ifit3,"Author-selected, post hoc, exploratory","normalize_total target_sum=10000, then log1p",Retain first Ensembl feature per gene symbol,27933,Full symbol-deduplicated matrix,42,50,25,FALSE,TRUE,249,15;16;17;19;20,38af968fe25becbf6dd7fa95d05fb508819a9a51ac90f1cd0c3a5d35fedb6a1f,1.11.5,40,Cisd3,20414,16,0.04459129067486814,Scanpy 1.11.5; seed=42; ctrl_size=50; n_bins=25; use_raw=False; ctrl_as_ref=True; full gene pool,selected component - matched-control component = Scanpy score,Algorithm-selected reference term; not a validated neutral biological background program,Algorithmic matched-control gene; not a validated neutral biological background
"Primary: 7,371 Scrublet-negative microglia",Animal/library,author_selected_isg7,Irf7;Ifitm3;Isg15;Mx1;Ifit1;Ifit2;Ifit3,"Author-selected, post hoc, exploratory","normalize_total target_sum=10000, then log1p",Retain first Ensembl feature per gene symbol,27933,Full symbol-deduplicated matrix,42,50,25,FALSE,TRUE,249,15;16;17;19;20,38af968fe25becbf6dd7fa95d05fb508819a9a51ac90f1cd0c3a5d35fedb6a1f,1.11.5,41,Clasrp,11958,19,0.12036405239123338,Scanpy 1.11.5; seed=42; ctrl_size=50; n_bins=25; use_raw=False; ctrl_as_ref=True; full gene pool,selected component - matched-control component = Scanpy score,Algorithm-selected reference term; not a validated neutral biological background program,Algorithmic matched-control gene; not a validated neutral biological background
"Primary: 7,371 Scrublet-negative microglia",Animal/library,author_selected_isg7,Irf7;Ifitm3;Isg15;Mx1;Ifit1;Ifit2;Ifit3,"Author-selected, post hoc, exploratory","normalize_total target_sum=10000, then log1p",Retain first Ensembl feature per gene symbol,27933,Full symbol-deduplicated matrix,42,50,25,FALSE,TRUE,249,15;16;17;19;20,38af968fe25becbf6dd7fa95d05fb508819a9a51ac90f1cd0c3a5d35fedb6a1f,1.11.5,42,Clic4,7839,19,0.1402828520341541,Scanpy 1.11.5; seed=42; ctrl_size=50; n_bins=25; use_raw=False; ctrl_as_ref=True; full gene pool,selected component - matched-control component = Scanpy score,Algorithm-selected reference term; not a validated neutral biological background program,Algorithmic matched-control gene; not a validated neutral biological background
"Primary: 7,371 Scrublet-negative microglia",Animal/library,author_selected_isg7,Irf7;Ifitm3;Isg15;Mx1;Ifit1;Ifit2;Ifit3,"Author-selected, post hoc, exploratory","normalize_total target_sum=10000, then log1p",Retain first Ensembl feature per gene symbol,27933,Full symbol-deduplicated matrix,42,50,25,FALSE,TRUE,249,15;16;17;19;20,38af968fe25becbf6dd7fa95d05fb508819a9a51ac90f1cd0c3a5d35fedb6a1f,1.11.5,43,Cntrl,2181,20,0.2140254599157594,Scanpy 1.11.5; seed=42; ctrl_size=50; n_bins=25; use_raw=False; ctrl_as_ref=True; full gene pool,selected component - matched-control component = Scanpy score,Algorithm-selected reference term; not a validated neutral biological background program,Algorithmic matched-control gene; not a validated neutral biological background
"Primary: 7,371 Scrublet-negative microglia",Animal/library,author_selected_isg7,Irf7;Ifitm3;Isg15;Mx1;Ifit1;Ifit2;Ifit3,"Author-selected, post hoc, exploratory","normalize_total target_sum=10000, then log1p",Retain first Ensembl feature per gene symbol,27933,Full symbol-deduplicated matrix,42,50,25,FALSE,TRUE,249,15;16;17;19;20,38af968fe25becbf6dd7fa95d05fb508819a9a51ac90f1cd0c3a5d35fedb6a1f,1.11.5,44,Cog8,16278,20,0.2023662463115588,Scanpy 1.11.5; seed=42; ctrl_size=50; n_bins=25; use_raw=False; ctrl_as_ref=True; full gene pool,selected component - matched-control component = Scanpy score,Algorithm-selected reference term; not a validated neutral biological background program,Algorithmic matched-control gene; not a validated neutral biological background
"Primary: 7,371 Scrublet-negative microglia",Animal/library,author_selected_isg7,Irf7;Ifitm3;Isg15;Mx1;Ifit1;Ifit2;Ifit3,"Author-selected, post hoc, exploratory","normalize_total target_sum=10000, then log1p",Retain first Ensembl feature per gene symbol,27933,Full symbol-deduplicated matrix,42,50,25,FALSE,TRUE,249,15;16;17;19;20,38af968fe25becbf6dd7fa95d05fb508819a9a51ac90f1cd0c3a5d35fedb6a1f,1.11.5,45,Copg1,10886,20,0.181453884416124,Scanpy 1.11.5; seed=42; ctrl_size=50; n_bins=25; use_raw=False; ctrl_as_ref=True; full gene pool,selected component - matched-control component = Scanpy score,Algorithm-selected reference term; not a validated neutral biological background program,Algorithmic matched-control gene; not a validated neutral biological background
"Primary: 7,371 Scrublet-negative microglia",Animal/library,author_selected_isg7,Irf7;Ifitm3;Isg15;Mx1;Ifit1;Ifit2;Ifit3,"Author-selected, post hoc, exploratory","normalize_total target_sum=10000, then log1p",Retain first Ensembl feature per gene symbol,27933,Full symbol-deduplicated matrix,42,50,25,FALSE,TRUE,249,15;16;17;19;20,38af968fe25becbf6dd7fa95d05fb508819a9a51ac90f1cd0c3a5d35fedb6a1f,1.11.5,46,Coq4,2046,17,0.05235725457689975,Scanpy 1.11.5; seed=42; ctrl_size=50; n_bins=25; use_raw=False; ctrl_as_ref=True; full gene pool,selected component - matched-control component = Scanpy score,Algorithm-selected reference term; not a validated neutral biological background program,Algorithmic matched-control gene; not a validated neutral biological background
"Primary: 7,371 Scrublet-negative microglia",Animal/library,author_selected_isg7,Irf7;Ifitm3;Isg15;Mx1;Ifit1;Ifit2;Ifit3,"Author-selected, post hoc, exploratory","normalize_total target_sum=10000, then log1p",Retain first Ensembl feature per gene symbol,27933,Full symbol-deduplicated matrix,42,50,25,FALSE,TRUE,249,15;16;17;19;20,38af968fe25becbf6dd7fa95d05fb508819a9a51ac90f1cd0c3a5d35fedb6a1f,1.11.5,47,Cpd,20039,19,0.1187608672553334,Scanpy 1.11.5; seed=42; ctrl_size=50; n_bins=25; use_raw=False; ctrl_as_ref=True; full gene pool,selected component - matched-control component = Scanpy score,Algorithm-selected reference term; not a validated neutral biological background program,Algorithmic matched-control gene; not a validated neutral biological background
"Primary: 7,371 Scrublet-negative microglia",Animal/library,author_selected_isg7,Irf7;Ifitm3;Isg15;Mx1;Ifit1;Ifit2;Ifit3,"Author-selected, post hoc, exploratory","normalize_total target_sum=10000, then log1p",Retain first Ensembl feature per gene symbol,27933,Full symbol-deduplicated matrix,42,50,25,FALSE,TRUE,249,15;16;17;19;20,38af968fe25becbf6dd7fa95d05fb508819a9a51ac90f1cd0c3a5d35fedb6a1f,1.11.5,48,Creb3l1,2839,15,0.01520920576096357,Scanpy 1.11.5; seed=42; ctrl_size=50; n_bins=25; use_raw=False; ctrl_as_ref=True; full gene pool,selected component - matched-control component = Scanpy score,Algorithm-selected reference term; not a validated neutral biological background program,Algorithmic matched-control gene; not a validated neutral biological background
"Primary: 7,371 Scrublet-negative microglia",Animal/library,author_selected_isg7,Irf7;Ifitm3;Isg15;Mx1;Ifit1;Ifit2;Ifit3,"Author-selected, post hoc, exploratory","normalize_total target_sum=10000, then log1p",Retain first Ensembl feature per gene symbol,27933,Full symbol-deduplicated matrix,42,50,25,FALSE,TRUE,249,15;16;17;19;20,38af968fe25becbf6dd7fa95d05fb508819a9a51ac90f1cd0c3a5d35fedb6a1f,1.11.5,49,Ctdspl2,3158,19,0.1192028442598104,Scanpy 1.11.5; seed=42; ctrl_size=50; n_bins=25; use_raw=False; ctrl_as_ref=True; full gene pool,selected component - matched-control component = Scanpy score,Algorithm-selected reference term; not a validated neutral biological background program,Algorithmic matched-control gene; not a validated neutral biological background
"Primary: 7,371 Scrublet-negative microglia",Animal/library,author_selected_isg7,Irf7;Ifitm3;Isg15;Mx1;Ifit1;Ifit2;Ifit3,"Author-selected, post hoc, exploratory","normalize_total target_sum=10000, then log1p",Retain first Ensembl feature per gene symbol,27933,Full symbol-deduplicated matrix,42,50,25,FALSE,TRUE,249,15;16;17;19;20,38af968fe25becbf6dd7fa95d05fb508819a9a51ac90f1cd0c3a5d35fedb6a1f,1.11.5,50,Cwc25,20419,20,0.178914901408391,Scanpy 1.11.5; seed=42; ctrl_size=50; n_bins=25; use_raw=False; ctrl_as_ref=True; full gene pool,selected component - matched-control component = Scanpy score,Algorithm-selected reference term; not a validated neutral biological background program,Algorithmic matched-control gene; not a validated neutral biological background
"Primary: 7,371 Scrublet-negative microglia",Animal/library,author_selected_isg7,Irf7;Ifitm3;Isg15;Mx1;Ifit1;Ifit2;Ifit3,"Author-selected, post hoc, exploratory","normalize_total target_sum=10000, then log1p",Retain first Ensembl feature per gene symbol,27933,Full symbol-deduplicated matrix,42,50,25,FALSE,TRUE,249,15;16;17;19;20,38af968fe25becbf6dd7fa95d05fb508819a9a51ac90f1cd0c3a5d35fedb6a1f,1.11.5,51,Cxcl14,21598,15,0.01885376473389168,Scanpy 1.11.5; seed=42; ctrl_size=50; n_bins=25; use_raw=False; ctrl_as_ref=True; full gene pool,selected component - matched-control component = Scanpy score,Algorithm-selected reference term; not a validated neutral biological background program,Algorithmic matched-control gene; not a validated neutral biological background
"Primary: 7,371 Scrublet-negative microglia",Animal/library,author_selected_isg7,Irf7;Ifitm3;Isg15;Mx1;Ifit1;Ifit2;Ifit3,"Author-selected, post hoc, exploratory","normalize_total target_sum=10000, then log1p",Retain first Ensembl feature per gene symbol,27933,Full symbol-deduplicated matrix,42,50,25,FALSE,TRUE,249,15;16;17;19;20,38af968fe25becbf6dd7fa95d05fb508819a9a51ac90f1cd0c3a5d35fedb6a1f,1.11.5,52,Cyb5b,16282,19,0.14065524018323497,Scanpy 1.11.5; seed=42; ctrl_size=50; n_bins=25; use_raw=False; ctrl_as_ref=True; full gene pool,selected component - matched-control component = Scanpy score,Algorithm-selected reference term; not a validated neutral biological background program,Algorithmic matched-control gene; not a validated neutral biological background
"Primary: 7,371 Scrublet-negative microglia",Animal/library,author_selected_isg7,Irf7;Ifitm3;Isg15;Mx1;Ifit1;Ifit2;Ifit3,"Author-selected, post hoc, exploratory","normalize_total target_sum=10000, then log1p",Retain first Ensembl feature per gene symbol,27933,Full symbol-deduplicated matrix,42,50,25,FALSE,TRUE,249,15;16;17;19;20,38af968fe25becbf6dd7fa95d05fb508819a9a51ac90f1cd0c3a5d35fedb6a1f,1.11.5,53,Cyp4f16,25006,17,0.05449908262611713,Scanpy 1.11.5; seed=42; ctrl_size=50; n_bins=25; use_raw=False; ctrl_as_ref=True; full gene pool,selected component - matched-control component = Scanpy score,Algorithm-selected reference term; not a validated neutral biological background program,Algorithmic matched-control gene; not a validated neutral biological background
"Primary: 7,371 Scrublet-negative microglia",Animal/library,author_selected_isg7,Irf7;Ifitm3;Isg15;Mx1;Ifit1;Ifit2;Ifit3,"Author-selected, post hoc, exploratory","normalize_total target_sum=10000, then log1p",Retain first Ensembl feature per gene symbol,27933,Full symbol-deduplicated matrix,42,50,25,FALSE,TRUE,249,15;16;17;19;20,38af968fe25becbf6dd7fa95d05fb508819a9a51ac90f1cd0c3a5d35fedb6a1f,1.11.5,54,D830044I16Rik,13728,15,0.01476234639941101,Scanpy 1.11.5; seed=42; ctrl_size=50; n_bins=25; use_raw=False; ctrl_as_ref=True; full gene pool,selected component - matched-control component = Scanpy score,Algorithm-selected reference term; not a validated neutral biological background program,Algorithmic matched-control gene; not a validated neutral biological background
"Primary: 7,371 Scrublet-negative microglia",Animal/library,author_selected_isg7,Irf7;Ifitm3;Isg15;Mx1;Ifit1;Ifit2;Ifit3,"Author-selected, post hoc, exploratory","normalize_total target_sum=10000, then log1p",Retain first Ensembl feature per gene symbol,27933,Full symbol-deduplicated matrix,42,50,25,FALSE,TRUE,249,15;16;17;19;20,38af968fe25becbf6dd7fa95d05fb508819a9a51ac90f1cd0c3a5d35fedb6a1f,1.11.5,55,Dcp2,26803,19,0.127245093472307,Scanpy 1.11.5; seed=42; ctrl_size=50; n_bins=25; use_raw=False; ctrl_as_ref=True; full gene pool,selected component - matched-control component = Scanpy score,Algorithm-selected reference term; not a validated neutral biological background program,Algorithmic matched-control gene; not a validated neutral biological background
"Primary: 7,371 Scrublet-negative microglia",Animal/library,author_selected_isg7,Irf7;Ifitm3;Isg15;Mx1;Ifit1;Ifit2;Ifit3,"Author-selected, post hoc, exploratory","normalize_total target_sum=10000, then log1p",Retain first Ensembl feature per gene symbol,27933,Full symbol-deduplicated matrix,42,50,25,FALSE,TRUE,249,15;16;17;19;20,38af968fe25becbf6dd7fa95d05fb508819a9a51ac90f1cd0c3a5d35fedb6a1f,1.11.5,56,Ddx39,15977,20,0.18164367220356803,Scanpy 1.11.5; seed=42; ctrl_size=50; n_bins=25; use_raw=False; ctrl_as_ref=True; full gene pool,selected component - matched-control component = Scanpy score,Algorithm-selected reference term; not a validated neutral biological background program,Algorithmic matched-control gene; not a validated neutral biological background
"Primary: 7,371 Scrublet-negative microglia",Animal/library,author_selected_isg7,Irf7;Ifitm3;Isg15;Mx1;Ifit1;Ifit2;Ifit3,"Author-selected, post hoc, exploratory","normalize_total target_sum=10000, then log1p",Retain first Ensembl feature per gene symbol,27933,Full symbol-deduplicated matrix,42,50,25,FALSE,TRUE,249,15;16;17;19;20,38af968fe25becbf6dd7fa95d05fb508819a9a51ac90f1cd0c3a5d35fedb6a1f,1.11.5,57,Ddx46,21586,20,0.1714363186124254,Scanpy 1.11.5; seed=42; ctrl_size=50; n_bins=25; use_raw=False; ctrl_as_ref=True; full gene pool,selected component - matched-control component = Scanpy score,Algorithm-selected reference term; not a validated neutral biological background program,Algorithmic matched-control gene; not a validated neutral biological background
"Primary: 7,371 Scrublet-negative microglia",Animal/library,author_selected_isg7,Irf7;Ifitm3;Isg15;Mx1;Ifit1;Ifit2;Ifit3,"Author-selected, post hoc, exploratory","normalize_total target_sum=10000, then log1p",Retain first Ensembl feature per gene symbol,27933,Full symbol-deduplicated matrix,42,50,25,FALSE,TRUE,249,15;16;17;19;20,38af968fe25becbf6dd7fa95d05fb508819a9a51ac90f1cd0c3a5d35fedb6a1f,1.11.5,58,Ddx56,19117,19,0.12393059715650862,Scanpy 1.11.5; seed=42; ctrl_size=50; n_bins=25; use_raw=False; ctrl_as_ref=True; full gene pool,selected component - matched-control component = Scanpy score,Algorithm-selected reference term; not a validated neutral biological background program,Algorithmic matched-control gene; not a validated neutral biological background
"Primary: 7,371 Scrublet-negative microglia",Animal/library,author_selected_isg7,Irf7;Ifitm3;Isg15;Mx1;Ifit1;Ifit2;Ifit3,"Author-selected, post hoc, exploratory","normalize_total target_sum=10000, then log1p",Retain first Ensembl feature per gene symbol,27933,Full symbol-deduplicated matrix,42,50,25,FALSE,TRUE,249,15;16;17;19;20,38af968fe25becbf6dd7fa95d05fb508819a9a51ac90f1cd0c3a5d35fedb6a1f,1.11.5,59,Depdc7,2924,19,0.126307184087132,Scanpy 1.11.5; seed=42; ctrl_size=50; n_bins=25; use_raw=False; ctrl_as_ref=True; full gene pool,selected component - matched-control component = Scanpy score,Algorithm-selected reference term; not a validated neutral biological background program,Algorithmic matched-control gene; not a validated neutral biological background
"Primary: 7,371 Scrublet-negative microglia",Animal/library,author_selected_isg7,Irf7;Ifitm3;Isg15;Mx1;Ifit1;Ifit2;Ifit3,"Author-selected, post hoc, exploratory","normalize_total target_sum=10000, then log1p",Retain first Ensembl feature per gene symbol,27933,Full symbol-deduplicated matrix,42,50,25,FALSE,TRUE,249,15;16;17;19;20,38af968fe25becbf6dd7fa95d05fb508819a9a51ac90f1cd0c3a5d35fedb6a1f,1.11.5,60,Dgat2,13163,15,0.02059116138400806,Scanpy 1.11.5; seed=42; ctrl_size=50; n_bins=25; use_raw=False; ctrl_as_ref=True; full gene pool,selected component - matched-control component = Scanpy score,Algorithm-selected reference term; not a validated neutral biological background program,Algorithmic matched-control gene; not a validated neutral biological background
"Primary: 7,371 Scrublet-negative microglia",Animal/library,author_selected_isg7,Irf7;Ifitm3;Isg15;Mx1;Ifit1;Ifit2;Ifit3,"Author-selected, post hoc, exploratory","normalize_total target_sum=10000, then log1p",Retain first Ensembl feature per gene symbol,27933,Full symbol-deduplicated matrix,42,50,25,FALSE,TRUE,249,15;16;17;19;20,38af968fe25becbf6dd7fa95d05fb508819a9a51ac90f1cd0c3a5d35fedb6a1f,1.11.5,61,Dlc1,15624,16,0.033088324917752,Scanpy 1.11.5; seed=42; ctrl_size=50; n_bins=25; use_raw=False; ctrl_as_ref=True; full gene pool,selected component - matched-control component = Scanpy score,Algorithm-selected reference term; not a validated neutral biological background program,Algorithmic matched-control gene; not a validated neutral biological background
"Primary: 7,371 Scrublet-negative microglia",Animal/library,author_selected_isg7,Irf7;Ifitm3;Isg15;Mx1;Ifit1;Ifit2;Ifit3,"Author-selected, post hoc, exploratory","normalize_total target_sum=10000, then log1p",Retain first Ensembl feature per gene symbol,27933,Full symbol-deduplicated matrix,42,50,25,FALSE,TRUE,249,15;16;17;19;20,38af968fe25becbf6dd7fa95d05fb508819a9a51ac90f1cd0c3a5d35fedb6a1f,1.11.5,62,Dnajc25,7005,19,0.1481758710762617,Scanpy 1.11.5; seed=42; ctrl_size=50; n_bins=25; use_raw=False; ctrl_as_ref=True; full gene pool,selected component - matched-control component = Scanpy score,Algorithm-selected reference term; not a validated neutral biological background program,Algorithmic matched-control gene; not a validated neutral biological background
"Primary: 7,371 Scrublet-negative microglia",Animal/library,author_selected_isg7,Irf7;Ifitm3;Isg15;Mx1;Ifit1;Ifit2;Ifit3,"Author-selected, post hoc, exploratory","normalize_total target_sum=10000, then log1p",Retain first Ensembl feature per gene symbol,27933,Full symbol-deduplicated matrix,42,50,25,FALSE,TRUE,249,15;16;17;19;20,38af968fe25becbf6dd7fa95d05fb508819a9a51ac90f1cd0c3a5d35fedb6a1f,1.11.5,63,Dus4l,22224,15,0.01739321439435371,Scanpy 1.11.5; seed=42; ctrl_size=50; n_bins=25; use_raw=False; ctrl_as_ref=True; full gene pool,selected component - matched-control component = Scanpy score,Algorithm-selected reference term; not a validated neutral biological background program,Algorithmic matched-control gene; not a validated neutral biological background
"Primary: 7,371 Scrublet-negative microglia",Animal/library,author_selected_isg7,Irf7;Ifitm3;Isg15;Mx1;Ifit1;Ifit2;Ifit3,"Author-selected, post hoc, exploratory","normalize_total target_sum=10000, then log1p",Retain first Ensembl feature per gene symbol,27933,Full symbol-deduplicated matrix,42,50,25,FALSE,TRUE,249,15;16;17;19;20,38af968fe25becbf6dd7fa95d05fb508819a9a51ac90f1cd0c3a5d35fedb6a1f,1.11.5,64,Dusp28,777,15,0.02358596836949701,Scanpy 1.11.5; seed=42; ctrl_size=50; n_bins=25; use_raw=False; ctrl_as_ref=True; full gene pool,selected component - matched-control component = Scanpy score,Algorithm-selected reference term; not a validated neutral biological background program,Algorithmic matched-control gene; not a validated neutral biological background
"Primary: 7,371 Scrublet-negative microglia",Animal/library,author_selected_isg7,Irf7;Ifitm3;Isg15;Mx1;Ifit1;Ifit2;Ifit3,"Author-selected, post hoc, exploratory","normalize_total target_sum=10000, then log1p",Retain first Ensembl feature per gene symbol,27933,Full symbol-deduplicated matrix,42,50,25,FALSE,TRUE,249,15;16;17;19;20,38af968fe25becbf6dd7fa95d05fb508819a9a51ac90f1cd0c3a5d35fedb6a1f,1.11.5,65,E2f6,22149,15,0.02110631681656258,Scanpy 1.11.5; seed=42; ctrl_size=50; n_bins=25; use_raw=False; ctrl_as_ref=True; full gene pool,selected component - matched-control component = Scanpy score,Algorithm-selected reference term; not a validated neutral biological background program,Algorithmic matched-control gene; not a validated neutral biological background
"Primary: 7,371 Scrublet-negative microglia",Animal/library,author_selected_isg7,Irf7;Ifitm3;Isg15;Mx1;Ifit1;Ifit2;Ifit3,"Author-selected, post hoc, exploratory","normalize_total target_sum=10000, then log1p",Retain first Ensembl feature per gene symbol,27933,Full symbol-deduplicated matrix,42,50,25,FALSE,TRUE,249,15;16;17;19;20,38af968fe25becbf6dd7fa95d05fb508819a9a51ac90f1cd0c3a5d35fedb6a1f,1.11.5,66,Eif2b3,7464,19,0.11031732286208196,Scanpy 1.11.5; seed=42; ctrl_size=50; n_bins=25; use_raw=False; ctrl_as_ref=True; full gene pool,selected component - matched-control component = Scanpy score,Algorithm-selected reference term; not a validated neutral biological background program,Algorithmic matched-control gene; not a validated neutral biological background
"Primary: 7,371 Scrublet-negative microglia",Animal/library,author_selected_isg7,Irf7;Ifitm3;Isg15;Mx1;Ifit1;Ifit2;Ifit3,"Author-selected, post hoc, exploratory","normalize_total target_sum=10000, then log1p",Retain first Ensembl feature per gene symbol,27933,Full symbol-deduplicated matrix,42,50,25,FALSE,TRUE,249,15;16;17;19;20,38af968fe25becbf6dd7fa95d05fb508819a9a51ac90f1cd0c3a5d35fedb6a1f,1.11.5,67,Eif2d,975,17,0.06610343414542633,Scanpy 1.11.5; seed=42; ctrl_size=50; n_bins=25; use_raw=False; ctrl_as_ref=True; full gene pool,selected component - matched-control component = Scanpy score,Algorithm-selected reference term; not a validated neutral biological background program,Algorithmic matched-control gene; not a validated neutral biological background
"Primary: 7,371 Scrublet-negative microglia",Animal/library,author_selected_isg7,Irf7;Ifitm3;Isg15;Mx1;Ifit1;Ifit2;Ifit3,"Author-selected, post hoc, exploratory","normalize_total target_sum=10000, then log1p",Retain first Ensembl feature per gene symbol,27933,Full symbol-deduplicated matrix,42,50,25,FALSE,TRUE,249,15;16;17;19;20,38af968fe25becbf6dd7fa95d05fb508819a9a51ac90f1cd0c3a5d35fedb6a1f,1.11.5,68,Elk1,4210,15,0.01891910158104819,Scanpy 1.11.5; seed=42; ctrl_size=50; n_bins=25; use_raw=False; ctrl_as_ref=True; full gene pool,selected component - matched-control component = Scanpy score,Algorithm-selected reference term; not a validated neutral biological background program,Algorithmic matched-control gene; not a validated neutral biological background
"Primary: 7,371 Scrublet-negative microglia",Animal/library,author_selected_isg7,Irf7;Ifitm3;Isg15;Mx1;Ifit1;Ifit2;Ifit3,"Author-selected, post hoc, exploratory","normalize_total target_sum=10000, then log1p",Retain first Ensembl feature per gene symbol,27933,Full symbol-deduplicated matrix,42,50,25,FALSE,TRUE,249,15;16;17;19;20,38af968fe25becbf6dd7fa95d05fb508819a9a51ac90f1cd0c3a5d35fedb6a1f,1.11.5,69,Eml6,19259,16,0.02773135139569872,Scanpy 1.11.5; seed=42; ctrl_size=50; n_bins=25; use_raw=False; ctrl_as_ref=True; full gene pool,selected component - matched-control component = Scanpy score,Algorithm-selected reference term; not a validated neutral biological background program,Algorithmic matched-control gene; not a validated neutral biological background
"Primary: 7,371 Scrublet-negative microglia",Animal/library,author_selected_isg7,Irf7;Ifitm3;Isg15;Mx1;Ifit1;Ifit2;Ifit3,"Author-selected, post hoc, exploratory","normalize_total target_sum=10000, then log1p",Retain first Ensembl feature per gene symbol,27933,Full symbol-deduplicated matrix,42,50,25,FALSE,TRUE,249,15;16;17;19;20,38af968fe25becbf6dd7fa95d05fb508819a9a51ac90f1cd0c3a5d35fedb6a1f,1.11.5,70,Endov,20970,16,0.04533585168147343,Scanpy 1.11.5; seed=42; ctrl_size=50; n_bins=25; use_raw=False; ctrl_as_ref=True; full gene pool,selected component - matched-control component = Scanpy score,Algorithm-selected reference term; not a validated neutral biological background program,Algorithmic matched-control gene; not a validated neutral biological background
"Primary: 7,371 Scrublet-negative microglia",Animal/library,author_selected_isg7,Irf7;Ifitm3;Isg15;Mx1;Ifit1;Ifit2;Ifit3,"Author-selected, post hoc, exploratory","normalize_total target_sum=10000, then log1p",Retain first Ensembl feature per gene symbol,27933,Full symbol-deduplicated matrix,42,50,25,FALSE,TRUE,249,15;16;17;19;20,38af968fe25becbf6dd7fa95d05fb508819a9a51ac90f1cd0c3a5d35fedb6a1f,1.11.5,71,Epb41l4aos,26615,20,0.16957179436834385,Scanpy 1.11.5; seed=42; ctrl_size=50; n_bins=25; use_raw=False; ctrl_as_ref=True; full gene pool,selected component - matched-control component = Scanpy score,Algorithm-selected reference term; not a validated neutral biological background program,Algorithmic matched-control gene; not a validated neutral biological background
"Primary: 7,371 Scrublet-negative microglia",Animal/library,author_selected_isg7,Irf7;Ifitm3;Isg15;Mx1;Ifit1;Ifit2;Ifit3,"Author-selected, post hoc, exploratory","normalize_total target_sum=10000, then log1p",Retain first Ensembl feature per gene symbol,27933,Full symbol-deduplicated matrix,42,50,25,FALSE,TRUE,249,15;16;17;19;20,38af968fe25becbf6dd7fa95d05fb508819a9a51ac90f1cd0c3a5d35fedb6a1f,1.11.5,72,Exoc1,8917,19,0.12499019595373762,Scanpy 1.11.5; seed=42; ctrl_size=50; n_bins=25; use_raw=False; ctrl_as_ref=True; full gene pool,selected component - matched-control component = Scanpy score,Algorithm-selected reference term; not a validated neutral biological background program,Algorithmic matched-control gene; not a validated neutral biological background
"Primary: 7,371 Scrublet-negative microglia",Animal/library,author_selected_isg7,Irf7;Ifitm3;Isg15;Mx1;Ifit1;Ifit2;Ifit3,"Author-selected, post hoc, exploratory","normalize_total target_sum=10000, then log1p",Retain first Ensembl feature per gene symbol,27933,Full symbol-deduplicated matrix,42,50,25,FALSE,TRUE,249,15;16;17;19;20,38af968fe25becbf6dd7fa95d05fb508819a9a51ac90f1cd0c3a5d35fedb6a1f,1.11.5,73,Exosc2,2100,17,0.05028267201729115,Scanpy 1.11.5; seed=42; ctrl_size=50; n_bins=25; use_raw=False; ctrl_as_ref=True; full gene pool,selected component - matched-control component = Scanpy score,Algorithm-selected reference term; not a validated neutral biological background program,Algorithmic matched-control gene; not a validated neutral biological background
"Primary: 7,371 Scrublet-negative microglia",Animal/library,author_selected_isg7,Irf7;Ifitm3;Isg15;Mx1;Ifit1;Ifit2;Ifit3,"Author-selected, post hoc, exploratory","normalize_total target_sum=10000, then log1p",Retain first Ensembl feature per gene symbol,27933,Full symbol-deduplicated matrix,42,50,25,FALSE,TRUE,249,15;16;17;19;20,38af968fe25becbf6dd7fa95d05fb508819a9a51ac90f1cd0c3a5d35fedb6a1f,1.11.5,74,Exosc9,5334,19,0.11011774758926451,Scanpy 1.11.5; seed=42; ctrl_size=50; n_bins=25; use_raw=False; ctrl_as_ref=True; full gene pool,selected component - matched-control component = Scanpy score,Algorithm-selected reference term; not a validated neutral biological background program,Algorithmic matched-control gene; not a validated neutral biological background
"Primary: 7,371 Scrublet-negative microglia",Animal/library,author_selected_isg7,Irf7;Ifitm3;Isg15;Mx1;Ifit1;Ifit2;Ifit3,"Author-selected, post hoc, exploratory","normalize_total target_sum=10000, then log1p",Retain first Ensembl feature per gene symbol,27933,Full symbol-deduplicated matrix,42,50,25,FALSE,TRUE,249,15;16;17;19;20,38af968fe25becbf6dd7fa95d05fb508819a9a51ac90f1cd0c3a5d35fedb6a1f,1.11.5,75,Eya4,14206,15,0.02482322824323149,Scanpy 1.11.5; seed=42; ctrl_size=50; n_bins=25; use_raw=False; ctrl_as_ref=True; full gene pool,selected component - matched-control component = Scanpy score,Algorithm-selected reference term; not a validated neutral biological background program,Algorithmic matched-control gene; not a validated neutral biological background
"Primary: 7,371 Scrublet-negative microglia",Animal/library,author_selected_isg7,Irf7;Ifitm3;Isg15;Mx1;Ifit1;Ifit2;Ifit3,"Author-selected, post hoc, exploratory","normalize_total target_sum=10000, then log1p",Retain first Ensembl feature per gene symbol,27933,Full symbol-deduplicated matrix,42,50,25,FALSE,TRUE,249,15;16;17;19;20,38af968fe25becbf6dd7fa95d05fb508819a9a51ac90f1cd0c3a5d35fedb6a1f,1.11.5,76,Fam206a,6981,16,0.03986589770484627,Scanpy 1.11.5; seed=42; ctrl_size=50; n_bins=25; use_raw=False; ctrl_as_ref=True; full gene pool,selected component - matched-control component = Scanpy score,Algorithm-selected reference term; not a validated neutral biological background program,Algorithmic matched-control gene; not a validated neutral biological background
"Primary: 7,371 Scrublet-negative microglia",Animal/library,author_selected_isg7,Irf7;Ifitm3;Isg15;Mx1;Ifit1;Ifit2;Ifit3,"Author-selected, post hoc, exploratory","normalize_total target_sum=10000, then log1p",Retain first Ensembl feature per gene symbol,27933,Full symbol-deduplicated matrix,42,50,25,FALSE,TRUE,249,15;16;17;19;20,38af968fe25becbf6dd7fa95d05fb508819a9a51ac90f1cd0c3a5d35fedb6a1f,1.11.5,77,Fam219b,18230,19,0.13946333644413073,Scanpy 1.11.5; seed=42; ctrl_size=50; n_bins=25; use_raw=False; ctrl_as_ref=True; full gene pool,selected component - matched-control component = Scanpy score,Algorithm-selected reference term; not a validated neutral biological background program,Algorithmic matched-control gene; not a validated neutral biological background
"Primary: 7,371 Scrublet-negative microglia",Animal/library,author_selected_isg7,Irf7;Ifitm3;Isg15;Mx1;Ifit1;Ifit2;Ifit3,"Author-selected, post hoc, exploratory","normalize_total target_sum=10000, then log1p",Retain first Ensembl feature per gene symbol,27933,Full symbol-deduplicated matrix,42,50,25,FALSE,TRUE,249,15;16;17;19;20,38af968fe25becbf6dd7fa95d05fb508819a9a51ac90f1cd0c3a5d35fedb6a1f,1.11.5,78,Fbxo7,14836,19,0.12170276841093898,Scanpy 1.11.5; seed=42; ctrl_size=50; n_bins=25; use_raw=False; ctrl_as_ref=True; full gene pool,selected component - matched-control component = Scanpy score,Algorithm-selected reference term; not a validated neutral biological background program,Algorithmic matched-control gene; not a validated neutral biological background
"Primary: 7,371 Scrublet-negative microglia",Animal/library,author_selected_isg7,Irf7;Ifitm3;Isg15;Mx1;Ifit1;Ifit2;Ifit3,"Author-selected, post hoc, exploratory","normalize_total target_sum=10000, then log1p",Retain first Ensembl feature per gene symbol,27933,Full symbol-deduplicated matrix,42,50,25,FALSE,TRUE,249,15;16;17;19;20,38af968fe25becbf6dd7fa95d05fb508819a9a51ac90f1cd0c3a5d35fedb6a1f,1.11.5,79,Fem1c,26813,20,0.17025526225558776,Scanpy 1.11.5; seed=42; ctrl_size=50; n_bins=25; use_raw=False; ctrl_as_ref=True; full gene pool,selected component - matched-control component = Scanpy score,Algorithm-selected reference term; not a validated neutral biological background program,Algorithmic matched-control gene; not a validated neutral biological background
"Primary: 7,371 Scrublet-negative microglia",Animal/library,author_selected_isg7,Irf7;Ifitm3;Isg15;Mx1;Ifit1;Ifit2;Ifit3,"Author-selected, post hoc, exploratory","normalize_total target_sum=10000, then log1p",Retain first Ensembl feature per gene symbol,27933,Full symbol-deduplicated matrix,42,50,25,FALSE,TRUE,249,15;16;17;19;20,38af968fe25becbf6dd7fa95d05fb508819a9a51ac90f1cd0c3a5d35fedb6a1f,1.11.5,80,Fkbp14,10557,16,0.03044992482350067,Scanpy 1.11.5; seed=42; ctrl_size=50; n_bins=25; use_raw=False; ctrl_as_ref=True; full gene pool,selected component - matched-control component = Scanpy score,Algorithm-selected reference term; not a validated neutral biological background program,Algorithmic matched-control gene; not a validated neutral biological background
"Primary: 7,371 Scrublet-negative microglia",Animal/library,author_selected_isg7,Irf7;Ifitm3;Isg15;Mx1;Ifit1;Ifit2;Ifit3,"Author-selected, post hoc, exploratory","normalize_total target_sum=10000, then log1p",Retain first Ensembl feature per gene symbol,27933,Full symbol-deduplicated matrix,42,50,25,FALSE,TRUE,249,15;16;17;19;20,38af968fe25becbf6dd7fa95d05fb508819a9a51ac90f1cd0c3a5d35fedb6a1f,1.11.5,81,Flt1,10018,15,0.01543633421278278,Scanpy 1.11.5; seed=42; ctrl_size=50; n_bins=25; use_raw=False; ctrl_as_ref=True; full gene pool,selected component - matched-control component = Scanpy score,Algorithm-selected reference term; not a validated neutral biological background program,Algorithmic matched-control gene; not a validated neutral biological background
"Primary: 7,371 Scrublet-negative microglia",Animal/library,author_selected_isg7,Irf7;Ifitm3;Isg15;Mx1;Ifit1;Ifit2;Ifit3,"Author-selected, post hoc, exploratory","normalize_total target_sum=10000, then log1p",Retain first Ensembl feature per gene symbol,27933,Full symbol-deduplicated matrix,42,50,25,FALSE,TRUE,249,15;16;17;19;20,38af968fe25becbf6dd7fa95d05fb508819a9a51ac90f1cd0c3a5d35fedb6a1f,1.11.5,82,Flt3l,12633,15,0.01660878511769625,Scanpy 1.11.5; seed=42; ctrl_size=50; n_bins=25; use_raw=False; ctrl_as_ref=True; full gene pool,selected component - matched-control component = Scanpy score,Algorithm-selected reference term; not a validated neutral biological background program,Algorithmic matched-control gene; not a validated neutral biological background
"Primary: 7,371 Scrublet-negative microglia",Animal/library,author_selected_isg7,Irf7;Ifitm3;Isg15;Mx1;Ifit1;Ifit2;Ifit3,"Author-selected, post hoc, exploratory","normalize_total target_sum=10000, then log1p",Retain first Ensembl feature per gene symbol,27933,Full symbol-deduplicated matrix,42,50,25,FALSE,TRUE,249,15;16;17;19;20,38af968fe25becbf6dd7fa95d05fb508819a9a51ac90f1cd0c3a5d35fedb6a1f,1.11.5,83,Foxo3,14335,20,0.20528424182395535,Scanpy 1.11.5; seed=42; ctrl_size=50; n_bins=25; use_raw=False; ctrl_as_ref=True; full gene pool,selected component - matched-control component = Scanpy score,Algorithm-selected reference term; not a validated neutral biological background program,Algorithmic matched-control gene; not a validated neutral biological background
"Primary: 7,371 Scrublet-negative microglia",Animal/library,author_selected_isg7,Irf7;Ifitm3;Isg15;Mx1;Ifit1;Ifit2;Ifit3,"Author-selected, post hoc, exploratory","normalize_total target_sum=10000, then log1p",Retain first Ensembl feature per gene symbol,27933,Full symbol-deduplicated matrix,42,50,25,FALSE,TRUE,249,15;16;17;19;20,38af968fe25becbf6dd7fa95d05fb508819a9a51ac90f1cd0c3a5d35fedb6a1f,1.11.5,84,Fpgt,6555,16,0.03338862558731537,Scanpy 1.11.5; seed=42; ctrl_size=50; n_bins=25; use_raw=False; ctrl_as_ref=True; full gene pool,selected component - matched-control component = Scanpy score,Algorithm-selected reference term; not a validated neutral biological background program,Algorithmic matched-control gene; not a validated neutral biological background
"Primary: 7,371 Scrublet-negative microglia",Animal/library,author_selected_isg7,Irf7;Ifitm3;Isg15;Mx1;Ifit1;Ifit2;Ifit3,"Author-selected, post hoc, exploratory","normalize_total target_sum=10000, then log1p",Retain first Ensembl feature per gene symbol,27933,Full symbol-deduplicated matrix,42,50,25,FALSE,TRUE,249,15;16;17;19;20,38af968fe25becbf6dd7fa95d05fb508819a9a51ac90f1cd0c3a5d35fedb6a1f,1.11.5,85,Gab3,4585,15,0.02151716763024543,Scanpy 1.11.5; seed=42; ctrl_size=50; n_bins=25; use_raw=False; ctrl_as_ref=True; full gene pool,selected component - matched-control component = Scanpy score,Algorithm-selected reference term; not a validated neutral biological background program,Algorithmic matched-control gene; not a validated neutral biological background
"Primary: 7,371 Scrublet-negative microglia",Animal/library,author_selected_isg7,Irf7;Ifitm3;Isg15;Mx1;Ifit1;Ifit2;Ifit3,"Author-selected, post hoc, exploratory","normalize_total target_sum=10000, then log1p",Retain first Ensembl feature per gene symbol,27933,Full symbol-deduplicated matrix,42,50,25,FALSE,TRUE,249,15;16;17;19;20,38af968fe25becbf6dd7fa95d05fb508819a9a51ac90f1cd0c3a5d35fedb6a1f,1.11.5,86,Gabpb2,5904,19,0.11052106319847203,Scanpy 1.11.5; seed=42; ctrl_size=50; n_bins=25; use_raw=False; ctrl_as_ref=True; full gene pool,selected component - matched-control component = Scanpy score,Algorithm-selected reference term; not a validated neutral biological background program,Algorithmic matched-control gene; not a validated neutral biological background
"Primary: 7,371 Scrublet-negative microglia",Animal/library,author_selected_isg7,Irf7;Ifitm3;Isg15;Mx1;Ifit1;Ifit2;Ifit3,"Author-selected, post hoc, exploratory","normalize_total target_sum=10000, then log1p",Retain first Ensembl feature per gene symbol,27933,Full symbol-deduplicated matrix,42,50,25,FALSE,TRUE,249,15;16;17;19;20,38af968fe25becbf6dd7fa95d05fb508819a9a51ac90f1cd0c3a5d35fedb6a1f,1.11.5,87,Ggct,10563,16,0.04012430139546025,Scanpy 1.11.5; seed=42; ctrl_size=50; n_bins=25; use_raw=False; ctrl_as_ref=True; full gene pool,selected component - matched-control component = Scanpy score,Algorithm-selected reference term; not a validated neutral biological background program,Algorithmic matched-control gene; not a validated neutral biological background
"Primary: 7,371 Scrublet-negative microglia",Animal/library,author_selected_isg7,Irf7;Ifitm3;Isg15;Mx1;Ifit1;Ifit2;Ifit3,"Author-selected, post hoc, exploratory","normalize_total target_sum=10000, then log1p",Retain first Ensembl feature per gene symbol,27933,Full symbol-deduplicated matrix,42,50,25,FALSE,TRUE,249,15;16;17;19;20,38af968fe25becbf6dd7fa95d05fb508819a9a51ac90f1cd0c3a5d35fedb6a1f,1.11.5,88,Gimap9,10470,17,0.0636534659158357,Scanpy 1.11.5; seed=42; ctrl_size=50; n_bins=25; use_raw=False; ctrl_as_ref=True; full gene pool,selected component - matched-control component = Scanpy score,Algorithm-selected reference term; not a validated neutral biological background program,Algorithmic matched-control gene; not a validated neutral biological background
"Primary: 7,371 Scrublet-negative microglia",Animal/library,author_selected_isg7,Irf7;Ifitm3;Isg15;Mx1;Ifit1;Ifit2;Ifit3,"Author-selected, post hoc, exploratory","normalize_total target_sum=10000, then log1p",Retain first Ensembl feature per gene symbol,27933,Full symbol-deduplicated matrix,42,50,25,FALSE,TRUE,249,15;16;17;19;20,38af968fe25becbf6dd7fa95d05fb508819a9a51ac90f1cd0c3a5d35fedb6a1f,1.11.5,89,Gm14698,4488,19,0.1296720420662478,Scanpy 1.11.5; seed=42; ctrl_size=50; n_bins=25; use_raw=False; ctrl_as_ref=True; full gene pool,selected component - matched-control component = Scanpy score,Algorithm-selected reference term; not a validated neutral biological background program,Algorithmic matched-control gene; not a validated neutral biological background
"Primary: 7,371 Scrublet-negative microglia",Animal/library,author_selected_isg7,Irf7;Ifitm3;Isg15;Mx1;Ifit1;Ifit2;Ifit3,"Author-selected, post hoc, exploratory","normalize_total target_sum=10000, then log1p",Retain first Ensembl feature per gene symbol,27933,Full symbol-deduplicated matrix,42,50,25,FALSE,TRUE,249,15;16;17;19;20,38af968fe25becbf6dd7fa95d05fb508819a9a51ac90f1cd0c3a5d35fedb6a1f,1.11.5,90,Gm15706,11550,16,0.02581911523053287,Scanpy 1.11.5; seed=42; ctrl_size=50; n_bins=25; use_raw=False; ctrl_as_ref=True; full gene pool,selected component - matched-control component = Scanpy score,Algorithm-selected reference term; not a validated neutral biological background program,Algorithmic matched-control gene; not a validated neutral biological background
"Primary: 7,371 Scrublet-negative microglia",Animal/library,author_selected_isg7,Irf7;Ifitm3;Isg15;Mx1;Ifit1;Ifit2;Ifit3,"Author-selected, post hoc, exploratory","normalize_total target_sum=10000, then log1p",Retain first Ensembl feature per gene symbol,27933,Full symbol-deduplicated matrix,42,50,25,FALSE,TRUE,249,15;16;17;19;20,38af968fe25becbf6dd7fa95d05fb508819a9a51ac90f1cd0c3a5d35fedb6a1f,1.11.5,91,Gm16124,18168,15,0.01478948555618884,Scanpy 1.11.5; seed=42; ctrl_size=50; n_bins=25; use_raw=False; ctrl_as_ref=True; full gene pool,selected component - matched-control component = Scanpy score,Algorithm-selected reference term; not a validated neutral biological background program,Algorithmic matched-control gene; not a validated neutral biological background
"Primary: 7,371 Scrublet-negative microglia",Animal/library,author_selected_isg7,Irf7;Ifitm3;Isg15;Mx1;Ifit1;Ifit2;Ifit3,"Author-selected, post hoc, exploratory","normalize_total target_sum=10000, then log1p",Retain first Ensembl feature per gene symbol,27933,Full symbol-deduplicated matrix,42,50,25,FALSE,TRUE,249,15;16;17;19;20,38af968fe25becbf6dd7fa95d05fb508819a9a51ac90f1cd0c3a5d35fedb6a1f,1.11.5,92,Gm26698,22580,15,0.01612915382700945,Scanpy 1.11.5; seed=42; ctrl_size=50; n_bins=25; use_raw=False; ctrl_as_ref=True; full gene pool,selected component - matched-control component = Scanpy score,Algorithm-selected reference term; not a validated neutral biological background program,Algorithmic matched-control gene; not a validated neutral biological background
"Primary: 7,371 Scrublet-negative microglia",Animal/library,author_selected_isg7,Irf7;Ifitm3;Isg15;Mx1;Ifit1;Ifit2;Ifit3,"Author-selected, post hoc, exploratory","normalize_total target_sum=10000, then log1p",Retain first Ensembl feature per gene symbol,27933,Full symbol-deduplicated matrix,42,50,25,FALSE,TRUE,249,15;16;17;19;20,38af968fe25becbf6dd7fa95d05fb508819a9a51ac90f1cd0c3a5d35fedb6a1f,1.11.5,93,Gm26759,16526,16,0.03556936965546992,Scanpy 1.11.5; seed=42; ctrl_size=50; n_bins=25; use_raw=False; ctrl_as_ref=True; full gene pool,selected component - matched-control component = Scanpy score,Algorithm-selected reference term; not a validated neutral biological background program,Algorithmic matched-control gene; not a validated neutral biological background
"Primary: 7,371 Scrublet-negative microglia",Animal/library,author_selected_isg7,Irf7;Ifitm3;Isg15;Mx1;Ifit1;Ifit2;Ifit3,"Author-selected, post hoc, exploratory","normalize_total target_sum=10000, then log1p",Retain first Ensembl feature per gene symbol,27933,Full symbol-deduplicated matrix,42,50,25,FALSE,TRUE,249,15;16;17;19;20,38af968fe25becbf6dd7fa95d05fb508819a9a51ac90f1cd0c3a5d35fedb6a1f,1.11.5,94,Gm26802,11938,15,0.01348703788329846,Scanpy 1.11.5; seed=42; ctrl_size=50; n_bins=25; use_raw=False; ctrl_as_ref=True; full gene pool,selected component - matched-control component = Scanpy score,Algorithm-selected reference term; not a validated neutral biological background program,Algorithmic matched-control gene; not a validated neutral biological background
"Primary: 7,371 Scrublet-negative microglia",Animal/library,author_selected_isg7,Irf7;Ifitm3;Isg15;Mx1;Ifit1;Ifit2;Ifit3,"Author-selected, post hoc, exploratory","normalize_total target_sum=10000, then log1p",Retain first Ensembl feature per gene symbol,27933,Full symbol-deduplicated matrix,42,50,25,FALSE,TRUE,249,15;16;17;19;20,38af968fe25becbf6dd7fa95d05fb508819a9a51ac90f1cd0c3a5d35fedb6a1f,1.11.5,95,Gm3636,16618,17,0.06723471261028227,Scanpy 1.11.5; seed=42; ctrl_size=50; n_bins=25; use_raw=False; ctrl_as_ref=True; full gene pool,selected component - matched-control component = Scanpy score,Algorithm-selected reference term; not a validated neutral biological background program,Algorithmic matched-control gene; not a validated neutral biological background
"Primary: 7,371 Scrublet-negative microglia",Animal/library,author_selected_isg7,Irf7;Ifitm3;Isg15;Mx1;Ifit1;Ifit2;Ifit3,"Author-selected, post hoc, exploratory","normalize_total target_sum=10000, then log1p",Retain first Ensembl feature per gene symbol,27933,Full symbol-deduplicated matrix,42,50,25,FALSE,TRUE,249,15;16;17;19;20,38af968fe25becbf6dd7fa95d05fb508819a9a51ac90f1cd0c3a5d35fedb6a1f,1.11.5,96,Gm43672,5234,15,0.02302813759621214,Scanpy 1.11.5; seed=42; ctrl_size=50; n_bins=25; use_raw=False; ctrl_as_ref=True; full gene pool,selected component - matched-control component = Scanpy score,Algorithm-selected reference term; not a validated neutral biological background program,Algorithmic matched-control gene; not a validated neutral biological background
"Primary: 7,371 Scrublet-negative microglia",Animal/library,author_selected_isg7,Irf7;Ifitm3;Isg15;Mx1;Ifit1;Ifit2;Ifit3,"Author-selected, post hoc, exploratory","normalize_total target_sum=10000, then log1p",Retain first Ensembl feature per gene symbol,27933,Full symbol-deduplicated matrix,42,50,25,FALSE,TRUE,249,15;16;17;19;20,38af968fe25becbf6dd7fa95d05fb508819a9a51ac90f1cd0c3a5d35fedb6a1f,1.11.5,97,Gm8186,24862,17,0.06211300928708155,Scanpy 1.11.5; seed=42; ctrl_size=50; n_bins=25; use_raw=False; ctrl_as_ref=True; full gene pool,selected component - matched-control component = Scanpy score,Algorithm-selected reference term; not a validated neutral biological background program,Algorithmic matched-control gene; not a validated neutral biological background
"Primary: 7,371 Scrublet-negative microglia",Animal/library,author_selected_isg7,Irf7;Ifitm3;Isg15;Mx1;Ifit1;Ifit2;Ifit3,"Author-selected, post hoc, exploratory","normalize_total target_sum=10000, then log1p",Retain first Ensembl feature per gene symbol,27933,Full symbol-deduplicated matrix,42,50,25,FALSE,TRUE,249,15;16;17;19;20,38af968fe25becbf6dd7fa95d05fb508819a9a51ac90f1cd0c3a5d35fedb6a1f,1.11.5,98,Gm9949,26908,15,0.01647913095310963,Scanpy 1.11.5; seed=42; ctrl_size=50; n_bins=25; use_raw=False; ctrl_as_ref=True; full gene pool,selected component - matched-control component = Scanpy score,Algorithm-selected reference term; not a validated neutral biological background program,Algorithmic matched-control gene; not a validated neutral biological background
"Primary: 7,371 Scrublet-negative microglia",Animal/library,author_selected_isg7,Irf7;Ifitm3;Isg15;Mx1;Ifit1;Ifit2;Ifit3,"Author-selected, post hoc, exploratory","normalize_total target_sum=10000, then log1p",Retain first Ensembl feature per gene symbol,27933,Full symbol-deduplicated matrix,42,50,25,FALSE,TRUE,249,15;16;17;19;20,38af968fe25becbf6dd7fa95d05fb508819a9a51ac90f1cd0c3a5d35fedb6a1f,1.11.5,99,Gpm6a,15710,16,0.03453172438666416,Scanpy 1.11.5; seed=42; ctrl_size=50; n_bins=25; use_raw=False; ctrl_as_ref=True; full gene pool,selected component - matched-control component = Scanpy score,Algorithm-selected reference term; not a validated neutral biological background program,Algorithmic matched-control gene; not a validated neutral biological background
"Primary: 7,371 Scrublet-negative microglia",Animal/library,author_selected_isg7,Irf7;Ifitm3;Isg15;Mx1;Ifit1;Ifit2;Ifit3,"Author-selected, post hoc, exploratory","normalize_total target_sum=10000, then log1p",Retain first Ensembl feature per gene symbol,27933,Full symbol-deduplicated matrix,42,50,25,FALSE,TRUE,249,15;16;17;19;20,38af968fe25becbf6dd7fa95d05fb508819a9a51ac90f1cd0c3a5d35fedb6a1f,1.11.5,100,Gpr19,11443,15,0.01442129973268075,Scanpy 1.11.5; seed=42; ctrl_size=50; n_bins=25; use_raw=False; ctrl_as_ref=True; full gene pool,selected component - matched-control component = Scanpy score,Algorithm-selected reference term; not a validated neutral biological background program,Algorithmic matched-control gene; not a validated neutral biological background
"Primary: 7,371 Scrublet-negative microglia",Animal/library,author_selected_isg7,Irf7;Ifitm3;Isg15;Mx1;Ifit1;Ifit2;Ifit3,"Author-selected, post hoc, exploratory","normalize_total target_sum=10000, then log1p",Retain first Ensembl feature per gene symbol,27933,Full symbol-deduplicated matrix,42,50,25,FALSE,TRUE,249,15;16;17;19;20,38af968fe25becbf6dd7fa95d05fb508819a9a51ac90f1cd0c3a5d35fedb6a1f,1.11.5,101,Gpt,23246,15,0.02185890157386739,Scanpy 1.11.5; seed=42; ctrl_size=50; n_bins=25; use_raw=False; ctrl_as_ref=True; full gene pool,selected component - matched-control component = Scanpy score,Algorithm-selected reference term; not a validated neutral biological background program,Algorithmic matched-control gene; not a validated neutral biological background
"Primary: 7,371 Scrublet-negative microglia",Animal/library,author_selected_isg7,Irf7;Ifitm3;Isg15;Mx1;Ifit1;Ifit2;Ifit3,"Author-selected, post hoc, exploratory","normalize_total target_sum=10000, then log1p",Retain first Ensembl feature per gene symbol,27933,Full symbol-deduplicated matrix,42,50,25,FALSE,TRUE,249,15;16;17;19;20,38af968fe25becbf6dd7fa95d05fb508819a9a51ac90f1cd0c3a5d35fedb6a1f,1.11.5,102,Gramd3,26852,15,0.01398462428278102,Scanpy 1.11.5; seed=42; ctrl_size=50; n_bins=25; use_raw=False; ctrl_as_ref=True; full gene pool,selected component - matched-control component = Scanpy score,Algorithm-selected reference term; not a validated neutral biological background program,Algorithmic matched-control gene; not a validated neutral biological background
"Primary: 7,371 Scrublet-negative microglia",Animal/library,author_selected_isg7,Irf7;Ifitm3;Isg15;Mx1;Ifit1;Ifit2;Ifit3,"Author-selected, post hoc, exploratory","normalize_total target_sum=10000, then log1p",Retain first Ensembl feature per gene symbol,27933,Full symbol-deduplicated matrix,42,50,25,FALSE,TRUE,249,15;16;17;19;20,38af968fe25becbf6dd7fa95d05fb508819a9a51ac90f1cd0c3a5d35fedb6a1f,1.11.5,103,Hat1,2417,19,0.1569621016642501,Scanpy 1.11.5; seed=42; ctrl_size=50; n_bins=25; use_raw=False; ctrl_as_ref=True; full gene pool,selected component - matched-control component = Scanpy score,Algorithm-selected reference term; not a validated neutral biological background program,Algorithmic matched-control gene; not a validated neutral biological background
"Primary: 7,371 Scrublet-negative microglia",Animal/library,author_selected_isg7,Irf7;Ifitm3;Isg15;Mx1;Ifit1;Ifit2;Ifit3,"Author-selected, post hoc, exploratory","normalize_total target_sum=10000, then log1p",Retain first Ensembl feature per gene symbol,27933,Full symbol-deduplicated matrix,42,50,25,FALSE,TRUE,249,15;16;17;19;20,38af968fe25becbf6dd7fa95d05fb508819a9a51ac90f1cd0c3a5d35fedb6a1f,1.11.5,104,Hba-a2,19287,15,0.0192407099043655,Scanpy 1.11.5; seed=42; ctrl_size=50; n_bins=25; use_raw=False; ctrl_as_ref=True; full gene pool,selected component - matched-control component = Scanpy score,Algorithm-selected reference term; not a validated neutral biological background program,Algorithmic matched-control gene; not a validated neutral biological background
"Primary: 7,371 Scrublet-negative microglia",Animal/library,author_selected_isg7,Irf7;Ifitm3;Isg15;Mx1;Ifit1;Ifit2;Ifit3,"Author-selected, post hoc, exploratory","normalize_total target_sum=10000, then log1p",Retain first Ensembl feature per gene symbol,27933,Full symbol-deduplicated matrix,42,50,25,FALSE,TRUE,249,15;16;17;19;20,38af968fe25becbf6dd7fa95d05fb508819a9a51ac90f1cd0c3a5d35fedb6a1f,1.11.5,105,Heatr3,16074,17,0.06536550991507047,Scanpy 1.11.5; seed=42; ctrl_size=50; n_bins=25; use_raw=False; ctrl_as_ref=True; full gene pool,selected component - matched-control component = Scanpy score,Algorithm-selected reference term; not a validated neutral biological background program,Algorithmic matched-control gene; not a validated neutral biological background
"Primary: 7,371 Scrublet-negative microglia",Animal/library,author_selected_isg7,Irf7;Ifitm3;Isg15;Mx1;Ifit1;Ifit2;Ifit3,"Author-selected, post hoc, exploratory","normalize_total target_sum=10000, then log1p",Retain first Ensembl feature per gene symbol,27933,Full symbol-deduplicated matrix,42,50,25,FALSE,TRUE,249,15;16;17;19;20,38af968fe25becbf6dd7fa95d05fb508819a9a51ac90f1cd0c3a5d35fedb6a1f,1.11.5,106,Hist2h2aa1,5954,16,0.02975906870967092,Scanpy 1.11.5; seed=42; ctrl_size=50; n_bins=25; use_raw=False; ctrl_as_ref=True; full gene pool,selected component - matched-control component = Scanpy score,Algorithm-selected reference term; not a validated neutral biological background program,Algorithmic matched-control gene; not a validated neutral biological background
"Primary: 7,371 Scrublet-negative microglia",Animal/library,author_selected_isg7,Irf7;Ifitm3;Isg15;Mx1;Ifit1;Ifit2;Ifit3,"Author-selected, post hoc, exploratory","normalize_total target_sum=10000, then log1p",Retain first Ensembl feature per gene symbol,27933,Full symbol-deduplicated matrix,42,50,25,FALSE,TRUE,249,15;16;17;19;20,38af968fe25becbf6dd7fa95d05fb508819a9a51ac90f1cd0c3a5d35fedb6a1f,1.11.5,107,Irf9,17179,20,0.2179333328828771,Scanpy 1.11.5; seed=42; ctrl_size=50; n_bins=25; use_raw=False; ctrl_as_ref=True; full gene pool,selected component - matched-control component = Scanpy score,Algorithm-selected reference term; not a validated neutral biological background program,Algorithmic matched-control gene; not a validated neutral biological background
"Primary: 7,371 Scrublet-negative microglia",Animal/library,author_selected_isg7,Irf7;Ifitm3;Isg15;Mx1;Ifit1;Ifit2;Ifit3,"Author-selected, post hoc, exploratory","normalize_total target_sum=10000, then log1p",Retain first Ensembl feature per gene symbol,27933,Full symbol-deduplicated matrix,42,50,25,FALSE,TRUE,249,15;16;17;19;20,38af968fe25becbf6dd7fa95d05fb508819a9a51ac90f1cd0c3a5d35fedb6a1f,1.11.5,108,Jade3,4199,15,0.01983453991002005,Scanpy 1.11.5; seed=42; ctrl_size=50; n_bins=25; use_raw=False; ctrl_as_ref=True; full gene pool,selected component - matched-control component = Scanpy score,Algorithm-selected reference term; not a validated neutral biological background program,Algorithmic matched-control gene; not a validated neutral biological background
"Primary: 7,371 Scrublet-negative microglia",Animal/library,author_selected_isg7,Irf7;Ifitm3;Isg15;Mx1;Ifit1;Ifit2;Ifit3,"Author-selected, post hoc, exploratory","normalize_total target_sum=10000, then log1p",Retain first Ensembl feature per gene symbol,27933,Full symbol-deduplicated matrix,42,50,25,FALSE,TRUE,249,15;16;17;19;20,38af968fe25becbf6dd7fa95d05fb508819a9a51ac90f1cd0c3a5d35fedb6a1f,1.11.5,109,Josd2,12590,20,0.2047734212040853,Scanpy 1.11.5; seed=42; ctrl_size=50; n_bins=25; use_raw=False; ctrl_as_ref=True; full gene pool,selected component - matched-control component = Scanpy score,Algorithm-selected reference term; not a validated neutral biological background program,Algorithmic matched-control gene; not a validated neutral biological background
"Primary: 7,371 Scrublet-negative microglia",Animal/library,author_selected_isg7,Irf7;Ifitm3;Isg15;Mx1;Ifit1;Ifit2;Ifit3,"Author-selected, post hoc, exploratory","normalize_total target_sum=10000, then log1p",Retain first Ensembl feature per gene symbol,27933,Full symbol-deduplicated matrix,42,50,25,FALSE,TRUE,249,15;16;17;19;20,38af968fe25becbf6dd7fa95d05fb508819a9a51ac90f1cd0c3a5d35fedb6a1f,1.11.5,110,Kbtbd4,2811,16,0.03802638040308939,Scanpy 1.11.5; seed=42; ctrl_size=50; n_bins=25; use_raw=False; ctrl_as_ref=True; full gene pool,selected component - matched-control component = Scanpy score,Algorithm-selected reference term; not a validated neutral biological background program,Algorithmic matched-control gene; not a validated neutral biological background
"Primary: 7,371 Scrublet-negative microglia",Animal/library,author_selected_isg7,Irf7;Ifitm3;Isg15;Mx1;Ifit1;Ifit2;Ifit3,"Author-selected, post hoc, exploratory","normalize_total target_sum=10000, then log1p",Retain first Ensembl feature per gene symbol,27933,Full symbol-deduplicated matrix,42,50,25,FALSE,TRUE,249,15;16;17;19;20,38af968fe25becbf6dd7fa95d05fb508819a9a51ac90f1cd0c3a5d35fedb6a1f,1.11.5,111,Kitl,14942,19,0.11145801205208758,Scanpy 1.11.5; seed=42; ctrl_size=50; n_bins=25; use_raw=False; ctrl_as_ref=True; full gene pool,selected component - matched-control component = Scanpy score,Algorithm-selected reference term; not a validated neutral biological background program,Algorithmic matched-control gene; not a validated neutral biological background
"Primary: 7,371 Scrublet-negative microglia",Animal/library,author_selected_isg7,Irf7;Ifitm3;Isg15;Mx1;Ifit1;Ifit2;Ifit3,"Author-selected, post hoc, exploratory","normalize_total target_sum=10000, then log1p",Retain first Ensembl feature per gene symbol,27933,Full symbol-deduplicated matrix,42,50,25,FALSE,TRUE,249,15;16;17;19;20,38af968fe25becbf6dd7fa95d05fb508819a9a51ac90f1cd0c3a5d35fedb6a1f,1.11.5,112,L3hypdh,22402,15,0.01566039268981163,Scanpy 1.11.5; seed=42; ctrl_size=50; n_bins=25; use_raw=False; ctrl_as_ref=True; full gene pool,selected component - matched-control component = Scanpy score,Algorithm-selected reference term; not a validated neutral biological background program,Algorithmic matched-control gene; not a validated neutral biological background
"Primary: 7,371 Scrublet-negative microglia",Animal/library,author_selected_isg7,Irf7;Ifitm3;Isg15;Mx1;Ifit1;Ifit2;Ifit3,"Author-selected, post hoc, exploratory","normalize_total target_sum=10000, then log1p",Retain first Ensembl feature per gene symbol,27933,Full symbol-deduplicated matrix,42,50,25,FALSE,TRUE,249,15;16;17;19;20,38af968fe25becbf6dd7fa95d05fb508819a9a51ac90f1cd0c3a5d35fedb6a1f,1.11.5,113,Lrrn1,11033,15,0.01419544853942233,Scanpy 1.11.5; seed=42; ctrl_size=50; n_bins=25; use_raw=False; ctrl_as_ref=True; full gene pool,selected component - matched-control component = Scanpy score,Algorithm-selected reference term; not a validated neutral biological background program,Algorithmic matched-control gene; not a validated neutral biological background
"Primary: 7,371 Scrublet-negative microglia",Animal/library,author_selected_isg7,Irf7;Ifitm3;Isg15;Mx1;Ifit1;Ifit2;Ifit3,"Author-selected, post hoc, exploratory","normalize_total target_sum=10000, then log1p",Retain first Ensembl feature per gene symbol,27933,Full symbol-deduplicated matrix,42,50,25,FALSE,TRUE,249,15;16;17;19;20,38af968fe25becbf6dd7fa95d05fb508819a9a51ac90f1cd0c3a5d35fedb6a1f,1.11.5,114,Lsm7,14733,19,0.12667670720242336,Scanpy 1.11.5; seed=42; ctrl_size=50; n_bins=25; use_raw=False; ctrl_as_ref=True; full gene pool,selected component - matched-control component = Scanpy score,Algorithm-selected reference term; not a validated neutral biological background program,Algorithmic matched-control gene; not a validated neutral biological background
"Primary: 7,371 Scrublet-negative microglia",Animal/library,author_selected_isg7,Irf7;Ifitm3;Isg15;Mx1;Ifit1;Ifit2;Ifit3,"Author-selected, post hoc, exploratory","normalize_total target_sum=10000, then log1p",Retain first Ensembl feature per gene symbol,27933,Full symbol-deduplicated matrix,42,50,25,FALSE,TRUE,249,15;16;17;19;20,38af968fe25becbf6dd7fa95d05fb508819a9a51ac90f1cd0c3a5d35fedb6a1f,1.11.5,115,Manba,6381,19,0.1100068641572548,Scanpy 1.11.5; seed=42; ctrl_size=50; n_bins=25; use_raw=False; ctrl_as_ref=True; full gene pool,selected component - matched-control component = Scanpy score,Algorithm-selected reference term; not a validated neutral biological background program,Algorithmic matched-control gene; not a validated neutral biological background
"Primary: 7,371 Scrublet-negative microglia",Animal/library,author_selected_isg7,Irf7;Ifitm3;Isg15;Mx1;Ifit1;Ifit2;Ifit3,"Author-selected, post hoc, exploratory","normalize_total target_sum=10000, then log1p",Retain first Ensembl feature per gene symbol,27933,Full symbol-deduplicated matrix,42,50,25,FALSE,TRUE,249,15;16;17;19;20,38af968fe25becbf6dd7fa95d05fb508819a9a51ac90f1cd0c3a5d35fedb6a1f,1.11.5,116,Map10,16517,16,0.03027703742323696,Scanpy 1.11.5; seed=42; ctrl_size=50; n_bins=25; use_raw=False; ctrl_as_ref=True; full gene pool,selected component - matched-control component = Scanpy score,Algorithm-selected reference term; not a validated neutral biological background program,Algorithmic matched-control gene; not a validated neutral biological background
"Primary: 7,371 Scrublet-negative microglia",Animal/library,author_selected_isg7,Irf7;Ifitm3;Isg15;Mx1;Ifit1;Ifit2;Ifit3,"Author-selected, post hoc, exploratory","normalize_total target_sum=10000, then log1p",Retain first Ensembl feature per gene symbol,27933,Full symbol-deduplicated matrix,42,50,25,FALSE,TRUE,249,15;16;17;19;20,38af968fe25becbf6dd7fa95d05fb508819a9a51ac90f1cd0c3a5d35fedb6a1f,1.11.5,117,Mccc2,21936,17,0.05586473907193308,Scanpy 1.11.5; seed=42; ctrl_size=50; n_bins=25; use_raw=False; ctrl_as_ref=True; full gene pool,selected component - matched-control component = Scanpy score,Algorithm-selected reference term; not a validated neutral biological background program,Algorithmic matched-control gene; not a validated neutral biological background
"Primary: 7,371 Scrublet-negative microglia",Animal/library,author_selected_isg7,Irf7;Ifitm3;Isg15;Mx1;Ifit1;Ifit2;Ifit3,"Author-selected, post hoc, exploratory","normalize_total target_sum=10000, then log1p",Retain first Ensembl feature per gene symbol,27933,Full symbol-deduplicated matrix,42,50,25,FALSE,TRUE,249,15;16;17;19;20,38af968fe25becbf6dd7fa95d05fb508819a9a51ac90f1cd0c3a5d35fedb6a1f,1.11.5,118,Mcm3,95,20,0.1816413371182251,Scanpy 1.11.5; seed=42; ctrl_size=50; n_bins=25; use_raw=False; ctrl_as_ref=True; full gene pool,selected component - matched-control component = Scanpy score,Algorithm-selected reference term; not a validated neutral biological background program,Algorithmic matched-control gene; not a validated neutral biological background
"Primary: 7,371 Scrublet-negative microglia",Animal/library,author_selected_isg7,Irf7;Ifitm3;Isg15;Mx1;Ifit1;Ifit2;Ifit3,"Author-selected, post hoc, exploratory","normalize_total target_sum=10000, then log1p",Retain first Ensembl feature per gene symbol,27933,Full symbol-deduplicated matrix,42,50,25,FALSE,TRUE,249,15;16;17;19;20,38af968fe25becbf6dd7fa95d05fb508819a9a51ac90f1cd0c3a5d35fedb6a1f,1.11.5,119,Mfap1a,3152,20,0.18692036888651473,Scanpy 1.11.5; seed=42; ctrl_size=50; n_bins=25; use_raw=False; ctrl_as_ref=True; full gene pool,selected component - matched-control component = Scanpy score,Algorithm-selected reference term; not a validated neutral biological background program,Algorithmic matched-control gene; not a validated neutral biological background
"Primary: 7,371 Scrublet-negative microglia",Animal/library,author_selected_isg7,Irf7;Ifitm3;Isg15;Mx1;Ifit1;Ifit2;Ifit3,"Author-selected, post hoc, exploratory","normalize_total target_sum=10000, then log1p",Retain first Ensembl feature per gene symbol,27933,Full symbol-deduplicated matrix,42,50,25,FALSE,TRUE,249,15;16;17;19;20,38af968fe25becbf6dd7fa95d05fb508819a9a51ac90f1cd0c3a5d35fedb6a1f,1.11.5,120,Mical3,11184,17,0.05751426157513397,Scanpy 1.11.5; seed=42; ctrl_size=50; n_bins=25; use_raw=False; ctrl_as_ref=True; full gene pool,selected component - matched-control component = Scanpy score,Algorithm-selected reference term; not a validated neutral biological background program,Algorithmic matched-control gene; not a validated neutral biological background
"Primary: 7,371 Scrublet-negative microglia",Animal/library,author_selected_isg7,Irf7;Ifitm3;Isg15;Mx1;Ifit1;Ifit2;Ifit3,"Author-selected, post hoc, exploratory","normalize_total target_sum=10000, then log1p",Retain first Ensembl feature per gene symbol,27933,Full symbol-deduplicated matrix,42,50,25,FALSE,TRUE,249,15;16;17;19;20,38af968fe25becbf6dd7fa95d05fb508819a9a51ac90f1cd0c3a5d35fedb6a1f,1.11.5,121,Mink1,19885,19,0.12464296379498202,Scanpy 1.11.5; seed=42; ctrl_size=50; n_bins=25; use_raw=False; ctrl_as_ref=True; full gene pool,selected component - matched-control component = Scanpy score,Algorithm-selected reference term; not a validated neutral biological background program,Algorithmic matched-control gene; not a validated neutral biological background
"Primary: 7,371 Scrublet-negative microglia",Animal/library,author_selected_isg7,Irf7;Ifitm3;Isg15;Mx1;Ifit1;Ifit2;Ifit3,"Author-selected, post hoc, exploratory","normalize_total target_sum=10000, then log1p",Retain first Ensembl feature per gene symbol,27933,Full symbol-deduplicated matrix,42,50,25,FALSE,TRUE,249,15;16;17;19;20,38af968fe25becbf6dd7fa95d05fb508819a9a51ac90f1cd0c3a5d35fedb6a1f,1.11.5,122,Mks1,20254,17,0.04781764579941663,Scanpy 1.11.5; seed=42; ctrl_size=50; n_bins=25; use_raw=False; ctrl_as_ref=True; full gene pool,selected component - matched-control component = Scanpy score,Algorithm-selected reference term; not a validated neutral biological background program,Algorithmic matched-control gene; not a validated neutral biological background
"Primary: 7,371 Scrublet-negative microglia",Animal/library,author_selected_isg7,Irf7;Ifitm3;Isg15;Mx1;Ifit1;Ifit2;Ifit3,"Author-selected, post hoc, exploratory","normalize_total target_sum=10000, then log1p",Retain first Ensembl feature per gene symbol,27933,Full symbol-deduplicated matrix,42,50,25,FALSE,TRUE,249,15;16;17;19;20,38af968fe25becbf6dd7fa95d05fb508819a9a51ac90f1cd0c3a5d35fedb6a1f,1.11.5,123,Mmadhc,2279,20,0.1877226777129121,Scanpy 1.11.5; seed=42; ctrl_size=50; n_bins=25; use_raw=False; ctrl_as_ref=True; full gene pool,selected component - matched-control component = Scanpy score,Algorithm-selected reference term; not a validated neutral biological background program,Algorithmic matched-control gene; not a validated neutral biological background
"Primary: 7,371 Scrublet-negative microglia",Animal/library,author_selected_isg7,Irf7;Ifitm3;Isg15;Mx1;Ifit1;Ifit2;Ifit3,"Author-selected, post hoc, exploratory","normalize_total target_sum=10000, then log1p",Retain first Ensembl feature per gene symbol,27933,Full symbol-deduplicated matrix,42,50,25,FALSE,TRUE,249,15;16;17;19;20,38af968fe25becbf6dd7fa95d05fb508819a9a51ac90f1cd0c3a5d35fedb6a1f,1.11.5,124,Mmp28,20177,15,0.01276631110106858,Scanpy 1.11.5; seed=42; ctrl_size=50; n_bins=25; use_raw=False; ctrl_as_ref=True; full gene pool,selected component - matched-control component = Scanpy score,Algorithm-selected reference term; not a validated neutral biological background program,Algorithmic matched-control gene; not a validated neutral biological background
"Primary: 7,371 Scrublet-negative microglia",Animal/library,author_selected_isg7,Irf7;Ifitm3;Isg15;Mx1;Ifit1;Ifit2;Ifit3,"Author-selected, post hoc, exploratory","normalize_total target_sum=10000, then log1p",Retain first Ensembl feature per gene symbol,27933,Full symbol-deduplicated matrix,42,50,25,FALSE,TRUE,249,15;16;17;19;20,38af968fe25becbf6dd7fa95d05fb508819a9a51ac90f1cd0c3a5d35fedb6a1f,1.11.5,125,Mplkip,21130,20,0.2223213391426282,Scanpy 1.11.5; seed=42; ctrl_size=50; n_bins=25; use_raw=False; ctrl_as_ref=True; full gene pool,selected component - matched-control component = Scanpy score,Algorithm-selected reference term; not a validated neutral biological background program,Algorithmic matched-control gene; not a validated neutral biological background
"Primary: 7,371 Scrublet-negative microglia",Animal/library,author_selected_isg7,Irf7;Ifitm3;Isg15;Mx1;Ifit1;Ifit2;Ifit3,"Author-selected, post hoc, exploratory","normalize_total target_sum=10000, then log1p",Retain first Ensembl feature per gene symbol,27933,Full symbol-deduplicated matrix,42,50,25,FALSE,TRUE,249,15;16;17;19;20,38af968fe25becbf6dd7fa95d05fb508819a9a51ac90f1cd0c3a5d35fedb6a1f,1.11.5,126,Mrpl2,25383,20,0.2009455207697395,Scanpy 1.11.5; seed=42; ctrl_size=50; n_bins=25; use_raw=False; ctrl_as_ref=True; full gene pool,selected component - matched-control component = Scanpy score,Algorithm-selected reference term; not a validated neutral biological background program,Algorithmic matched-control gene; not a validated neutral biological background
"Primary: 7,371 Scrublet-negative microglia",Animal/library,author_selected_isg7,Irf7;Ifitm3;Isg15;Mx1;Ifit1;Ifit2;Ifit3,"Author-selected, post hoc, exploratory","normalize_total target_sum=10000, then log1p",Retain first Ensembl feature per gene symbol,27933,Full symbol-deduplicated matrix,42,50,25,FALSE,TRUE,249,15;16;17;19;20,38af968fe25becbf6dd7fa95d05fb508819a9a51ac90f1cd0c3a5d35fedb6a1f,1.11.5,127,Mrpl35,10692,20,0.16971108800535883,Scanpy 1.11.5; seed=42; ctrl_size=50; n_bins=25; use_raw=False; ctrl_as_ref=True; full gene pool,selected component - matched-control component = Scanpy score,Algorithm-selected reference term; not a validated neutral biological background program,Algorithmic matched-control gene; not a validated neutral biological background
"Primary: 7,371 Scrublet-negative microglia",Animal/library,author_selected_isg7,Irf7;Ifitm3;Isg15;Mx1;Ifit1;Ifit2;Ifit3,"Author-selected, post hoc, exploratory","normalize_total target_sum=10000, then log1p",Retain first Ensembl feature per gene symbol,27933,Full symbol-deduplicated matrix,42,50,25,FALSE,TRUE,249,15;16;17;19;20,38af968fe25becbf6dd7fa95d05fb508819a9a51ac90f1cd0c3a5d35fedb6a1f,1.11.5,128,Mrpl47,5293,17,0.05204932968808294,Scanpy 1.11.5; seed=42; ctrl_size=50; n_bins=25; use_raw=False; ctrl_as_ref=True; full gene pool,selected component - matched-control component = Scanpy score,Algorithm-selected reference term; not a validated neutral biological background program,Algorithmic matched-control gene; not a validated neutral biological background
"Primary: 7,371 Scrublet-negative microglia",Animal/library,author_selected_isg7,Irf7;Ifitm3;Isg15;Mx1;Ifit1;Ifit2;Ifit3,"Author-selected, post hoc, exploratory","normalize_total target_sum=10000, then log1p",Retain first Ensembl feature per gene symbol,27933,Full symbol-deduplicated matrix,42,50,25,FALSE,TRUE,249,15;16;17;19;20,38af968fe25becbf6dd7fa95d05fb508819a9a51ac90f1cd0c3a5d35fedb6a1f,1.11.5,129,Msra,17321,17,0.06332178029158823,Scanpy 1.11.5; seed=42; ctrl_size=50; n_bins=25; use_raw=False; ctrl_as_ref=True; full gene pool,selected component - matched-control component = Scanpy score,Algorithm-selected reference term; not a validated neutral biological background program,Algorithmic matched-control gene; not a validated neutral biological background
"Primary: 7,371 Scrublet-negative microglia",Animal/library,author_selected_isg7,Irf7;Ifitm3;Isg15;Mx1;Ifit1;Ifit2;Ifit3,"Author-selected, post hoc, exploratory","normalize_total target_sum=10000, then log1p",Retain first Ensembl feature per gene symbol,27933,Full symbol-deduplicated matrix,42,50,25,FALSE,TRUE,249,15;16;17;19;20,38af968fe25becbf6dd7fa95d05fb508819a9a51ac90f1cd0c3a5d35fedb6a1f,1.11.5,130,Mtap,7194,19,0.11534428133956127,Scanpy 1.11.5; seed=42; ctrl_size=50; n_bins=25; use_raw=False; ctrl_as_ref=True; full gene pool,selected component - matched-control component = Scanpy score,Algorithm-selected reference term; not a validated neutral biological background program,Algorithmic matched-control gene; not a validated neutral biological background
"Primary: 7,371 Scrublet-negative microglia",Animal/library,author_selected_isg7,Irf7;Ifitm3;Isg15;Mx1;Ifit1;Ifit2;Ifit3,"Author-selected, post hoc, exploratory","normalize_total target_sum=10000, then log1p",Retain first Ensembl feature per gene symbol,27933,Full symbol-deduplicated matrix,42,50,25,FALSE,TRUE,249,15;16;17;19;20,38af968fe25becbf6dd7fa95d05fb508819a9a51ac90f1cd0c3a5d35fedb6a1f,1.11.5,131,Mtx3,21859,16,0.03078700515732579,Scanpy 1.11.5; seed=42; ctrl_size=50; n_bins=25; use_raw=False; ctrl_as_ref=True; full gene pool,selected component - matched-control component = Scanpy score,Algorithm-selected reference term; not a validated neutral biological background program,Algorithmic matched-control gene; not a validated neutral biological background
"Primary: 7,371 Scrublet-negative microglia",Animal/library,author_selected_isg7,Irf7;Ifitm3;Isg15;Mx1;Ifit1;Ifit2;Ifit3,"Author-selected, post hoc, exploratory","normalize_total target_sum=10000, then log1p",Retain first Ensembl feature per gene symbol,27933,Full symbol-deduplicated matrix,42,50,25,FALSE,TRUE,249,15;16;17;19;20,38af968fe25becbf6dd7fa95d05fb508819a9a51ac90f1cd0c3a5d35fedb6a1f,1.11.5,132,N4bp3,19475,16,0.02583587692026819,Scanpy 1.11.5; seed=42; ctrl_size=50; n_bins=25; use_raw=False; ctrl_as_ref=True; full gene pool,selected component - matched-control component = Scanpy score,Algorithm-selected reference term; not a validated neutral biological background program,Algorithmic matched-control gene; not a validated neutral biological background
"Primary: 7,371 Scrublet-negative microglia",Animal/library,author_selected_isg7,Irf7;Ifitm3;Isg15;Mx1;Ifit1;Ifit2;Ifit3,"Author-selected, post hoc, exploratory","normalize_total target_sum=10000, then log1p",Retain first Ensembl feature per gene symbol,27933,Full symbol-deduplicated matrix,42,50,25,FALSE,TRUE,249,15;16;17;19;20,38af968fe25becbf6dd7fa95d05fb508819a9a51ac90f1cd0c3a5d35fedb6a1f,1.11.5,133,Nagk,10802,20,0.1836208104925553,Scanpy 1.11.5; seed=42; ctrl_size=50; n_bins=25; use_raw=False; ctrl_as_ref=True; full gene pool,selected component - matched-control component = Scanpy score,Algorithm-selected reference term; not a validated neutral biological background program,Algorithmic matched-control gene; not a validated neutral biological background
"Primary: 7,371 Scrublet-negative microglia",Animal/library,author_selected_isg7,Irf7;Ifitm3;Isg15;Mx1;Ifit1;Ifit2;Ifit3,"Author-selected, post hoc, exploratory","normalize_total target_sum=10000, then log1p",Retain first Ensembl feature per gene symbol,27933,Full symbol-deduplicated matrix,42,50,25,FALSE,TRUE,249,15;16;17;19;20,38af968fe25becbf6dd7fa95d05fb508819a9a51ac90f1cd0c3a5d35fedb6a1f,1.11.5,134,Nbea,5451,19,0.11147742141394486,Scanpy 1.11.5; seed=42; ctrl_size=50; n_bins=25; use_raw=False; ctrl_as_ref=True; full gene pool,selected component - matched-control component = Scanpy score,Algorithm-selected reference term; not a validated neutral biological background program,Algorithmic matched-control gene; not a validated neutral biological background
"Primary: 7,371 Scrublet-negative microglia",Animal/library,author_selected_isg7,Irf7;Ifitm3;Isg15;Mx1;Ifit1;Ifit2;Ifit3,"Author-selected, post hoc, exploratory","normalize_total target_sum=10000, then log1p",Retain first Ensembl feature per gene symbol,27933,Full symbol-deduplicated matrix,42,50,25,FALSE,TRUE,249,15;16;17;19;20,38af968fe25becbf6dd7fa95d05fb508819a9a51ac90f1cd0c3a5d35fedb6a1f,1.11.5,135,Ncbp2,24072,20,0.16076628690560982,Scanpy 1.11.5; seed=42; ctrl_size=50; n_bins=25; use_raw=False; ctrl_as_ref=True; full gene pool,selected component - matched-control component = Scanpy score,Algorithm-selected reference term; not a validated neutral biological background program,Algorithmic matched-control gene; not a validated neutral biological background
"Primary: 7,371 Scrublet-negative microglia",Animal/library,author_selected_isg7,Irf7;Ifitm3;Isg15;Mx1;Ifit1;Ifit2;Ifit3,"Author-selected, post hoc, exploratory","normalize_total target_sum=10000, then log1p",Retain first Ensembl feature per gene symbol,27933,Full symbol-deduplicated matrix,42,50,25,FALSE,TRUE,249,15;16;17;19;20,38af968fe25becbf6dd7fa95d05fb508819a9a51ac90f1cd0c3a5d35fedb6a1f,1.11.5,136,Ncoa4,16830,16,0.03072524339207281,Scanpy 1.11.5; seed=42; ctrl_size=50; n_bins=25; use_raw=False; ctrl_as_ref=True; full gene pool,selected component - matched-control component = Scanpy score,Algorithm-selected reference term; not a validated neutral biological background program,Algorithmic matched-control gene; not a validated neutral biological background
"Primary: 7,371 Scrublet-negative microglia",Animal/library,author_selected_isg7,Irf7;Ifitm3;Isg15;Mx1;Ifit1;Ifit2;Ifit3,"Author-selected, post hoc, exploratory","normalize_total target_sum=10000, then log1p",Retain first Ensembl feature per gene symbol,27933,Full symbol-deduplicated matrix,42,50,25,FALSE,TRUE,249,15;16;17;19;20,38af968fe25becbf6dd7fa95d05fb508819a9a51ac90f1cd0c3a5d35fedb6a1f,1.11.5,137,Nelfe,25109,20,0.1778607345827398,Scanpy 1.11.5; seed=42; ctrl_size=50; n_bins=25; use_raw=False; ctrl_as_ref=True; full gene pool,selected component - matched-control component = Scanpy score,Algorithm-selected reference term; not a validated neutral biological background program,Algorithmic matched-control gene; not a validated neutral biological background
"Primary: 7,371 Scrublet-negative microglia",Animal/library,author_selected_isg7,Irf7;Ifitm3;Isg15;Mx1;Ifit1;Ifit2;Ifit3,"Author-selected, post hoc, exploratory","normalize_total target_sum=10000, then log1p",Retain first Ensembl feature per gene symbol,27933,Full symbol-deduplicated matrix,42,50,25,FALSE,TRUE,249,15;16;17;19;20,38af968fe25becbf6dd7fa95d05fb508819a9a51ac90f1cd0c3a5d35fedb6a1f,1.11.5,138,Nexn,6529,15,0.01210686478325638,Scanpy 1.11.5; seed=42; ctrl_size=50; n_bins=25; use_raw=False; ctrl_as_ref=True; full gene pool,selected component - matched-control component = Scanpy score,Algorithm-selected reference term; not a validated neutral biological background program,Algorithmic matched-control gene; not a validated neutral biological background
"Primary: 7,371 Scrublet-negative microglia",Animal/library,author_selected_isg7,Irf7;Ifitm3;Isg15;Mx1;Ifit1;Ifit2;Ifit3,"Author-selected, post hoc, exploratory","normalize_total target_sum=10000, then log1p",Retain first Ensembl feature per gene symbol,27933,Full symbol-deduplicated matrix,42,50,25,FALSE,TRUE,249,15;16;17;19;20,38af968fe25becbf6dd7fa95d05fb508819a9a51ac90f1cd0c3a5d35fedb6a1f,1.11.5,139,Nfs1,3625,19,0.1306317952639567,Scanpy 1.11.5; seed=42; ctrl_size=50; n_bins=25; use_raw=False; ctrl_as_ref=True; full gene pool,selected component - matched-control component = Scanpy score,Algorithm-selected reference term; not a validated neutral biological background program,Algorithmic matched-control gene; not a validated neutral biological background
"Primary: 7,371 Scrublet-negative microglia",Animal/library,author_selected_isg7,Irf7;Ifitm3;Isg15;Mx1;Ifit1;Ifit2;Ifit3,"Author-selected, post hoc, exploratory","normalize_total target_sum=10000, then log1p",Retain first Ensembl feature per gene symbol,27933,Full symbol-deduplicated matrix,42,50,25,FALSE,TRUE,249,15;16;17;19;20,38af968fe25becbf6dd7fa95d05fb508819a9a51ac90f1cd0c3a5d35fedb6a1f,1.11.5,140,Nipsnap1,19087,15,0.02355482975803613,Scanpy 1.11.5; seed=42; ctrl_size=50; n_bins=25; use_raw=False; ctrl_as_ref=True; full gene pool,selected component - matched-control component = Scanpy score,Algorithm-selected reference term; not a validated neutral biological background program,Algorithmic matched-control gene; not a validated neutral biological background
"Primary: 7,371 Scrublet-negative microglia",Animal/library,author_selected_isg7,Irf7;Ifitm3;Isg15;Mx1;Ifit1;Ifit2;Ifit3,"Author-selected, post hoc, exploratory","normalize_total target_sum=10000, then log1p",Retain first Ensembl feature per gene symbol,27933,Full symbol-deduplicated matrix,42,50,25,FALSE,TRUE,249,15;16;17;19;20,38af968fe25becbf6dd7fa95d05fb508819a9a51ac90f1cd0c3a5d35fedb6a1f,1.11.5,141,Nmrk1,27453,16,0.03374274707587696,Scanpy 1.11.5; seed=42; ctrl_size=50; n_bins=25; use_raw=False; ctrl_as_ref=True; full gene pool,selected component - matched-control component = Scanpy score,Algorithm-selected reference term; not a validated neutral biological background program,Algorithmic matched-control gene; not a validated neutral biological background
"Primary: 7,371 Scrublet-negative microglia",Animal/library,author_selected_isg7,Irf7;Ifitm3;Isg15;Mx1;Ifit1;Ifit2;Ifit3,"Author-selected, post hoc, exploratory","normalize_total target_sum=10000, then log1p",Retain first Ensembl feature per gene symbol,27933,Full symbol-deduplicated matrix,42,50,25,FALSE,TRUE,249,15;16;17;19;20,38af968fe25becbf6dd7fa95d05fb508819a9a51ac90f1cd0c3a5d35fedb6a1f,1.11.5,142,Nudt5,1757,19,0.14017003925858093,Scanpy 1.11.5; seed=42; ctrl_size=50; n_bins=25; use_raw=False; ctrl_as_ref=True; full gene pool,selected component - matched-control component = Scanpy score,Algorithm-selected reference term; not a validated neutral biological background program,Algorithmic matched-control gene; not a validated neutral biological background
"Primary: 7,371 Scrublet-negative microglia",Animal/library,author_selected_isg7,Irf7;Ifitm3;Isg15;Mx1;Ifit1;Ifit2;Ifit3,"Author-selected, post hoc, exploratory","normalize_total target_sum=10000, then log1p",Retain first Ensembl feature per gene symbol,27933,Full symbol-deduplicated matrix,42,50,25,FALSE,TRUE,249,15;16;17;19;20,38af968fe25becbf6dd7fa95d05fb508819a9a51ac90f1cd0c3a5d35fedb6a1f,1.11.5,143,Nup85,20855,17,0.0638464292537372,Scanpy 1.11.5; seed=42; ctrl_size=50; n_bins=25; use_raw=False; ctrl_as_ref=True; full gene pool,selected component - matched-control component = Scanpy score,Algorithm-selected reference term; not a validated neutral biological background program,Algorithmic matched-control gene; not a validated neutral biological background
"Primary: 7,371 Scrublet-negative microglia",Animal/library,author_selected_isg7,Irf7;Ifitm3;Isg15;Mx1;Ifit1;Ifit2;Ifit3,"Author-selected, post hoc, exploratory","normalize_total target_sum=10000, then log1p",Retain first Ensembl feature per gene symbol,27933,Full symbol-deduplicated matrix,42,50,25,FALSE,TRUE,249,15;16;17;19;20,38af968fe25becbf6dd7fa95d05fb508819a9a51ac90f1cd0c3a5d35fedb6a1f,1.11.5,144,Opa3,11933,19,0.14596017318185286,Scanpy 1.11.5; seed=42; ctrl_size=50; n_bins=25; use_raw=False; ctrl_as_ref=True; full gene pool,selected component - matched-control component = Scanpy score,Algorithm-selected reference term; not a validated neutral biological background program,Algorithmic matched-control gene; not a validated neutral biological background
"Primary: 7,371 Scrublet-negative microglia",Animal/library,author_selected_isg7,Irf7;Ifitm3;Isg15;Mx1;Ifit1;Ifit2;Ifit3,"Author-selected, post hoc, exploratory","normalize_total target_sum=10000, then log1p",Retain first Ensembl feature per gene symbol,27933,Full symbol-deduplicated matrix,42,50,25,FALSE,TRUE,249,15;16;17;19;20,38af968fe25becbf6dd7fa95d05fb508819a9a51ac90f1cd0c3a5d35fedb6a1f,1.11.5,145,Opalin,27634,16,0.02942327598496218,Scanpy 1.11.5; seed=42; ctrl_size=50; n_bins=25; use_raw=False; ctrl_as_ref=True; full gene pool,selected component - matched-control component = Scanpy score,Algorithm-selected reference term; not a validated neutral biological background program,Algorithmic matched-control gene; not a validated neutral biological background
"Primary: 7,371 Scrublet-negative microglia",Animal/library,author_selected_isg7,Irf7;Ifitm3;Isg15;Mx1;Ifit1;Ifit2;Ifit3,"Author-selected, post hoc, exploratory","normalize_total target_sum=10000, then log1p",Retain first Ensembl feature per gene symbol,27933,Full symbol-deduplicated matrix,42,50,25,FALSE,TRUE,249,15;16;17;19;20,38af968fe25becbf6dd7fa95d05fb508819a9a51ac90f1cd0c3a5d35fedb6a1f,1.11.5,146,Osbpl3,10500,16,0.03204695551904211,Scanpy 1.11.5; seed=42; ctrl_size=50; n_bins=25; use_raw=False; ctrl_as_ref=True; full gene pool,selected component - matched-control component = Scanpy score,Algorithm-selected reference term; not a validated neutral biological background program,Algorithmic matched-control gene; not a validated neutral biological background
"Primary: 7,371 Scrublet-negative microglia",Animal/library,author_selected_isg7,Irf7;Ifitm3;Isg15;Mx1;Ifit1;Ifit2;Ifit3,"Author-selected, post hoc, exploratory","normalize_total target_sum=10000, then log1p",Retain first Ensembl feature per gene symbol,27933,Full symbol-deduplicated matrix,42,50,25,FALSE,TRUE,249,15;16;17;19;20,38af968fe25becbf6dd7fa95d05fb508819a9a51ac90f1cd0c3a5d35fedb6a1f,1.11.5,147,Osgepl1,327,17,0.05025270922894621,Scanpy 1.11.5; seed=42; ctrl_size=50; n_bins=25; use_raw=False; ctrl_as_ref=True; full gene pool,selected component - matched-control component = Scanpy score,Algorithm-selected reference term; not a validated neutral biological background program,Algorithmic matched-control gene; not a validated neutral biological background
"Primary: 7,371 Scrublet-negative microglia",Animal/library,author_selected_isg7,Irf7;Ifitm3;Isg15;Mx1;Ifit1;Ifit2;Ifit3,"Author-selected, post hoc, exploratory","normalize_total target_sum=10000, then log1p",Retain first Ensembl feature per gene symbol,27933,Full symbol-deduplicated matrix,42,50,25,FALSE,TRUE,249,15;16;17;19;20,38af968fe25becbf6dd7fa95d05fb508819a9a51ac90f1cd0c3a5d35fedb6a1f,1.11.5,148,Otud5,4100,20,0.224233989330018,Scanpy 1.11.5; seed=42; ctrl_size=50; n_bins=25; use_raw=False; ctrl_as_ref=True; full gene pool,selected component - matched-control component = Scanpy score,Algorithm-selected reference term; not a validated neutral biological background program,Algorithmic matched-control gene; not a validated neutral biological background
"Primary: 7,371 Scrublet-negative microglia",Animal/library,author_selected_isg7,Irf7;Ifitm3;Isg15;Mx1;Ifit1;Ifit2;Ifit3,"Author-selected, post hoc, exploratory","normalize_total target_sum=10000, then log1p",Retain first Ensembl feature per gene symbol,27933,Full symbol-deduplicated matrix,42,50,25,FALSE,TRUE,249,15;16;17;19;20,38af968fe25becbf6dd7fa95d05fb508819a9a51ac90f1cd0c3a5d35fedb6a1f,1.11.5,149,Oxsm,16677,16,0.04039928253591991,Scanpy 1.11.5; seed=42; ctrl_size=50; n_bins=25; use_raw=False; ctrl_as_ref=True; full gene pool,selected component - matched-control component = Scanpy score,Algorithm-selected reference term; not a validated neutral biological background program,Algorithmic matched-control gene; not a validated neutral biological background
"Primary: 7,371 Scrublet-negative microglia",Animal/library,author_selected_isg7,Irf7;Ifitm3;Isg15;Mx1;Ifit1;Ifit2;Ifit3,"Author-selected, post hoc, exploratory","normalize_total target_sum=10000, then log1p",Retain first Ensembl feature per gene symbol,27933,Full symbol-deduplicated matrix,42,50,25,FALSE,TRUE,249,15;16;17;19;20,38af968fe25becbf6dd7fa95d05fb508819a9a51ac90f1cd0c3a5d35fedb6a1f,1.11.5,150,Oxsr1,18953,17,0.06348733949848859,Scanpy 1.11.5; seed=42; ctrl_size=50; n_bins=25; use_raw=False; ctrl_as_ref=True; full gene pool,selected component - matched-control component = Scanpy score,Algorithm-selected reference term; not a validated neutral biological background program,Algorithmic matched-control gene; not a validated neutral biological background
"Primary: 7,371 Scrublet-negative microglia",Animal/library,author_selected_isg7,Irf7;Ifitm3;Isg15;Mx1;Ifit1;Ifit2;Ifit3,"Author-selected, post hoc, exploratory","normalize_total target_sum=10000, then log1p",Retain first Ensembl feature per gene symbol,27933,Full symbol-deduplicated matrix,42,50,25,FALSE,TRUE,249,15;16;17;19;20,38af968fe25becbf6dd7fa95d05fb508819a9a51ac90f1cd0c3a5d35fedb6a1f,1.11.5,151,Pacs1,27139,19,0.14584946363917717,Scanpy 1.11.5; seed=42; ctrl_size=50; n_bins=25; use_raw=False; ctrl_as_ref=True; full gene pool,selected component - matched-control component = Scanpy score,Algorithm-selected reference term; not a validated neutral biological background program,Algorithmic matched-control gene; not a validated neutral biological background
"Primary: 7,371 Scrublet-negative microglia",Animal/library,author_selected_isg7,Irf7;Ifitm3;Isg15;Mx1;Ifit1;Ifit2;Ifit3,"Author-selected, post hoc, exploratory","normalize_total target_sum=10000, then log1p",Retain first Ensembl feature per gene symbol,27933,Full symbol-deduplicated matrix,42,50,25,FALSE,TRUE,249,15;16;17;19;20,38af968fe25becbf6dd7fa95d05fb508819a9a51ac90f1cd0c3a5d35fedb6a1f,1.11.5,152,Pcgf6,27748,16,0.04255403221874576,Scanpy 1.11.5; seed=42; ctrl_size=50; n_bins=25; use_raw=False; ctrl_as_ref=True; full gene pool,selected component - matched-control component = Scanpy score,Algorithm-selected reference term; not a validated neutral biological background program,Algorithmic matched-control gene; not a validated neutral biological background
"Primary: 7,371 Scrublet-negative microglia",Animal/library,author_selected_isg7,Irf7;Ifitm3;Isg15;Mx1;Ifit1;Ifit2;Ifit3,"Author-selected, post hoc, exploratory","normalize_total target_sum=10000, then log1p",Retain first Ensembl feature per gene symbol,27933,Full symbol-deduplicated matrix,42,50,25,FALSE,TRUE,249,15;16;17;19;20,38af968fe25becbf6dd7fa95d05fb508819a9a51ac90f1cd0c3a5d35fedb6a1f,1.11.5,153,Pdxdc1,23859,20,0.1664619575182726,Scanpy 1.11.5; seed=42; ctrl_size=50; n_bins=25; use_raw=False; ctrl_as_ref=True; full gene pool,selected component - matched-control component = Scanpy score,Algorithm-selected reference term; not a validated neutral biological background program,Algorithmic matched-control gene; not a validated neutral biological background
"Primary: 7,371 Scrublet-negative microglia",Animal/library,author_selected_isg7,Irf7;Ifitm3;Isg15;Mx1;Ifit1;Ifit2;Ifit3,"Author-selected, post hoc, exploratory","normalize_total target_sum=10000, then log1p",Retain first Ensembl feature per gene symbol,27933,Full symbol-deduplicated matrix,42,50,25,FALSE,TRUE,249,15;16;17;19;20,38af968fe25becbf6dd7fa95d05fb508819a9a51ac90f1cd0c3a5d35fedb6a1f,1.11.5,154,Pecam1,20734,17,0.05977375888061109,Scanpy 1.11.5; seed=42; ctrl_size=50; n_bins=25; use_raw=False; ctrl_as_ref=True; full gene pool,selected component - matched-control component = Scanpy score,Algorithm-selected reference term; not a validated neutral biological background program,Algorithmic matched-control gene; not a validated neutral biological background
"Primary: 7,371 Scrublet-negative microglia",Animal/library,author_selected_isg7,Irf7;Ifitm3;Isg15;Mx1;Ifit1;Ifit2;Ifit3,"Author-selected, post hoc, exploratory","normalize_total target_sum=10000, then log1p",Retain first Ensembl feature per gene symbol,27933,Full symbol-deduplicated matrix,42,50,25,FALSE,TRUE,249,15;16;17;19;20,38af968fe25becbf6dd7fa95d05fb508819a9a51ac90f1cd0c3a5d35fedb6a1f,1.11.5,155,Peo1,27700,17,0.07041946678177147,Scanpy 1.11.5; seed=42; ctrl_size=50; n_bins=25; use_raw=False; ctrl_as_ref=True; full gene pool,selected component - matched-control component = Scanpy score,Algorithm-selected reference term; not a validated neutral biological background program,Algorithmic matched-control gene; not a validated neutral biological background
"Primary: 7,371 Scrublet-negative microglia",Animal/library,author_selected_isg7,Irf7;Ifitm3;Isg15;Mx1;Ifit1;Ifit2;Ifit3,"Author-selected, post hoc, exploratory","normalize_total target_sum=10000, then log1p",Retain first Ensembl feature per gene symbol,27933,Full symbol-deduplicated matrix,42,50,25,FALSE,TRUE,249,15;16;17;19;20,38af968fe25becbf6dd7fa95d05fb508819a9a51ac90f1cd0c3a5d35fedb6a1f,1.11.5,156,Per2,748,16,0.02598698261133157,Scanpy 1.11.5; seed=42; ctrl_size=50; n_bins=25; use_raw=False; ctrl_as_ref=True; full gene pool,selected component - matched-control component = Scanpy score,Algorithm-selected reference term; not a validated neutral biological background program,Algorithmic matched-control gene; not a validated neutral biological background
"Primary: 7,371 Scrublet-negative microglia",Animal/library,author_selected_isg7,Irf7;Ifitm3;Isg15;Mx1;Ifit1;Ifit2;Ifit3,"Author-selected, post hoc, exploratory","normalize_total target_sum=10000, then log1p",Retain first Ensembl feature per gene symbol,27933,Full symbol-deduplicated matrix,42,50,25,FALSE,TRUE,249,15;16;17;19;20,38af968fe25becbf6dd7fa95d05fb508819a9a51ac90f1cd0c3a5d35fedb6a1f,1.11.5,157,Phf7,16814,17,0.04878874734628315,Scanpy 1.11.5; seed=42; ctrl_size=50; n_bins=25; use_raw=False; ctrl_as_ref=True; full gene pool,selected component - matched-control component = Scanpy score,Algorithm-selected reference term; not a validated neutral biological background program,Algorithmic matched-control gene; not a validated neutral biological background
"Primary: 7,371 Scrublet-negative microglia",Animal/library,author_selected_isg7,Irf7;Ifitm3;Isg15;Mx1;Ifit1;Ifit2;Ifit3,"Author-selected, post hoc, exploratory","normalize_total target_sum=10000, then log1p",Retain first Ensembl feature per gene symbol,27933,Full symbol-deduplicated matrix,42,50,25,FALSE,TRUE,249,15;16;17;19;20,38af968fe25becbf6dd7fa95d05fb508819a9a51ac90f1cd0c3a5d35fedb6a1f,1.11.5,158,Pitpnb,9316,20,0.20450950687767097,Scanpy 1.11.5; seed=42; ctrl_size=50; n_bins=25; use_raw=False; ctrl_as_ref=True; full gene pool,selected component - matched-control component = Scanpy score,Algorithm-selected reference term; not a validated neutral biological background program,Algorithmic matched-control gene; not a validated neutral biological background
"Primary: 7,371 Scrublet-negative microglia",Animal/library,author_selected_isg7,Irf7;Ifitm3;Isg15;Mx1;Ifit1;Ifit2;Ifit3,"Author-selected, post hoc, exploratory","normalize_total target_sum=10000, then log1p",Retain first Ensembl feature per gene symbol,27933,Full symbol-deduplicated matrix,42,50,25,FALSE,TRUE,249,15;16;17;19;20,38af968fe25becbf6dd7fa95d05fb508819a9a51ac90f1cd0c3a5d35fedb6a1f,1.11.5,159,Plpp6,27511,17,0.04957812625862756,Scanpy 1.11.5; seed=42; ctrl_size=50; n_bins=25; use_raw=False; ctrl_as_ref=True; full gene pool,selected component - matched-control component = Scanpy score,Algorithm-selected reference term; not a validated neutral biological background program,Algorithmic matched-control gene; not a validated neutral biological background
"Primary: 7,371 Scrublet-negative microglia",Animal/library,author_selected_isg7,Irf7;Ifitm3;Isg15;Mx1;Ifit1;Ifit2;Ifit3,"Author-selected, post hoc, exploratory","normalize_total target_sum=10000, then log1p",Retain first Ensembl feature per gene symbol,27933,Full symbol-deduplicated matrix,42,50,25,FALSE,TRUE,249,15;16;17;19;20,38af968fe25becbf6dd7fa95d05fb508819a9a51ac90f1cd0c3a5d35fedb6a1f,1.11.5,160,Plrg1,5611,19,0.13341139142734196,Scanpy 1.11.5; seed=42; ctrl_size=50; n_bins=25; use_raw=False; ctrl_as_ref=True; full gene pool,selected component - matched-control component = Scanpy score,Algorithm-selected reference term; not a validated neutral biological background program,Algorithmic matched-control gene; not a validated neutral biological background
"Primary: 7,371 Scrublet-negative microglia",Animal/library,author_selected_isg7,Irf7;Ifitm3;Isg15;Mx1;Ifit1;Ifit2;Ifit3,"Author-selected, post hoc, exploratory","normalize_total target_sum=10000, then log1p",Retain first Ensembl feature per gene symbol,27933,Full symbol-deduplicated matrix,42,50,25,FALSE,TRUE,249,15;16;17;19;20,38af968fe25becbf6dd7fa95d05fb508819a9a51ac90f1cd0c3a5d35fedb6a1f,1.11.5,161,Pnkp,12612,20,0.20369457865388857,Scanpy 1.11.5; seed=42; ctrl_size=50; n_bins=25; use_raw=False; ctrl_as_ref=True; full gene pool,selected component - matched-control component = Scanpy score,Algorithm-selected reference term; not a validated neutral biological background program,Algorithmic matched-control gene; not a validated neutral biological background
"Primary: 7,371 Scrublet-negative microglia",Animal/library,author_selected_isg7,Irf7;Ifitm3;Isg15;Mx1;Ifit1;Ifit2;Ifit3,"Author-selected, post hoc, exploratory","normalize_total target_sum=10000, then log1p",Retain first Ensembl feature per gene symbol,27933,Full symbol-deduplicated matrix,42,50,25,FALSE,TRUE,249,15;16;17;19;20,38af968fe25becbf6dd7fa95d05fb508819a9a51ac90f1cd0c3a5d35fedb6a1f,1.11.5,162,Pold1,12596,16,0.03796804467173933,Scanpy 1.11.5; seed=42; ctrl_size=50; n_bins=25; use_raw=False; ctrl_as_ref=True; full gene pool,selected component - matched-control component = Scanpy score,Algorithm-selected reference term; not a validated neutral biological background program,Algorithmic matched-control gene; not a validated neutral biological background
"Primary: 7,371 Scrublet-negative microglia",Animal/library,author_selected_isg7,Irf7;Ifitm3;Isg15;Mx1;Ifit1;Ifit2;Ifit3,"Author-selected, post hoc, exploratory","normalize_total target_sum=10000, then log1p",Retain first Ensembl feature per gene symbol,27933,Full symbol-deduplicated matrix,42,50,25,FALSE,TRUE,249,15;16;17;19;20,38af968fe25becbf6dd7fa95d05fb508819a9a51ac90f1cd0c3a5d35fedb6a1f,1.11.5,163,Ppp1r14a,12287,17,0.05119822006215235,Scanpy 1.11.5; seed=42; ctrl_size=50; n_bins=25; use_raw=False; ctrl_as_ref=True; full gene pool,selected component - matched-control component = Scanpy score,Algorithm-selected reference term; not a validated neutral biological background program,Algorithmic matched-control gene; not a validated neutral biological background
"Primary: 7,371 Scrublet-negative microglia",Animal/library,author_selected_isg7,Irf7;Ifitm3;Isg15;Mx1;Ifit1;Ifit2;Ifit3,"Author-selected, post hoc, exploratory","normalize_total target_sum=10000, then log1p",Retain first Ensembl feature per gene symbol,27933,Full symbol-deduplicated matrix,42,50,25,FALSE,TRUE,249,15;16;17;19;20,38af968fe25becbf6dd7fa95d05fb508819a9a51ac90f1cd0c3a5d35fedb6a1f,1.11.5,164,Psme4,19265,20,0.16190261230137531,Scanpy 1.11.5; seed=42; ctrl_size=50; n_bins=25; use_raw=False; ctrl_as_ref=True; full gene pool,selected component - matched-control component = Scanpy score,Algorithm-selected reference term; not a validated neutral biological background program,Algorithmic matched-control gene; not a validated neutral biological background
"Primary: 7,371 Scrublet-negative microglia",Animal/library,author_selected_isg7,Irf7;Ifitm3;Isg15;Mx1;Ifit1;Ifit2;Ifit3,"Author-selected, post hoc, exploratory","normalize_total target_sum=10000, then log1p",Retain first Ensembl feature per gene symbol,27933,Full symbol-deduplicated matrix,42,50,25,FALSE,TRUE,249,15;16;17;19;20,38af968fe25becbf6dd7fa95d05fb508819a9a51ac90f1cd0c3a5d35fedb6a1f,1.11.5,165,Pus1,9310,19,0.15527900195868946,Scanpy 1.11.5; seed=42; ctrl_size=50; n_bins=25; use_raw=False; ctrl_as_ref=True; full gene pool,selected component - matched-control component = Scanpy score,Algorithm-selected reference term; not a validated neutral biological background program,Algorithmic matched-control gene; not a validated neutral biological background
"Primary: 7,371 Scrublet-negative microglia",Animal/library,author_selected_isg7,Irf7;Ifitm3;Isg15;Mx1;Ifit1;Ifit2;Ifit3,"Author-selected, post hoc, exploratory","normalize_total target_sum=10000, then log1p",Retain first Ensembl feature per gene symbol,27933,Full symbol-deduplicated matrix,42,50,25,FALSE,TRUE,249,15;16;17;19;20,38af968fe25becbf6dd7fa95d05fb508819a9a51ac90f1cd0c3a5d35fedb6a1f,1.11.5,166,Pxdc1,21390,19,0.15699487566349546,Scanpy 1.11.5; seed=42; ctrl_size=50; n_bins=25; use_raw=False; ctrl_as_ref=True; full gene pool,selected component - matched-control component = Scanpy score,Algorithm-selected reference term; not a validated neutral biological background program,Algorithmic matched-control gene; not a validated neutral biological background
"Primary: 7,371 Scrublet-negative microglia",Animal/library,author_selected_isg7,Irf7;Ifitm3;Isg15;Mx1;Ifit1;Ifit2;Ifit3,"Author-selected, post hoc, exploratory","normalize_total target_sum=10000, then log1p",Retain first Ensembl feature per gene symbol,27933,Full symbol-deduplicated matrix,42,50,25,FALSE,TRUE,249,15;16;17;19;20,38af968fe25becbf6dd7fa95d05fb508819a9a51ac90f1cd0c3a5d35fedb6a1f,1.11.5,167,Pyroxd2,27664,16,0.03012045421815115,Scanpy 1.11.5; seed=42; ctrl_size=50; n_bins=25; use_raw=False; ctrl_as_ref=True; full gene pool,selected component - matched-control component = Scanpy score,Algorithm-selected reference term; not a validated neutral biological background program,Algorithmic matched-control gene; not a validated neutral biological background
"Primary: 7,371 Scrublet-negative microglia",Animal/library,author_selected_isg7,Irf7;Ifitm3;Isg15;Mx1;Ifit1;Ifit2;Ifit3,"Author-selected, post hoc, exploratory","normalize_total target_sum=10000, then log1p",Retain first Ensembl feature per gene symbol,27933,Full symbol-deduplicated matrix,42,50,25,FALSE,TRUE,249,15;16;17;19;20,38af968fe25becbf6dd7fa95d05fb508819a9a51ac90f1cd0c3a5d35fedb6a1f,1.11.5,168,Rc3h1,1256,20,0.21438552676345649,Scanpy 1.11.5; seed=42; ctrl_size=50; n_bins=25; use_raw=False; ctrl_as_ref=True; full gene pool,selected component - matched-control component = Scanpy score,Algorithm-selected reference term; not a validated neutral biological background program,Algorithmic matched-control gene; not a validated neutral biological background
"Primary: 7,371 Scrublet-negative microglia",Animal/library,author_selected_isg7,Irf7;Ifitm3;Isg15;Mx1;Ifit1;Ifit2;Ifit3,"Author-selected, post hoc, exploratory","normalize_total target_sum=10000, then log1p",Retain first Ensembl feature per gene symbol,27933,Full symbol-deduplicated matrix,42,50,25,FALSE,TRUE,249,15;16;17;19;20,38af968fe25becbf6dd7fa95d05fb508819a9a51ac90f1cd0c3a5d35fedb6a1f,1.11.5,169,Rev3l,14299,17,0.06095603246278702,Scanpy 1.11.5; seed=42; ctrl_size=50; n_bins=25; use_raw=False; ctrl_as_ref=True; full gene pool,selected component - matched-control component = Scanpy score,Algorithm-selected reference term; not a validated neutral biological background program,Algorithmic matched-control gene; not a validated neutral biological background
"Primary: 7,371 Scrublet-negative microglia",Animal/library,author_selected_isg7,Irf7;Ifitm3;Isg15;Mx1;Ifit1;Ifit2;Ifit3,"Author-selected, post hoc, exploratory","normalize_total target_sum=10000, then log1p",Retain first Ensembl feature per gene symbol,27933,Full symbol-deduplicated matrix,42,50,25,FALSE,TRUE,249,15;16;17;19;20,38af968fe25becbf6dd7fa95d05fb508819a9a51ac90f1cd0c3a5d35fedb6a1f,1.11.5,170,Rfx1,15992,17,0.05848171558620777,Scanpy 1.11.5; seed=42; ctrl_size=50; n_bins=25; use_raw=False; ctrl_as_ref=True; full gene pool,selected component - matched-control component = Scanpy score,Algorithm-selected reference term; not a validated neutral biological background program,Algorithmic matched-control gene; not a validated neutral biological background
"Primary: 7,371 Scrublet-negative microglia",Animal/library,author_selected_isg7,Irf7;Ifitm3;Isg15;Mx1;Ifit1;Ifit2;Ifit3,"Author-selected, post hoc, exploratory","normalize_total target_sum=10000, then log1p",Retain first Ensembl feature per gene symbol,27933,Full symbol-deduplicated matrix,42,50,25,FALSE,TRUE,249,15;16;17;19;20,38af968fe25becbf6dd7fa95d05fb508819a9a51ac90f1cd0c3a5d35fedb6a1f,1.11.5,171,Rhot1,20127,20,0.2101697537488553,Scanpy 1.11.5; seed=42; ctrl_size=50; n_bins=25; use_raw=False; ctrl_as_ref=True; full gene pool,selected component - matched-control component = Scanpy score,Algorithm-selected reference term; not a validated neutral biological background program,Algorithmic matched-control gene; not a validated neutral biological background
"Primary: 7,371 Scrublet-negative microglia",Animal/library,author_selected_isg7,Irf7;Ifitm3;Isg15;Mx1;Ifit1;Ifit2;Ifit3,"Author-selected, post hoc, exploratory","normalize_total target_sum=10000, then log1p",Retain first Ensembl feature per gene symbol,27933,Full symbol-deduplicated matrix,42,50,25,FALSE,TRUE,249,15;16;17;19;20,38af968fe25becbf6dd7fa95d05fb508819a9a51ac90f1cd0c3a5d35fedb6a1f,1.11.5,172,Rnase10,17060,15,0.01163067919252815,Scanpy 1.11.5; seed=42; ctrl_size=50; n_bins=25; use_raw=False; ctrl_as_ref=True; full gene pool,selected component - matched-control component = Scanpy score,Algorithm-selected reference term; not a validated neutral biological background program,Algorithmic matched-control gene; not a validated neutral biological background
"Primary: 7,371 Scrublet-negative microglia",Animal/library,author_selected_isg7,Irf7;Ifitm3;Isg15;Mx1;Ifit1;Ifit2;Ifit3,"Author-selected, post hoc, exploratory","normalize_total target_sum=10000, then log1p",Retain first Ensembl feature per gene symbol,27933,Full symbol-deduplicated matrix,42,50,25,FALSE,TRUE,249,15;16;17;19;20,38af968fe25becbf6dd7fa95d05fb508819a9a51ac90f1cd0c3a5d35fedb6a1f,1.11.5,173,Rnf219,17511,16,0.04327674941281712,Scanpy 1.11.5; seed=42; ctrl_size=50; n_bins=25; use_raw=False; ctrl_as_ref=True; full gene pool,selected component - matched-control component = Scanpy score,Algorithm-selected reference term; not a validated neutral biological background program,Algorithmic matched-control gene; not a validated neutral biological background
"Primary: 7,371 Scrublet-negative microglia",Animal/library,author_selected_isg7,Irf7;Ifitm3;Isg15;Mx1;Ifit1;Ifit2;Ifit3,"Author-selected, post hoc, exploratory","normalize_total target_sum=10000, then log1p",Retain first Ensembl feature per gene symbol,27933,Full symbol-deduplicated matrix,42,50,25,FALSE,TRUE,249,15;16;17;19;20,38af968fe25becbf6dd7fa95d05fb508819a9a51ac90f1cd0c3a5d35fedb6a1f,1.11.5,174,Rps6ka3,5067,20,0.17816437848176128,Scanpy 1.11.5; seed=42; ctrl_size=50; n_bins=25; use_raw=False; ctrl_as_ref=True; full gene pool,selected component - matched-control component = Scanpy score,Algorithm-selected reference term; not a validated neutral biological background program,Algorithmic matched-control gene; not a validated neutral biological background
"Primary: 7,371 Scrublet-negative microglia",Animal/library,author_selected_isg7,Irf7;Ifitm3;Isg15;Mx1;Ifit1;Ifit2;Ifit3,"Author-selected, post hoc, exploratory","normalize_total target_sum=10000, then log1p",Retain first Ensembl feature per gene symbol,27933,Full symbol-deduplicated matrix,42,50,25,FALSE,TRUE,249,15;16;17;19;20,38af968fe25becbf6dd7fa95d05fb508819a9a51ac90f1cd0c3a5d35fedb6a1f,1.11.5,175,Sbsn,12358,15,0.01243390404309593,Scanpy 1.11.5; seed=42; ctrl_size=50; n_bins=25; use_raw=False; ctrl_as_ref=True; full gene pool,selected component - matched-control component = Scanpy score,Algorithm-selected reference term; not a validated neutral biological background program,Algorithmic matched-control gene; not a validated neutral biological background
"Primary: 7,371 Scrublet-negative microglia",Animal/library,author_selected_isg7,Irf7;Ifitm3;Isg15;Mx1;Ifit1;Ifit2;Ifit3,"Author-selected, post hoc, exploratory","normalize_total target_sum=10000, then log1p",Retain first Ensembl feature per gene symbol,27933,Full symbol-deduplicated matrix,42,50,25,FALSE,TRUE,249,15;16;17;19;20,38af968fe25becbf6dd7fa95d05fb508819a9a51ac90f1cd0c3a5d35fedb6a1f,1.11.5,176,Sc5d,18010,17,0.05546280215673119,Scanpy 1.11.5; seed=42; ctrl_size=50; n_bins=25; use_raw=False; ctrl_as_ref=True; full gene pool,selected component - matched-control component = Scanpy score,Algorithm-selected reference term; not a validated neutral biological background program,Algorithmic matched-control gene; not a validated neutral biological background
"Primary: 7,371 Scrublet-negative microglia",Animal/library,author_selected_isg7,Irf7;Ifitm3;Isg15;Mx1;Ifit1;Ifit2;Ifit3,"Author-selected, post hoc, exploratory","normalize_total target_sum=10000, then log1p",Retain first Ensembl feature per gene symbol,27933,Full symbol-deduplicated matrix,42,50,25,FALSE,TRUE,249,15;16;17;19;20,38af968fe25becbf6dd7fa95d05fb508819a9a51ac90f1cd0c3a5d35fedb6a1f,1.11.5,177,Scly,740,17,0.06540624970190399,Scanpy 1.11.5; seed=42; ctrl_size=50; n_bins=25; use_raw=False; ctrl_as_ref=True; full gene pool,selected component - matched-control component = Scanpy score,Algorithm-selected reference term; not a validated neutral biological background program,Algorithmic matched-control gene; not a validated neutral biological background
"Primary: 7,371 Scrublet-negative microglia",Animal/library,author_selected_isg7,Irf7;Ifitm3;Isg15;Mx1;Ifit1;Ifit2;Ifit3,"Author-selected, post hoc, exploratory","normalize_total target_sum=10000, then log1p",Retain first Ensembl feature per gene symbol,27933,Full symbol-deduplicated matrix,42,50,25,FALSE,TRUE,249,15;16;17;19;20,38af968fe25becbf6dd7fa95d05fb508819a9a51ac90f1cd0c3a5d35fedb6a1f,1.11.5,178,Sdk1,9902,16,0.04358161881762142,Scanpy 1.11.5; seed=42; ctrl_size=50; n_bins=25; use_raw=False; ctrl_as_ref=True; full gene pool,selected component - matched-control component = Scanpy score,Algorithm-selected reference term; not a validated neutral biological background program,Algorithmic matched-control gene; not a validated neutral biological background
"Primary: 7,371 Scrublet-negative microglia",Animal/library,author_selected_isg7,Irf7;Ifitm3;Isg15;Mx1;Ifit1;Ifit2;Ifit3,"Author-selected, post hoc, exploratory","normalize_total target_sum=10000, then log1p",Retain first Ensembl feature per gene symbol,27933,Full symbol-deduplicated matrix,42,50,25,FALSE,TRUE,249,15;16;17;19;20,38af968fe25becbf6dd7fa95d05fb508819a9a51ac90f1cd0c3a5d35fedb6a1f,1.11.5,179,Sec24d,6281,16,0.04710154882070572,Scanpy 1.11.5; seed=42; ctrl_size=50; n_bins=25; use_raw=False; ctrl_as_ref=True; full gene pool,selected component - matched-control component = Scanpy score,Algorithm-selected reference term; not a validated neutral biological background program,Algorithmic matched-control gene; not a validated neutral biological background
"Primary: 7,371 Scrublet-negative microglia",Animal/library,author_selected_isg7,Irf7;Ifitm3;Isg15;Mx1;Ifit1;Ifit2;Ifit3,"Author-selected, post hoc, exploratory","normalize_total target_sum=10000, then log1p",Retain first Ensembl feature per gene symbol,27933,Full symbol-deduplicated matrix,42,50,25,FALSE,TRUE,249,15;16;17;19;20,38af968fe25becbf6dd7fa95d05fb508819a9a51ac90f1cd0c3a5d35fedb6a1f,1.11.5,180,Setd1a,13780,17,0.07116112963280932,Scanpy 1.11.5; seed=42; ctrl_size=50; n_bins=25; use_raw=False; ctrl_as_ref=True; full gene pool,selected component - matched-control component = Scanpy score,Algorithm-selected reference term; not a validated neutral biological background program,Algorithmic matched-control gene; not a validated neutral biological background
"Primary: 7,371 Scrublet-negative microglia",Animal/library,author_selected_isg7,Irf7;Ifitm3;Isg15;Mx1;Ifit1;Ifit2;Ifit3,"Author-selected, post hoc, exploratory","normalize_total target_sum=10000, then log1p",Retain first Ensembl feature per gene symbol,27933,Full symbol-deduplicated matrix,42,50,25,FALSE,TRUE,249,15;16;17;19;20,38af968fe25becbf6dd7fa95d05fb508819a9a51ac90f1cd0c3a5d35fedb6a1f,1.11.5,181,Setdb2,17258,15,0.018438883413859,Scanpy 1.11.5; seed=42; ctrl_size=50; n_bins=25; use_raw=False; ctrl_as_ref=True; full gene pool,selected component - matched-control component = Scanpy score,Algorithm-selected reference term; not a validated neutral biological background program,Algorithmic matched-control gene; not a validated neutral biological background
"Primary: 7,371 Scrublet-negative microglia",Animal/library,author_selected_isg7,Irf7;Ifitm3;Isg15;Mx1;Ifit1;Ifit2;Ifit3,"Author-selected, post hoc, exploratory","normalize_total target_sum=10000, then log1p",Retain first Ensembl feature per gene symbol,27933,Full symbol-deduplicated matrix,42,50,25,FALSE,TRUE,249,15;16;17;19;20,38af968fe25becbf6dd7fa95d05fb508819a9a51ac90f1cd0c3a5d35fedb6a1f,1.11.5,182,Sfxn5,10817,16,0.02847805496731278,Scanpy 1.11.5; seed=42; ctrl_size=50; n_bins=25; use_raw=False; ctrl_as_ref=True; full gene pool,selected component - matched-control component = Scanpy score,Algorithm-selected reference term; not a validated neutral biological background program,Algorithmic matched-control gene; not a validated neutral biological background
"Primary: 7,371 Scrublet-negative microglia",Animal/library,author_selected_isg7,Irf7;Ifitm3;Isg15;Mx1;Ifit1;Ifit2;Ifit3,"Author-selected, post hoc, exploratory","normalize_total target_sum=10000, then log1p",Retain first Ensembl feature per gene symbol,27933,Full symbol-deduplicated matrix,42,50,25,FALSE,TRUE,249,15;16;17;19;20,38af968fe25becbf6dd7fa95d05fb508819a9a51ac90f1cd0c3a5d35fedb6a1f,1.11.5,183,Sgsm2,19994,16,0.0450182883552838,Scanpy 1.11.5; seed=42; ctrl_size=50; n_bins=25; use_raw=False; ctrl_as_ref=True; full gene pool,selected component - matched-control component = Scanpy score,Algorithm-selected reference term; not a validated neutral biological background program,Algorithmic matched-control gene; not a validated neutral biological background
"Primary: 7,371 Scrublet-negative microglia",Animal/library,author_selected_isg7,Irf7;Ifitm3;Isg15;Mx1;Ifit1;Ifit2;Ifit3,"Author-selected, post hoc, exploratory","normalize_total target_sum=10000, then log1p",Retain first Ensembl feature per gene symbol,27933,Full symbol-deduplicated matrix,42,50,25,FALSE,TRUE,249,15;16;17;19;20,38af968fe25becbf6dd7fa95d05fb508819a9a51ac90f1cd0c3a5d35fedb6a1f,1.11.5,184,Sh2d1b1,1378,15,0.01565423928450865,Scanpy 1.11.5; seed=42; ctrl_size=50; n_bins=25; use_raw=False; ctrl_as_ref=True; full gene pool,selected component - matched-control component = Scanpy score,Algorithm-selected reference term; not a validated neutral biological background program,Algorithmic matched-control gene; not a validated neutral biological background
"Primary: 7,371 Scrublet-negative microglia",Animal/library,author_selected_isg7,Irf7;Ifitm3;Isg15;Mx1;Ifit1;Ifit2;Ifit3,"Author-selected, post hoc, exploratory","normalize_total target_sum=10000, then log1p",Retain first Ensembl feature per gene symbol,27933,Full symbol-deduplicated matrix,42,50,25,FALSE,TRUE,249,15;16;17;19;20,38af968fe25becbf6dd7fa95d05fb508819a9a51ac90f1cd0c3a5d35fedb6a1f,1.11.5,185,Sidt2,18089,20,0.2102341921677859,Scanpy 1.11.5; seed=42; ctrl_size=50; n_bins=25; use_raw=False; ctrl_as_ref=True; full gene pool,selected component - matched-control component = Scanpy score,Algorithm-selected reference term; not a validated neutral biological background program,Algorithmic matched-control gene; not a validated neutral biological background
"Primary: 7,371 Scrublet-negative microglia",Animal/library,author_selected_isg7,Irf7;Ifitm3;Isg15;Mx1;Ifit1;Ifit2;Ifit3,"Author-selected, post hoc, exploratory","normalize_total target_sum=10000, then log1p",Retain first Ensembl feature per gene symbol,27933,Full symbol-deduplicated matrix,42,50,25,FALSE,TRUE,249,15;16;17;19;20,38af968fe25becbf6dd7fa95d05fb508819a9a51ac90f1cd0c3a5d35fedb6a1f,1.11.5,186,Slamf1,1426,17,0.05759175411478471,Scanpy 1.11.5; seed=42; ctrl_size=50; n_bins=25; use_raw=False; ctrl_as_ref=True; full gene pool,selected component - matched-control component = Scanpy score,Algorithm-selected reference term; not a validated neutral biological background program,Algorithmic matched-control gene; not a validated neutral biological background
"Primary: 7,371 Scrublet-negative microglia",Animal/library,author_selected_isg7,Irf7;Ifitm3;Isg15;Mx1;Ifit1;Ifit2;Ifit3,"Author-selected, post hoc, exploratory","normalize_total target_sum=10000, then log1p",Retain first Ensembl feature per gene symbol,27933,Full symbol-deduplicated matrix,42,50,25,FALSE,TRUE,249,15;16;17;19;20,38af968fe25becbf6dd7fa95d05fb508819a9a51ac90f1cd0c3a5d35fedb6a1f,1.11.5,187,Slc22a21,19522,15,0.013492785546822,Scanpy 1.11.5; seed=42; ctrl_size=50; n_bins=25; use_raw=False; ctrl_as_ref=True; full gene pool,selected component - matched-control component = Scanpy score,Algorithm-selected reference term; not a validated neutral biological background program,Algorithmic matched-control gene; not a validated neutral biological background
"Primary: 7,371 Scrublet-negative microglia",Animal/library,author_selected_isg7,Irf7;Ifitm3;Isg15;Mx1;Ifit1;Ifit2;Ifit3,"Author-selected, post hoc, exploratory","normalize_total target_sum=10000, then log1p",Retain first Ensembl feature per gene symbol,27933,Full symbol-deduplicated matrix,42,50,25,FALSE,TRUE,249,15;16;17;19;20,38af968fe25becbf6dd7fa95d05fb508819a9a51ac90f1cd0c3a5d35fedb6a1f,1.11.5,188,Slc25a16,14476,17,0.05358931847172407,Scanpy 1.11.5; seed=42; ctrl_size=50; n_bins=25; use_raw=False; ctrl_as_ref=True; full gene pool,selected component - matched-control component = Scanpy score,Algorithm-selected reference term; not a validated neutral biological background program,Algorithmic matched-control gene; not a validated neutral biological background
"Primary: 7,371 Scrublet-negative microglia",Animal/library,author_selected_isg7,Irf7;Ifitm3;Isg15;Mx1;Ifit1;Ifit2;Ifit3,"Author-selected, post hoc, exploratory","normalize_total target_sum=10000, then log1p",Retain first Ensembl feature per gene symbol,27933,Full symbol-deduplicated matrix,42,50,25,FALSE,TRUE,249,15;16;17;19;20,38af968fe25becbf6dd7fa95d05fb508819a9a51ac90f1cd0c3a5d35fedb6a1f,1.11.5,189,Slc2a12,14203,17,0.07356198654619879,Scanpy 1.11.5; seed=42; ctrl_size=50; n_bins=25; use_raw=False; ctrl_as_ref=True; full gene pool,selected component - matched-control component = Scanpy score,Algorithm-selected reference term; not a validated neutral biological background program,Algorithmic matched-control gene; not a validated neutral biological background
"Primary: 7,371 Scrublet-negative microglia",Animal/library,author_selected_isg7,Irf7;Ifitm3;Isg15;Mx1;Ifit1;Ifit2;Ifit3,"Author-selected, post hoc, exploratory","normalize_total target_sum=10000, then log1p",Retain first Ensembl feature per gene symbol,27933,Full symbol-deduplicated matrix,42,50,25,FALSE,TRUE,249,15;16;17;19;20,38af968fe25becbf6dd7fa95d05fb508819a9a51ac90f1cd0c3a5d35fedb6a1f,1.11.5,190,Smim8,6735,19,0.11661893984078228,Scanpy 1.11.5; seed=42; ctrl_size=50; n_bins=25; use_raw=False; ctrl_as_ref=True; full gene pool,selected component - matched-control component = Scanpy score,Algorithm-selected reference term; not a validated neutral biological background program,Algorithmic matched-control gene; not a validated neutral biological background
"Primary: 7,371 Scrublet-negative microglia",Animal/library,author_selected_isg7,Irf7;Ifitm3;Isg15;Mx1;Ifit1;Ifit2;Ifit3,"Author-selected, post hoc, exploratory","normalize_total target_sum=10000, then log1p",Retain first Ensembl feature per gene symbol,27933,Full symbol-deduplicated matrix,42,50,25,FALSE,TRUE,249,15;16;17;19;20,38af968fe25becbf6dd7fa95d05fb508819a9a51ac90f1cd0c3a5d35fedb6a1f,1.11.5,191,Sorl1,18008,19,0.120586340923255,Scanpy 1.11.5; seed=42; ctrl_size=50; n_bins=25; use_raw=False; ctrl_as_ref=True; full gene pool,selected component - matched-control component = Scanpy score,Algorithm-selected reference term; not a validated neutral biological background program,Algorithmic matched-control gene; not a validated neutral biological background
"Primary: 7,371 Scrublet-negative microglia",Animal/library,author_selected_isg7,Irf7;Ifitm3;Isg15;Mx1;Ifit1;Ifit2;Ifit3,"Author-selected, post hoc, exploratory","normalize_total target_sum=10000, then log1p",Retain first Ensembl feature per gene symbol,27933,Full symbol-deduplicated matrix,42,50,25,FALSE,TRUE,249,15;16;17;19;20,38af968fe25becbf6dd7fa95d05fb508819a9a51ac90f1cd0c3a5d35fedb6a1f,1.11.5,192,Sp100,642,19,0.11158855325928892,Scanpy 1.11.5; seed=42; ctrl_size=50; n_bins=25; use_raw=False; ctrl_as_ref=True; full gene pool,selected component - matched-control component = Scanpy score,Algorithm-selected reference term; not a validated neutral biological background program,Algorithmic matched-control gene; not a validated neutral biological background
"Primary: 7,371 Scrublet-negative microglia",Animal/library,author_selected_isg7,Irf7;Ifitm3;Isg15;Mx1;Ifit1;Ifit2;Ifit3,"Author-selected, post hoc, exploratory","normalize_total target_sum=10000, then log1p",Retain first Ensembl feature per gene symbol,27933,Full symbol-deduplicated matrix,42,50,25,FALSE,TRUE,249,15;16;17;19;20,38af968fe25becbf6dd7fa95d05fb508819a9a51ac90f1cd0c3a5d35fedb6a1f,1.11.5,193,Spen,7983,20,0.18690564625623216,Scanpy 1.11.5; seed=42; ctrl_size=50; n_bins=25; use_raw=False; ctrl_as_ref=True; full gene pool,selected component - matched-control component = Scanpy score,Algorithm-selected reference term; not a validated neutral biological background program,Algorithmic matched-control gene; not a validated neutral biological background
"Primary: 7,371 Scrublet-negative microglia",Animal/library,author_selected_isg7,Irf7;Ifitm3;Isg15;Mx1;Ifit1;Ifit2;Ifit3,"Author-selected, post hoc, exploratory","normalize_total target_sum=10000, then log1p",Retain first Ensembl feature per gene symbol,27933,Full symbol-deduplicated matrix,42,50,25,FALSE,TRUE,249,15;16;17;19;20,38af968fe25becbf6dd7fa95d05fb508819a9a51ac90f1cd0c3a5d35fedb6a1f,1.11.5,194,Sptbn1,19261,16,0.0439196141405614,Scanpy 1.11.5; seed=42; ctrl_size=50; n_bins=25; use_raw=False; ctrl_as_ref=True; full gene pool,selected component - matched-control component = Scanpy score,Algorithm-selected reference term; not a validated neutral biological background program,Algorithmic matched-control gene; not a validated neutral biological background
"Primary: 7,371 Scrublet-negative microglia",Animal/library,author_selected_isg7,Irf7;Ifitm3;Isg15;Mx1;Ifit1;Ifit2;Ifit3,"Author-selected, post hoc, exploratory","normalize_total target_sum=10000, then log1p",Retain first Ensembl feature per gene symbol,27933,Full symbol-deduplicated matrix,42,50,25,FALSE,TRUE,249,15;16;17;19;20,38af968fe25becbf6dd7fa95d05fb508819a9a51ac90f1cd0c3a5d35fedb6a1f,1.11.5,195,Srbd1,25686,17,0.06674534662205561,Scanpy 1.11.5; seed=42; ctrl_size=50; n_bins=25; use_raw=False; ctrl_as_ref=True; full gene pool,selected component - matched-control component = Scanpy score,Algorithm-selected reference term; not a validated neutral biological background program,Algorithmic matched-control gene; not a validated neutral biological background
"Primary: 7,371 Scrublet-negative microglia",Animal/library,author_selected_isg7,Irf7;Ifitm3;Isg15;Mx1;Ifit1;Ifit2;Ifit3,"Author-selected, post hoc, exploratory","normalize_total target_sum=10000, then log1p",Retain first Ensembl feature per gene symbol,27933,Full symbol-deduplicated matrix,42,50,25,FALSE,TRUE,249,15;16;17;19;20,38af968fe25becbf6dd7fa95d05fb508819a9a51ac90f1cd0c3a5d35fedb6a1f,1.11.5,196,St3gal1,23141,15,0.01922068364939458,Scanpy 1.11.5; seed=42; ctrl_size=50; n_bins=25; use_raw=False; ctrl_as_ref=True; full gene pool,selected component - matched-control component = Scanpy score,Algorithm-selected reference term; not a validated neutral biological background program,Algorithmic matched-control gene; not a validated neutral biological background
"Primary: 7,371 Scrublet-negative microglia",Animal/library,author_selected_isg7,Irf7;Ifitm3;Isg15;Mx1;Ifit1;Ifit2;Ifit3,"Author-selected, post hoc, exploratory","normalize_total target_sum=10000, then log1p",Retain first Ensembl feature per gene symbol,27933,Full symbol-deduplicated matrix,42,50,25,FALSE,TRUE,249,15;16;17;19;20,38af968fe25becbf6dd7fa95d05fb508819a9a51ac90f1cd0c3a5d35fedb6a1f,1.11.5,197,Sufu,27737,17,0.07252283216638686,Scanpy 1.11.5; seed=42; ctrl_size=50; n_bins=25; use_raw=False; ctrl_as_ref=True; full gene pool,selected component - matched-control component = Scanpy score,Algorithm-selected reference term; not a validated neutral biological background program,Algorithmic matched-control gene; not a validated neutral biological background
"Primary: 7,371 Scrublet-negative microglia",Animal/library,author_selected_isg7,Irf7;Ifitm3;Isg15;Mx1;Ifit1;Ifit2;Ifit3,"Author-selected, post hoc, exploratory","normalize_total target_sum=10000, then log1p",Retain first Ensembl feature per gene symbol,27933,Full symbol-deduplicated matrix,42,50,25,FALSE,TRUE,249,15;16;17;19;20,38af968fe25becbf6dd7fa95d05fb508819a9a51ac90f1cd0c3a5d35fedb6a1f,1.11.5,198,Tango6,16270,15,0.01794930627429813,Scanpy 1.11.5; seed=42; ctrl_size=50; n_bins=25; use_raw=False; ctrl_as_ref=True; full gene pool,selected component - matched-control component = Scanpy score,Algorithm-selected reference term; not a validated neutral biological background program,Algorithmic matched-control gene; not a validated neutral biological background
"Primary: 7,371 Scrublet-negative microglia",Animal/library,author_selected_isg7,Irf7;Ifitm3;Isg15;Mx1;Ifit1;Ifit2;Ifit3,"Author-selected, post hoc, exploratory","normalize_total target_sum=10000, then log1p",Retain first Ensembl feature per gene symbol,27933,Full symbol-deduplicated matrix,42,50,25,FALSE,TRUE,249,15;16;17;19;20,38af968fe25becbf6dd7fa95d05fb508819a9a51ac90f1cd0c3a5d35fedb6a1f,1.11.5,199,Tapbpl,11283,20,0.21594340958761532,Scanpy 1.11.5; seed=42; ctrl_size=50; n_bins=25; use_raw=False; ctrl_as_ref=True; full gene pool,selected component - matched-control component = Scanpy score,Algorithm-selected reference term; not a validated neutral biological background program,Algorithmic matched-control gene; not a validated neutral biological background
"Primary: 7,371 Scrublet-negative microglia",Animal/library,author_selected_isg7,Irf7;Ifitm3;Isg15;Mx1;Ifit1;Ifit2;Ifit3,"Author-selected, post hoc, exploratory","normalize_total target_sum=10000, then log1p",Retain first Ensembl feature per gene symbol,27933,Full symbol-deduplicated matrix,42,50,25,FALSE,TRUE,249,15;16;17;19;20,38af968fe25becbf6dd7fa95d05fb508819a9a51ac90f1cd0c3a5d35fedb6a1f,1.11.5,200,Tbx6,13714,15,0.01664637316035021,Scanpy 1.11.5; seed=42; ctrl_size=50; n_bins=25; use_raw=False; ctrl_as_ref=True; full gene pool,selected component - matched-control component = Scanpy score,Algorithm-selected reference term; not a validated neutral biological background program,Algorithmic matched-control gene; not a validated neutral biological background
"Primary: 7,371 Scrublet-negative microglia",Animal/library,author_selected_isg7,Irf7;Ifitm3;Isg15;Mx1;Ifit1;Ifit2;Ifit3,"Author-selected, post hoc, exploratory","normalize_total target_sum=10000, then log1p",Retain first Ensembl feature per gene symbol,27933,Full symbol-deduplicated matrix,42,50,25,FALSE,TRUE,249,15;16;17;19;20,38af968fe25becbf6dd7fa95d05fb508819a9a51ac90f1cd0c3a5d35fedb6a1f,1.11.5,201,Tex30,278,19,0.1419595592365775,Scanpy 1.11.5; seed=42; ctrl_size=50; n_bins=25; use_raw=False; ctrl_as_ref=True; full gene pool,selected component - matched-control component = Scanpy score,Algorithm-selected reference term; not a validated neutral biological background program,Algorithmic matched-control gene; not a validated neutral biological background
"Primary: 7,371 Scrublet-negative microglia",Animal/library,author_selected_isg7,Irf7;Ifitm3;Isg15;Mx1;Ifit1;Ifit2;Ifit3,"Author-selected, post hoc, exploratory","normalize_total target_sum=10000, then log1p",Retain first Ensembl feature per gene symbol,27933,Full symbol-deduplicated matrix,42,50,25,FALSE,TRUE,249,15;16;17;19;20,38af968fe25becbf6dd7fa95d05fb508819a9a51ac90f1cd0c3a5d35fedb6a1f,1.11.5,202,Tfb2m,1535,16,0.04389117081377823,Scanpy 1.11.5; seed=42; ctrl_size=50; n_bins=25; use_raw=False; ctrl_as_ref=True; full gene pool,selected component - matched-control component = Scanpy score,Algorithm-selected reference term; not a validated neutral biological background program,Algorithmic matched-control gene; not a validated neutral biological background
"Primary: 7,371 Scrublet-negative microglia",Animal/library,author_selected_isg7,Irf7;Ifitm3;Isg15;Mx1;Ifit1;Ifit2;Ifit3,"Author-selected, post hoc, exploratory","normalize_total target_sum=10000, then log1p",Retain first Ensembl feature per gene symbol,27933,Full symbol-deduplicated matrix,42,50,25,FALSE,TRUE,249,15;16;17;19;20,38af968fe25becbf6dd7fa95d05fb508819a9a51ac90f1cd0c3a5d35fedb6a1f,1.11.5,203,Tfrc,24090,17,0.06763609887592635,Scanpy 1.11.5; seed=42; ctrl_size=50; n_bins=25; use_raw=False; ctrl_as_ref=True; full gene pool,selected component - matched-control component = Scanpy score,Algorithm-selected reference term; not a validated neutral biological background program,Algorithmic matched-control gene; not a validated neutral biological background
"Primary: 7,371 Scrublet-negative microglia",Animal/library,author_selected_isg7,Irf7;Ifitm3;Isg15;Mx1;Ifit1;Ifit2;Ifit3,"Author-selected, post hoc, exploratory","normalize_total target_sum=10000, then log1p",Retain first Ensembl feature per gene symbol,27933,Full symbol-deduplicated matrix,42,50,25,FALSE,TRUE,249,15;16;17;19;20,38af968fe25becbf6dd7fa95d05fb508819a9a51ac90f1cd0c3a5d35fedb6a1f,1.11.5,204,Timm9,22396,19,0.11404109670711234,Scanpy 1.11.5; seed=42; ctrl_size=50; n_bins=25; use_raw=False; ctrl_as_ref=True; full gene pool,selected component - matched-control component = Scanpy score,Algorithm-selected reference term; not a validated neutral biological background program,Algorithmic matched-control gene; not a validated neutral biological background
"Primary: 7,371 Scrublet-negative microglia",Animal/library,author_selected_isg7,Irf7;Ifitm3;Isg15;Mx1;Ifit1;Ifit2;Ifit3,"Author-selected, post hoc, exploratory","normalize_total target_sum=10000, then log1p",Retain first Ensembl feature per gene symbol,27933,Full symbol-deduplicated matrix,42,50,25,FALSE,TRUE,249,15;16;17;19;20,38af968fe25becbf6dd7fa95d05fb508819a9a51ac90f1cd0c3a5d35fedb6a1f,1.11.5,205,Tk2,16176,20,0.2151428396545584,Scanpy 1.11.5; seed=42; ctrl_size=50; n_bins=25; use_raw=False; ctrl_as_ref=True; full gene pool,selected component - matched-control component = Scanpy score,Algorithm-selected reference term; not a validated neutral biological background program,Algorithmic matched-control gene; not a validated neutral biological background
"Primary: 7,371 Scrublet-negative microglia",Animal/library,author_selected_isg7,Irf7;Ifitm3;Isg15;Mx1;Ifit1;Ifit2;Ifit3,"Author-selected, post hoc, exploratory","normalize_total target_sum=10000, then log1p",Retain first Ensembl feature per gene symbol,27933,Full symbol-deduplicated matrix,42,50,25,FALSE,TRUE,249,15;16;17;19;20,38af968fe25becbf6dd7fa95d05fb508819a9a51ac90f1cd0c3a5d35fedb6a1f,1.11.5,206,Tmem140,10302,20,0.16321905392543412,Scanpy 1.11.5; seed=42; ctrl_size=50; n_bins=25; use_raw=False; ctrl_as_ref=True; full gene pool,selected component - matched-control component = Scanpy score,Algorithm-selected reference term; not a validated neutral biological background program,Algorithmic matched-control gene; not a validated neutral biological background
"Primary: 7,371 Scrublet-negative microglia",Animal/library,author_selected_isg7,Irf7;Ifitm3;Isg15;Mx1;Ifit1;Ifit2;Ifit3,"Author-selected, post hoc, exploratory","normalize_total target_sum=10000, then log1p",Retain first Ensembl feature per gene symbol,27933,Full symbol-deduplicated matrix,42,50,25,FALSE,TRUE,249,15;16;17;19;20,38af968fe25becbf6dd7fa95d05fb508819a9a51ac90f1cd0c3a5d35fedb6a1f,1.11.5,207,Tmem177,899,16,0.03034978940842385,Scanpy 1.11.5; seed=42; ctrl_size=50; n_bins=25; use_raw=False; ctrl_as_ref=True; full gene pool,selected component - matched-control component = Scanpy score,Algorithm-selected reference term; not a validated neutral biological background program,Algorithmic matched-control gene; not a validated neutral biological background
"Primary: 7,371 Scrublet-negative microglia",Animal/library,author_selected_isg7,Irf7;Ifitm3;Isg15;Mx1;Ifit1;Ifit2;Ifit3,"Author-selected, post hoc, exploratory","normalize_total target_sum=10000, then log1p",Retain first Ensembl feature per gene symbol,27933,Full symbol-deduplicated matrix,42,50,25,FALSE,TRUE,249,15;16;17;19;20,38af968fe25becbf6dd7fa95d05fb508819a9a51ac90f1cd0c3a5d35fedb6a1f,1.11.5,208,Tmem199,20092,20,0.16091757062622947,Scanpy 1.11.5; seed=42; ctrl_size=50; n_bins=25; use_raw=False; ctrl_as_ref=True; full gene pool,selected component - matched-control component = Scanpy score,Algorithm-selected reference term; not a validated neutral biological background program,Algorithmic matched-control gene; not a validated neutral biological background
"Primary: 7,371 Scrublet-negative microglia",Animal/library,author_selected_isg7,Irf7;Ifitm3;Isg15;Mx1;Ifit1;Ifit2;Ifit3,"Author-selected, post hoc, exploratory","normalize_total target_sum=10000, then log1p",Retain first Ensembl feature per gene symbol,27933,Full symbol-deduplicated matrix,42,50,25,FALSE,TRUE,249,15;16;17;19;20,38af968fe25becbf6dd7fa95d05fb508819a9a51ac90f1cd0c3a5d35fedb6a1f,1.11.5,209,Tmem67,6639,15,0.01846772213186601,Scanpy 1.11.5; seed=42; ctrl_size=50; n_bins=25; use_raw=False; ctrl_as_ref=True; full gene pool,selected component - matched-control component = Scanpy score,Algorithm-selected reference term; not a validated neutral biological background program,Algorithmic matched-control gene; not a validated neutral biological background
"Primary: 7,371 Scrublet-negative microglia",Animal/library,author_selected_isg7,Irf7;Ifitm3;Isg15;Mx1;Ifit1;Ifit2;Ifit3,"Author-selected, post hoc, exploratory","normalize_total target_sum=10000, then log1p",Retain first Ensembl feature per gene symbol,27933,Full symbol-deduplicated matrix,42,50,25,FALSE,TRUE,249,15;16;17;19;20,38af968fe25becbf6dd7fa95d05fb508819a9a51ac90f1cd0c3a5d35fedb6a1f,1.11.5,210,Tnip1,19541,17,0.07038711508519452,Scanpy 1.11.5; seed=42; ctrl_size=50; n_bins=25; use_raw=False; ctrl_as_ref=True; full gene pool,selected component - matched-control component = Scanpy score,Algorithm-selected reference term; not a validated neutral biological background program,Algorithmic matched-control gene; not a validated neutral biological background
"Primary: 7,371 Scrublet-negative microglia",Animal/library,author_selected_isg7,Irf7;Ifitm3;Isg15;Mx1;Ifit1;Ifit2;Ifit3,"Author-selected, post hoc, exploratory","normalize_total target_sum=10000, then log1p",Retain first Ensembl feature per gene symbol,27933,Full symbol-deduplicated matrix,42,50,25,FALSE,TRUE,249,15;16;17;19;20,38af968fe25becbf6dd7fa95d05fb508819a9a51ac90f1cd0c3a5d35fedb6a1f,1.11.5,211,Tomm40l,1398,17,0.06554664049781238,Scanpy 1.11.5; seed=42; ctrl_size=50; n_bins=25; use_raw=False; ctrl_as_ref=True; full gene pool,selected component - matched-control component = Scanpy score,Algorithm-selected reference term; not a validated neutral biological background program,Algorithmic matched-control gene; not a validated neutral biological background
"Primary: 7,371 Scrublet-negative microglia",Animal/library,author_selected_isg7,Irf7;Ifitm3;Isg15;Mx1;Ifit1;Ifit2;Ifit3,"Author-selected, post hoc, exploratory","normalize_total target_sum=10000, then log1p",Retain first Ensembl feature per gene symbol,27933,Full symbol-deduplicated matrix,42,50,25,FALSE,TRUE,249,15;16;17;19;20,38af968fe25becbf6dd7fa95d05fb508819a9a51ac90f1cd0c3a5d35fedb6a1f,1.11.5,212,Tpcn1,9495,20,0.2232179622316341,Scanpy 1.11.5; seed=42; ctrl_size=50; n_bins=25; use_raw=False; ctrl_as_ref=True; full gene pool,selected component - matched-control component = Scanpy score,Algorithm-selected reference term; not a validated neutral biological background program,Algorithmic matched-control gene; not a validated neutral biological background
"Primary: 7,371 Scrublet-negative microglia",Animal/library,author_selected_isg7,Irf7;Ifitm3;Isg15;Mx1;Ifit1;Ifit2;Ifit3,"Author-selected, post hoc, exploratory","normalize_total target_sum=10000, then log1p",Retain first Ensembl feature per gene symbol,27933,Full symbol-deduplicated matrix,42,50,25,FALSE,TRUE,249,15;16;17;19;20,38af968fe25becbf6dd7fa95d05fb508819a9a51ac90f1cd0c3a5d35fedb6a1f,1.11.5,213,Trappc5,15279,20,0.16338517620255902,Scanpy 1.11.5; seed=42; ctrl_size=50; n_bins=25; use_raw=False; ctrl_as_ref=True; full gene pool,selected component - matched-control component = Scanpy score,Algorithm-selected reference term; not a validated neutral biological background program,Algorithmic matched-control gene; not a validated neutral biological background
"Primary: 7,371 Scrublet-negative microglia",Animal/library,author_selected_isg7,Irf7;Ifitm3;Isg15;Mx1;Ifit1;Ifit2;Ifit3,"Author-selected, post hoc, exploratory","normalize_total target_sum=10000, then log1p",Retain first Ensembl feature per gene symbol,27933,Full symbol-deduplicated matrix,42,50,25,FALSE,TRUE,249,15;16;17;19;20,38af968fe25becbf6dd7fa95d05fb508819a9a51ac90f1cd0c3a5d35fedb6a1f,1.11.5,214,Triap1,9414,20,0.19706109802138447,Scanpy 1.11.5; seed=42; ctrl_size=50; n_bins=25; use_raw=False; ctrl_as_ref=True; full gene pool,selected component - matched-control component = Scanpy score,Algorithm-selected reference term; not a validated neutral biological background program,Algorithmic matched-control gene; not a validated neutral biological background
"Primary: 7,371 Scrublet-negative microglia",Animal/library,author_selected_isg7,Irf7;Ifitm3;Isg15;Mx1;Ifit1;Ifit2;Ifit3,"Author-selected, post hoc, exploratory","normalize_total target_sum=10000, then log1p",Retain first Ensembl feature per gene symbol,27933,Full symbol-deduplicated matrix,42,50,25,FALSE,TRUE,249,15;16;17;19;20,38af968fe25becbf6dd7fa95d05fb508819a9a51ac90f1cd0c3a5d35fedb6a1f,1.11.5,215,Trim32,7083,17,0.05585889307813136,Scanpy 1.11.5; seed=42; ctrl_size=50; n_bins=25; use_raw=False; ctrl_as_ref=True; full gene pool,selected component - matched-control component = Scanpy score,Algorithm-selected reference term; not a validated neutral biological background program,Algorithmic matched-control gene; not a validated neutral biological background
"Primary: 7,371 Scrublet-negative microglia",Animal/library,author_selected_isg7,Irf7;Ifitm3;Isg15;Mx1;Ifit1;Ifit2;Ifit3,"Author-selected, post hoc, exploratory","normalize_total target_sum=10000, then log1p",Retain first Ensembl feature per gene symbol,27933,Full symbol-deduplicated matrix,42,50,25,FALSE,TRUE,249,15;16;17;19;20,38af968fe25becbf6dd7fa95d05fb508819a9a51ac90f1cd0c3a5d35fedb6a1f,1.11.5,216,Tsr2,5009,17,0.053569445404976,Scanpy 1.11.5; seed=42; ctrl_size=50; n_bins=25; use_raw=False; ctrl_as_ref=True; full gene pool,selected component - matched-control component = Scanpy score,Algorithm-selected reference term; not a validated neutral biological background program,Algorithmic matched-control gene; not a validated neutral biological background
"Primary: 7,371 Scrublet-negative microglia",Animal/library,author_selected_isg7,Irf7;Ifitm3;Isg15;Mx1;Ifit1;Ifit2;Ifit3,"Author-selected, post hoc, exploratory","normalize_total target_sum=10000, then log1p",Retain first Ensembl feature per gene symbol,27933,Full symbol-deduplicated matrix,42,50,25,FALSE,TRUE,249,15;16;17;19;20,38af968fe25becbf6dd7fa95d05fb508819a9a51ac90f1cd0c3a5d35fedb6a1f,1.11.5,217,Ttc19,19701,20,0.17509150553584146,Scanpy 1.11.5; seed=42; ctrl_size=50; n_bins=25; use_raw=False; ctrl_as_ref=True; full gene pool,selected component - matched-control component = Scanpy score,Algorithm-selected reference term; not a validated neutral biological background program,Algorithmic matched-control gene; not a validated neutral biological background
"Primary: 7,371 Scrublet-negative microglia",Animal/library,author_selected_isg7,Irf7;Ifitm3;Isg15;Mx1;Ifit1;Ifit2;Ifit3,"Author-selected, post hoc, exploratory","normalize_total target_sum=10000, then log1p",Retain first Ensembl feature per gene symbol,27933,Full symbol-deduplicated matrix,42,50,25,FALSE,TRUE,249,15;16;17;19;20,38af968fe25becbf6dd7fa95d05fb508819a9a51ac90f1cd0c3a5d35fedb6a1f,1.11.5,218,Ttc38,23456,17,0.05116614162024318,Scanpy 1.11.5; seed=42; ctrl_size=50; n_bins=25; use_raw=False; ctrl_as_ref=True; full gene pool,selected component - matched-control component = Scanpy score,Algorithm-selected reference term; not a validated neutral biological background program,Algorithmic matched-control gene; not a validated neutral biological background
"Primary: 7,371 Scrublet-negative microglia",Animal/library,author_selected_isg7,Irf7;Ifitm3;Isg15;Mx1;Ifit1;Ifit2;Ifit3,"Author-selected, post hoc, exploratory","normalize_total target_sum=10000, then log1p",Retain first Ensembl feature per gene symbol,27933,Full symbol-deduplicated matrix,42,50,25,FALSE,TRUE,249,15;16;17;19;20,38af968fe25becbf6dd7fa95d05fb508819a9a51ac90f1cd0c3a5d35fedb6a1f,1.11.5,219,Ttyh2,20815,16,0.04175807863348553,Scanpy 1.11.5; seed=42; ctrl_size=50; n_bins=25; use_raw=False; ctrl_as_ref=True; full gene pool,selected component - matched-control component = Scanpy score,Algorithm-selected reference term; not a validated neutral biological background program,Algorithmic matched-control gene; not a validated neutral biological background
"Primary: 7,371 Scrublet-negative microglia",Animal/library,author_selected_isg7,Irf7;Ifitm3;Isg15;Mx1;Ifit1;Ifit2;Ifit3,"Author-selected, post hoc, exploratory","normalize_total target_sum=10000, then log1p",Retain first Ensembl feature per gene symbol,27933,Full symbol-deduplicated matrix,42,50,25,FALSE,TRUE,249,15;16;17;19;20,38af968fe25becbf6dd7fa95d05fb508819a9a51ac90f1cd0c3a5d35fedb6a1f,1.11.5,220,Tusc2,18759,19,0.12799536798560235,Scanpy 1.11.5; seed=42; ctrl_size=50; n_bins=25; use_raw=False; ctrl_as_ref=True; full gene pool,selected component - matched-control component = Scanpy score,Algorithm-selected reference term; not a validated neutral biological background program,Algorithmic matched-control gene; not a validated neutral biological background
"Primary: 7,371 Scrublet-negative microglia",Animal/library,author_selected_isg7,Irf7;Ifitm3;Isg15;Mx1;Ifit1;Ifit2;Ifit3,"Author-selected, post hoc, exploratory","normalize_total target_sum=10000, then log1p",Retain first Ensembl feature per gene symbol,27933,Full symbol-deduplicated matrix,42,50,25,FALSE,TRUE,249,15;16;17;19;20,38af968fe25becbf6dd7fa95d05fb508819a9a51ac90f1cd0c3a5d35fedb6a1f,1.11.5,221,Tyw3,6550,16,0.02681348275627247,Scanpy 1.11.5; seed=42; ctrl_size=50; n_bins=25; use_raw=False; ctrl_as_ref=True; full gene pool,selected component - matched-control component = Scanpy score,Algorithm-selected reference term; not a validated neutral biological background program,Algorithmic matched-control gene; not a validated neutral biological background
"Primary: 7,371 Scrublet-negative microglia",Animal/library,author_selected_isg7,Irf7;Ifitm3;Isg15;Mx1;Ifit1;Ifit2;Ifit3,"Author-selected, post hoc, exploratory","normalize_total target_sum=10000, then log1p",Retain first Ensembl feature per gene symbol,27933,Full symbol-deduplicated matrix,42,50,25,FALSE,TRUE,249,15;16;17;19;20,38af968fe25becbf6dd7fa95d05fb508819a9a51ac90f1cd0c3a5d35fedb6a1f,1.11.5,222,Ube2v1,3834,16,0.03438206984349562,Scanpy 1.11.5; seed=42; ctrl_size=50; n_bins=25; use_raw=False; ctrl_as_ref=True; full gene pool,selected component - matched-control component = Scanpy score,Algorithm-selected reference term; not a validated neutral biological background program,Algorithmic matched-control gene; not a validated neutral biological background
"Primary: 7,371 Scrublet-negative microglia",Animal/library,author_selected_isg7,Irf7;Ifitm3;Isg15;Mx1;Ifit1;Ifit2;Ifit3,"Author-selected, post hoc, exploratory","normalize_total target_sum=10000, then log1p",Retain first Ensembl feature per gene symbol,27933,Full symbol-deduplicated matrix,42,50,25,FALSE,TRUE,249,15;16;17;19;20,38af968fe25becbf6dd7fa95d05fb508819a9a51ac90f1cd0c3a5d35fedb6a1f,1.11.5,223,Ubox5,3289,15,0.01436064133665452,Scanpy 1.11.5; seed=42; ctrl_size=50; n_bins=25; use_raw=False; ctrl_as_ref=True; full gene pool,selected component - matched-control component = Scanpy score,Algorithm-selected reference term; not a validated neutral biological background program,Algorithmic matched-control gene; not a validated neutral biological background
"Primary: 7,371 Scrublet-negative microglia",Animal/library,author_selected_isg7,Irf7;Ifitm3;Isg15;Mx1;Ifit1;Ifit2;Ifit3,"Author-selected, post hoc, exploratory","normalize_total target_sum=10000, then log1p",Retain first Ensembl feature per gene symbol,27933,Full symbol-deduplicated matrix,42,50,25,FALSE,TRUE,249,15;16;17;19;20,38af968fe25becbf6dd7fa95d05fb508819a9a51ac90f1cd0c3a5d35fedb6a1f,1.11.5,224,Ubqln2,5032,20,0.20754670766877795,Scanpy 1.11.5; seed=42; ctrl_size=50; n_bins=25; use_raw=False; ctrl_as_ref=True; full gene pool,selected component - matched-control component = Scanpy score,Algorithm-selected reference term; not a validated neutral biological background program,Algorithmic matched-control gene; not a validated neutral biological background
"Primary: 7,371 Scrublet-negative microglia",Animal/library,author_selected_isg7,Irf7;Ifitm3;Isg15;Mx1;Ifit1;Ifit2;Ifit3,"Author-selected, post hoc, exploratory","normalize_total target_sum=10000, then log1p",Retain first Ensembl feature per gene symbol,27933,Full symbol-deduplicated matrix,42,50,25,FALSE,TRUE,249,15;16;17;19;20,38af968fe25becbf6dd7fa95d05fb508819a9a51ac90f1cd0c3a5d35fedb6a1f,1.11.5,225,Usp18,11190,16,0.036323569099448,Scanpy 1.11.5; seed=42; ctrl_size=50; n_bins=25; use_raw=False; ctrl_as_ref=True; full gene pool,selected component - matched-control component = Scanpy score,Algorithm-selected reference term; not a validated neutral biological background program,Algorithmic matched-control gene; not a validated neutral biological background
"Primary: 7,371 Scrublet-negative microglia",Animal/library,author_selected_isg7,Irf7;Ifitm3;Isg15;Mx1;Ifit1;Ifit2;Ifit3,"Author-selected, post hoc, exploratory","normalize_total target_sum=10000, then log1p",Retain first Ensembl feature per gene symbol,27933,Full symbol-deduplicated matrix,42,50,25,FALSE,TRUE,249,15;16;17;19;20,38af968fe25becbf6dd7fa95d05fb508819a9a51ac90f1cd0c3a5d35fedb6a1f,1.11.5,226,Usp4,18804,20,0.21752394770786695,Scanpy 1.11.5; seed=42; ctrl_size=50; n_bins=25; use_raw=False; ctrl_as_ref=True; full gene pool,selected component - matched-control component = Scanpy score,Algorithm-selected reference term; not a validated neutral biological background program,Algorithmic matched-control gene; not a validated neutral biological background
"Primary: 7,371 Scrublet-negative microglia",Animal/library,author_selected_isg7,Irf7;Ifitm3;Isg15;Mx1;Ifit1;Ifit2;Ifit3,"Author-selected, post hoc, exploratory","normalize_total target_sum=10000, then log1p",Retain first Ensembl feature per gene symbol,27933,Full symbol-deduplicated matrix,42,50,25,FALSE,TRUE,249,15;16;17;19;20,38af968fe25becbf6dd7fa95d05fb508819a9a51ac90f1cd0c3a5d35fedb6a1f,1.11.5,227,Vamp7,27879,19,0.1310432008674196,Scanpy 1.11.5; seed=42; ctrl_size=50; n_bins=25; use_raw=False; ctrl_as_ref=True; full gene pool,selected component - matched-control component = Scanpy score,Algorithm-selected reference term; not a validated neutral biological background program,Algorithmic matched-control gene; not a validated neutral biological background
"Primary: 7,371 Scrublet-negative microglia",Animal/library,author_selected_isg7,Irf7;Ifitm3;Isg15;Mx1;Ifit1;Ifit2;Ifit3,"Author-selected, post hoc, exploratory","normalize_total target_sum=10000, then log1p",Retain first Ensembl feature per gene symbol,27933,Full symbol-deduplicated matrix,42,50,25,FALSE,TRUE,249,15;16;17;19;20,38af968fe25becbf6dd7fa95d05fb508819a9a51ac90f1cd0c3a5d35fedb6a1f,1.11.5,228,Vegfa,25358,15,0.02007752955323756,Scanpy 1.11.5; seed=42; ctrl_size=50; n_bins=25; use_raw=False; ctrl_as_ref=True; full gene pool,selected component - matched-control component = Scanpy score,Algorithm-selected reference term; not a validated neutral biological background program,Algorithmic matched-control gene; not a validated neutral biological background
"Primary: 7,371 Scrublet-negative microglia",Animal/library,author_selected_isg7,Irf7;Ifitm3;Isg15;Mx1;Ifit1;Ifit2;Ifit3,"Author-selected, post hoc, exploratory","normalize_total target_sum=10000, then log1p",Retain first Ensembl feature per gene symbol,27933,Full symbol-deduplicated matrix,42,50,25,FALSE,TRUE,249,15;16;17;19;20,38af968fe25becbf6dd7fa95d05fb508819a9a51ac90f1cd0c3a5d35fedb6a1f,1.11.5,229,Vezt,14904,17,0.06383615736236178,Scanpy 1.11.5; seed=42; ctrl_size=50; n_bins=25; use_raw=False; ctrl_as_ref=True; full gene pool,selected component - matched-control component = Scanpy score,Algorithm-selected reference term; not a validated neutral biological background program,Algorithmic matched-control gene; not a validated neutral biological background
"Primary: 7,371 Scrublet-negative microglia",Animal/library,author_selected_isg7,Irf7;Ifitm3;Isg15;Mx1;Ifit1;Ifit2;Ifit3,"Author-selected, post hoc, exploratory","normalize_total target_sum=10000, then log1p",Retain first Ensembl feature per gene symbol,27933,Full symbol-deduplicated matrix,42,50,25,FALSE,TRUE,249,15;16;17;19;20,38af968fe25becbf6dd7fa95d05fb508819a9a51ac90f1cd0c3a5d35fedb6a1f,1.11.5,230,Vim,1813,17,0.05599685770380757,Scanpy 1.11.5; seed=42; ctrl_size=50; n_bins=25; use_raw=False; ctrl_as_ref=True; full gene pool,selected component - matched-control component = Scanpy score,Algorithm-selected reference term; not a validated neutral biological background program,Algorithmic matched-control gene; not a validated neutral biological background
"Primary: 7,371 Scrublet-negative microglia",Animal/library,author_selected_isg7,Irf7;Ifitm3;Isg15;Mx1;Ifit1;Ifit2;Ifit3,"Author-selected, post hoc, exploratory","normalize_total target_sum=10000, then log1p",Retain first Ensembl feature per gene symbol,27933,Full symbol-deduplicated matrix,42,50,25,FALSE,TRUE,249,15;16;17;19;20,38af968fe25becbf6dd7fa95d05fb508819a9a51ac90f1cd0c3a5d35fedb6a1f,1.11.5,231,Wdpcp,19196,15,0.02372430354506363,Scanpy 1.11.5; seed=42; ctrl_size=50; n_bins=25; use_raw=False; ctrl_as_ref=True; full gene pool,selected component - matched-control component = Scanpy score,Algorithm-selected reference term; not a validated neutral biological background program,Algorithmic matched-control gene; not a validated neutral biological background
"Primary: 7,371 Scrublet-negative microglia",Animal/library,author_selected_isg7,Irf7;Ifitm3;Isg15;Mx1;Ifit1;Ifit2;Ifit3,"Author-selected, post hoc, exploratory","normalize_total target_sum=10000, then log1p",Retain first Ensembl feature per gene symbol,27933,Full symbol-deduplicated matrix,42,50,25,FALSE,TRUE,249,15;16;17;19;20,38af968fe25becbf6dd7fa95d05fb508819a9a51ac90f1cd0c3a5d35fedb6a1f,1.11.5,232,Wdr19,8808,15,0.01174321250310019,Scanpy 1.11.5; seed=42; ctrl_size=50; n_bins=25; use_raw=False; ctrl_as_ref=True; full gene pool,selected component - matched-control component = Scanpy score,Algorithm-selected reference term; not a validated neutral biological background program,Algorithmic matched-control gene; not a validated neutral biological background
"Primary: 7,371 Scrublet-negative microglia",Animal/library,author_selected_isg7,Irf7;Ifitm3;Isg15;Mx1;Ifit1;Ifit2;Ifit3,"Author-selected, post hoc, exploratory","normalize_total target_sum=10000, then log1p",Retain first Ensembl feature per gene symbol,27933,Full symbol-deduplicated matrix,42,50,25,FALSE,TRUE,249,15;16;17;19;20,38af968fe25becbf6dd7fa95d05fb508819a9a51ac90f1cd0c3a5d35fedb6a1f,1.11.5,233,Wdr59,16334,15,0.01411213898752554,Scanpy 1.11.5; seed=42; ctrl_size=50; n_bins=25; use_raw=False; ctrl_as_ref=True; full gene pool,selected component - matched-control component = Scanpy score,Algorithm-selected reference term; not a validated neutral biological background program,Algorithmic matched-control gene; not a validated neutral biological background
"Primary: 7,371 Scrublet-negative microglia",Animal/library,author_selected_isg7,Irf7;Ifitm3;Isg15;Mx1;Ifit1;Ifit2;Ifit3,"Author-selected, post hoc, exploratory","normalize_total target_sum=10000, then log1p",Retain first Ensembl feature per gene symbol,27933,Full symbol-deduplicated matrix,42,50,25,FALSE,TRUE,249,15;16;17;19;20,38af968fe25becbf6dd7fa95d05fb508819a9a51ac90f1cd0c3a5d35fedb6a1f,1.11.5,234,Wfdc17,20186,17,0.0547604548560766,Scanpy 1.11.5; seed=42; ctrl_size=50; n_bins=25; use_raw=False; ctrl_as_ref=True; full gene pool,selected component - matched-control component = Scanpy score,Algorithm-selected reference term; not a validated neutral biological background program,Algorithmic matched-control gene; not a validated neutral biological background
"Primary: 7,371 Scrublet-negative microglia",Animal/library,author_selected_isg7,Irf7;Ifitm3;Isg15;Mx1;Ifit1;Ifit2;Ifit3,"Author-selected, post hoc, exploratory","normalize_total target_sum=10000, then log1p",Retain first Ensembl feature per gene symbol,27933,Full symbol-deduplicated matrix,42,50,25,FALSE,TRUE,249,15;16;17;19;20,38af968fe25becbf6dd7fa95d05fb508819a9a51ac90f1cd0c3a5d35fedb6a1f,1.11.5,235,Xpr1,1208,20,0.1946834677547568,Scanpy 1.11.5; seed=42; ctrl_size=50; n_bins=25; use_raw=False; ctrl_as_ref=True; full gene pool,selected component - matched-control component = Scanpy score,Algorithm-selected reference term; not a validated neutral biological background program,Algorithmic matched-control gene; not a validated neutral biological background
"Primary: 7,371 Scrublet-negative microglia",Animal/library,author_selected_isg7,Irf7;Ifitm3;Isg15;Mx1;Ifit1;Ifit2;Ifit3,"Author-selected, post hoc, exploratory","normalize_total target_sum=10000, then log1p",Retain first Ensembl feature per gene symbol,27933,Full symbol-deduplicated matrix,42,50,25,FALSE,TRUE,249,15;16;17;19;20,38af968fe25becbf6dd7fa95d05fb508819a9a51ac90f1cd0c3a5d35fedb6a1f,1.11.5,236,Xylt2,20321,16,0.04059227071515483,Scanpy 1.11.5; seed=42; ctrl_size=50; n_bins=25; use_raw=False; ctrl_as_ref=True; full gene pool,selected component - matched-control component = Scanpy score,Algorithm-selected reference term; not a validated neutral biological background program,Algorithmic matched-control gene; not a validated neutral biological background
"Primary: 7,371 Scrublet-negative microglia",Animal/library,author_selected_isg7,Irf7;Ifitm3;Isg15;Mx1;Ifit1;Ifit2;Ifit3,"Author-selected, post hoc, exploratory","normalize_total target_sum=10000, then log1p",Retain first Ensembl feature per gene symbol,27933,Full symbol-deduplicated matrix,42,50,25,FALSE,TRUE,249,15;16;17;19;20,38af968fe25becbf6dd7fa95d05fb508819a9a51ac90f1cd0c3a5d35fedb6a1f,1.11.5,237,Zbed4,23468,16,0.04075708054182989,Scanpy 1.11.5; seed=42; ctrl_size=50; n_bins=25; use_raw=False; ctrl_as_ref=True; full gene pool,selected component - matched-control component = Scanpy score,Algorithm-selected reference term; not a validated neutral biological background program,Algorithmic matched-control gene; not a validated neutral biological background
"Primary: 7,371 Scrublet-negative microglia",Animal/library,author_selected_isg7,Irf7;Ifitm3;Isg15;Mx1;Ifit1;Ifit2;Ifit3,"Author-selected, post hoc, exploratory","normalize_total target_sum=10000, then log1p",Retain first Ensembl feature per gene symbol,27933,Full symbol-deduplicated matrix,42,50,25,FALSE,TRUE,249,15;16;17;19;20,38af968fe25becbf6dd7fa95d05fb508819a9a51ac90f1cd0c3a5d35fedb6a1f,1.11.5,238,Zbed5,9679,15,0.01779841380468008,Scanpy 1.11.5; seed=42; ctrl_size=50; n_bins=25; use_raw=False; ctrl_as_ref=True; full gene pool,selected component - matched-control component = Scanpy score,Algorithm-selected reference term; not a validated neutral biological background program,Algorithmic matched-control gene; not a validated neutral biological background
"Primary: 7,371 Scrublet-negative microglia",Animal/library,author_selected_isg7,Irf7;Ifitm3;Isg15;Mx1;Ifit1;Ifit2;Ifit3,"Author-selected, post hoc, exploratory","normalize_total target_sum=10000, then log1p",Retain first Ensembl feature per gene symbol,27933,Full symbol-deduplicated matrix,42,50,25,FALSE,TRUE,249,15;16;17;19;20,38af968fe25becbf6dd7fa95d05fb508819a9a51ac90f1cd0c3a5d35fedb6a1f,1.11.5,239,Zc3h11a,1026,19,0.12772409234404675,Scanpy 1.11.5; seed=42; ctrl_size=50; n_bins=25; use_raw=False; ctrl_as_ref=True; full gene pool,selected component - matched-control component = Scanpy score,Algorithm-selected reference term; not a validated neutral biological background program,Algorithmic matched-control gene; not a validated neutral biological background
"Primary: 7,371 Scrublet-negative microglia",Animal/library,author_selected_isg7,Irf7;Ifitm3;Isg15;Mx1;Ifit1;Ifit2;Ifit3,"Author-selected, post hoc, exploratory","normalize_total target_sum=10000, then log1p",Retain first Ensembl feature per gene symbol,27933,Full symbol-deduplicated matrix,42,50,25,FALSE,TRUE,249,15;16;17;19;20,38af968fe25becbf6dd7fa95d05fb508819a9a51ac90f1cd0c3a5d35fedb6a1f,1.11.5,240,Zc3h12b,4675,15,0.01246170046015423,Scanpy 1.11.5; seed=42; ctrl_size=50; n_bins=25; use_raw=False; ctrl_as_ref=True; full gene pool,selected component - matched-control component = Scanpy score,Algorithm-selected reference term; not a validated neutral biological background program,Algorithmic matched-control gene; not a validated neutral biological background
"Primary: 7,371 Scrublet-negative microglia",Animal/library,author_selected_isg7,Irf7;Ifitm3;Isg15;Mx1;Ifit1;Ifit2;Ifit3,"Author-selected, post hoc, exploratory","normalize_total target_sum=10000, then log1p",Retain first Ensembl feature per gene symbol,27933,Full symbol-deduplicated matrix,42,50,25,FALSE,TRUE,249,15;16;17;19;20,38af968fe25becbf6dd7fa95d05fb508819a9a51ac90f1cd0c3a5d35fedb6a1f,1.11.5,241,Zc3h13,17436,20,0.22647742671342933,Scanpy 1.11.5; seed=42; ctrl_size=50; n_bins=25; use_raw=False; ctrl_as_ref=True; full gene pool,selected component - matched-control component = Scanpy score,Algorithm-selected reference term; not a validated neutral biological background program,Algorithmic matched-control gene; not a validated neutral biological background
"Primary: 7,371 Scrublet-negative microglia",Animal/library,author_selected_isg7,Irf7;Ifitm3;Isg15;Mx1;Ifit1;Ifit2;Ifit3,"Author-selected, post hoc, exploratory","normalize_total target_sum=10000, then log1p",Retain first Ensembl feature per gene symbol,27933,Full symbol-deduplicated matrix,42,50,25,FALSE,TRUE,249,15;16;17;19;20,38af968fe25becbf6dd7fa95d05fb508819a9a51ac90f1cd0c3a5d35fedb6a1f,1.11.5,242,Zfp316,9923,16,0.03392635765174014,Scanpy 1.11.5; seed=42; ctrl_size=50; n_bins=25; use_raw=False; ctrl_as_ref=True; full gene pool,selected component - matched-control component = Scanpy score,Algorithm-selected reference term; not a validated neutral biological background program,Algorithmic matched-control gene; not a validated neutral biological background
"Primary: 7,371 Scrublet-negative microglia",Animal/library,author_selected_isg7,Irf7;Ifitm3;Isg15;Mx1;Ifit1;Ifit2;Ifit3,"Author-selected, post hoc, exploratory","normalize_total target_sum=10000, then log1p",Retain first Ensembl feature per gene symbol,27933,Full symbol-deduplicated matrix,42,50,25,FALSE,TRUE,249,15;16;17;19;20,38af968fe25becbf6dd7fa95d05fb508819a9a51ac90f1cd0c3a5d35fedb6a1f,1.11.5,243,Zfp318,25372,19,0.1206013285277608,Scanpy 1.11.5; seed=42; ctrl_size=50; n_bins=25; use_raw=False; ctrl_as_ref=True; full gene pool,selected component - matched-control component = Scanpy score,Algorithm-selected reference term; not a validated neutral biological background program,Algorithmic matched-control gene; not a validated neutral biological background
"Primary: 7,371 Scrublet-negative microglia",Animal/library,author_selected_isg7,Irf7;Ifitm3;Isg15;Mx1;Ifit1;Ifit2;Ifit3,"Author-selected, post hoc, exploratory","normalize_total target_sum=10000, then log1p",Retain first Ensembl feature per gene symbol,27933,Full symbol-deduplicated matrix,42,50,25,FALSE,TRUE,249,15;16;17;19;20,38af968fe25becbf6dd7fa95d05fb508819a9a51ac90f1cd0c3a5d35fedb6a1f,1.11.5,244,Zfp446,11811,15,0.02083483830411727,Scanpy 1.11.5; seed=42; ctrl_size=50; n_bins=25; use_raw=False; ctrl_as_ref=True; full gene pool,selected component - matched-control component = Scanpy score,Algorithm-selected reference term; not a validated neutral biological background program,Algorithmic matched-control gene; not a validated neutral biological background
"Primary: 7,371 Scrublet-negative microglia",Animal/library,author_selected_isg7,Irf7;Ifitm3;Isg15;Mx1;Ifit1;Ifit2;Ifit3,"Author-selected, post hoc, exploratory","normalize_total target_sum=10000, then log1p",Retain first Ensembl feature per gene symbol,27933,Full symbol-deduplicated matrix,42,50,25,FALSE,TRUE,249,15;16;17;19;20,38af968fe25becbf6dd7fa95d05fb508819a9a51ac90f1cd0c3a5d35fedb6a1f,1.11.5,245,Zfp609,18340,17,0.06222762719955103,Scanpy 1.11.5; seed=42; ctrl_size=50; n_bins=25; use_raw=False; ctrl_as_ref=True; full gene pool,selected component - matched-control component = Scanpy score,Algorithm-selected reference term; not a validated neutral biological background program,Algorithmic matched-control gene; not a validated neutral biological background
"Primary: 7,371 Scrublet-negative microglia",Animal/library,author_selected_isg7,Irf7;Ifitm3;Isg15;Mx1;Ifit1;Ifit2;Ifit3,"Author-selected, post hoc, exploratory","normalize_total target_sum=10000, then log1p",Retain first Ensembl feature per gene symbol,27933,Full symbol-deduplicated matrix,42,50,25,FALSE,TRUE,249,15;16;17;19;20,38af968fe25becbf6dd7fa95d05fb508819a9a51ac90f1cd0c3a5d35fedb6a1f,1.11.5,246,Zfp747,13754,17,0.06329959284060846,Scanpy 1.11.5; seed=42; ctrl_size=50; n_bins=25; use_raw=False; ctrl_as_ref=True; full gene pool,selected component - matched-control component = Scanpy score,Algorithm-selected reference term; not a validated neutral biological background program,Algorithmic matched-control gene; not a validated neutral biological background
"Primary: 7,371 Scrublet-negative microglia",Animal/library,author_selected_isg7,Irf7;Ifitm3;Isg15;Mx1;Ifit1;Ifit2;Ifit3,"Author-selected, post hoc, exploratory","normalize_total target_sum=10000, then log1p",Retain first Ensembl feature per gene symbol,27933,Full symbol-deduplicated matrix,42,50,25,FALSE,TRUE,249,15;16;17;19;20,38af968fe25becbf6dd7fa95d05fb508819a9a51ac90f1cd0c3a5d35fedb6a1f,1.11.5,247,Zfp790,12296,16,0.02848622776601292,Scanpy 1.11.5; seed=42; ctrl_size=50; n_bins=25; use_raw=False; ctrl_as_ref=True; full gene pool,selected component - matched-control component = Scanpy score,Algorithm-selected reference term; not a validated neutral biological background program,Algorithmic matched-control gene; not a validated neutral biological background
"Primary: 7,371 Scrublet-negative microglia",Animal/library,author_selected_isg7,Irf7;Ifitm3;Isg15;Mx1;Ifit1;Ifit2;Ifit3,"Author-selected, post hoc, exploratory","normalize_total target_sum=10000, then log1p",Retain first Ensembl feature per gene symbol,27933,Full symbol-deduplicated matrix,42,50,25,FALSE,TRUE,249,15;16;17;19;20,38af968fe25becbf6dd7fa95d05fb508819a9a51ac90f1cd0c3a5d35fedb6a1f,1.11.5,248,Zkscan5,9971,16,0.02881700047125665,Scanpy 1.11.5; seed=42; ctrl_size=50; n_bins=25; use_raw=False; ctrl_as_ref=True; full gene pool,selected component - matched-control component = Scanpy score,Algorithm-selected reference term; not a validated neutral biological background program,Algorithmic matched-control gene; not a validated neutral biological background
"Primary: 7,371 Scrublet-negative microglia",Animal/library,author_selected_isg7,Irf7;Ifitm3;Isg15;Mx1;Ifit1;Ifit2;Ifit3,"Author-selected, post hoc, exploratory","normalize_total target_sum=10000, then log1p",Retain first Ensembl feature per gene symbol,27933,Full symbol-deduplicated matrix,42,50,25,FALSE,TRUE,249,15;16;17;19;20,38af968fe25becbf6dd7fa95d05fb508819a9a51ac90f1cd0c3a5d35fedb6a1f,1.11.5,249,Zrsr1,19210,16,0.0393241289237383,Scanpy 1.11.5; seed=42; ctrl_size=50; n_bins=25; use_raw=False; ctrl_as_ref=True; full gene pool,selected component - matched-control component = Scanpy score,Algorithm-selected reference term; not a validated neutral biological background program,Algorithmic matched-control gene; not a validated neutral biological background
