omitted_animal,n_combined_exposure,n_oxygen_control,ID,Description,setSize,enrichmentScore,NES,pvalue,p.adjust,qvalue,rank,leading_edge,core_enrichment,scenario_order,scenario,is_full_cohort,fdr_lt_0_05,nes_rank_descending,nes_rank_ascending,absolute_nes_rank
(none),3,3,HALLMARK_TNFA_SIGNALING_VIA_NFKB,HALLMARK_TNFA_SIGNALING_VIA_NFKB,176,-0.5275081839562835,-2.470813545455537,6.3430643581081255e-15,3.171532179054063e-13,1.8695347581792374e-13,976,"tags=32%, list=7%, signal=30%",Zbtb10/Tgif1/Nr4a2/Rcan1/Abca1/Marcks/Litaf/Cflar/Btg1/Ninj1/Maff/Ehd1/Mcl1/Nfkbie/Plek/Btg3/Areg/Fosl2/Bcl6/Sdc4/Eif1/Gem/Sat1/Nfkb1/Vegfa/Klf4/Rel/Irs2/Dennd5a/Trib1/Tnfaip2/Gch1/Il1a/Cd44/Nfil3/Cebpb/Ets2/Pde4b/Il6/B4galt1/Kdm6b/Ccl5/Plau/Id2/Csf1/Fosb/Cd83/Ccrl2/Nr4a3/Plaur/Ptgs2/Cxcl10/Nr4a1/Rnf19b/Tnfaip3/Bcl2a1d,1,Full cohort,TRUE,TRUE,50,1,1
(none),3,3,HALLMARK_INTERFERON_ALPHA_RESPONSE,HALLMARK_INTERFERON_ALPHA_RESPONSE,86,0.5125404409507817,2.1714562753577713,1.8959256173347885e-7,3.159876028891314e-6,1.8626637643990904e-6,2602,"tags=59%, list=20%, signal=48%",Irf9/Ifit2/Dhx58/Irf1/Eif2ak2/Ogfr/Rtp4/Usp18/Cmpk2/Tap1/Stat2/Irf7/Rnf31/Parp14/Oas1a/Trim14/Cnp/Mov10/Rsad2/Lgals3bp/Adar/Trim21/Sp110/Oasl1/Gmpr/Tmem140/Trim12c/Trafd1/Ifitm3/Ifit3/Psme2/Il4ra/Parp9/Ifi35/Herc6/Isg15/Ifi30/Ifitm1/Uba7/Trim25/Lpar6/Ripk2/Ifih1/Psme1/Batf2/Bst2/Isg20/Helz2/Wars1/Slc25a28/Parp12,1,Full cohort,TRUE,TRUE,1,50,2
(none),3,3,HALLMARK_MYC_TARGETS_V2,HALLMARK_MYC_TARGETS_V2,58,0.5184796289156857,2.0307126552063823,2.114562493245911e-5,1.5104017808899363e-4,8.903421024193309e-5,1739,"tags=43%, list=13%, signal=38%",Myc/Mcm5/Grwd1/Nop2/Nop56/Ppan/Tbrg4/Noc4l/Tmem97/Mcm4/Ung/Srm/Bysl/Mrto4/Cdk4/Rrp9/Pprc1/Nop16/Nolc1/Mphosph10/Pes1/Wdr43/Nip7/Mybbp1a/Wdr74,1,Full cohort,TRUE,TRUE,2,49,3
(none),3,3,HALLMARK_OXIDATIVE_PHOSPHORYLATION,HALLMARK_OXIDATIVE_PHOSPHORYLATION,192,-0.4275010582465998,-2.0241208866874305,5.3750714286776826e-8,1.3437678571694205e-6,7.921157894893427e-7,2883,"tags=36%, list=22%, signal=29%",Eci1/Ogdh/Nqo2/Cox5b/Polr2f/Idh3g/Suclg1/Ndufa8/Etfb/Atp6v1d/Atp5me/Ndufs3/Atp5po/Atp6v1e1/Ndufa6/Hsd17b10/Hadhb/Sdhd/Cox4i1/Atp1b1/Mtx2/Dld/Uqcrq/Atp5mc3/Ndufb7/Cox8a/Atp6v0b/Ndufb5/Supv3l1/Atp5pb/Ndufa4/Gpx4/Ndufb2/Ndufc1/Sdha/Atp5pd/Atp5pf/Cox7b/Timm8b/Atp5f1e/Atp6v0e/Vdac3/Ndufs6/Cox6c/Etfa/Bax/Cox7c/Fdx1/Atp5mf/AK157302/Uqcr10/Ndufa1/Atp6v1f/Ndufa2/Mpc1/Cox7a2l/Cox6b1/Cyb5a/Cox17/Ndufa5/Atp6v1g1/Uqcrb/Cox7a2/Ndufa7/Ndufc2/Uqcrh/Ndufs4/Ndufab1/Ndufb3,1,Full cohort,TRUE,TRUE,49,2,4
(none),3,3,HALLMARK_HYPOXIA,HALLMARK_HYPOXIA,163,-0.416284136439297,-1.9240573813188977,7.668908960901288e-7,9.58613620112661e-6,5.650775023822002e-6,1490,"tags=28%, list=11%, signal=25%",Cxcr4/Myh9/Serpine1/Slc2a1/Rbpj/Sap30/Nedd4l/Eno2/Eno3/Slc2a3/Csrp2/Noct/Pfkp/Rora/Anxa2/Glrx/P4ha1/Btg1/Klf7/Atp7a/Maff/Rragd/Fosl2/Sdc4/Tpi1/Ids/Foxo3/S100a4/Vegfa/Tpbg/Gcnt2/Irs2/Prkca/Pfkl/Cp/Car12/Nfil3/Aldoa/Tes/Pgk1/Slc2a5/Il6/Mif/Plaur/Tnfaip3,1,Full cohort,TRUE,TRUE,48,3,5
(none),3,3,HALLMARK_COMPLEMENT,HALLMARK_COMPLEMENT,146,-0.4059835819076389,-1.8471538688454656,1.9316481296371975e-5,1.5104017808899363e-4,8.903421024193309e-5,2219,"tags=32%, list=17%, signal=27%",Grb2/Was/Jak2/F3/Pim1/S100a9/Adam9/Anxa5/Apoc1/Ppp2cb/Dyrk2/Casp9/Serpine1/Ctso/Fcer1g/Dgkh/Cfh/C3/Cblb/Brpf3/S100a13/Psmb9/Lamp2/Fdx1/Gngt2/Notch4/Lyn/Atox1/Casp3/Timp2/Lrp1/Cpq/Maff/Ehd1/Plek/Casp4/Dock4/Gng2/Cp/Cebpb/Gp9/Il6/Ccl5/Ang/Plaur/Tnfaip3,1,Full cohort,TRUE,TRUE,47,4,6
(none),3,3,HALLMARK_INFLAMMATORY_RESPONSE,HALLMARK_INFLAMMATORY_RESPONSE,145,-0.4061908602768037,-1.8461972784026033,1.3480866927828124e-5,1.3480866927828125e-4,7.946616294298684e-5,2112,"tags=29%, list=16%, signal=25%",Sri/Ccl7/Gpr183/F3/Emp3/Osm/P2ry2/Ptger4/Tnfrsf1b/Edn1/Ccl24/Ebi3/Serpine1/Rela/Pvr/Il18/Cd82/Calcrl/Cxcl9/Lyn/Abca1/Ahr/Gpr132/Clec5a/Cybb/Rgs1/Nfkb1/Tpbg/Ptafr/Gch1/Il1a/Nlrp3/Pde4b/Il6/Ccl5/Dcbld2/Itga5/Cd14/Csf1/Ccrl2/Plaur/Cxcl10,1,Full cohort,TRUE,TRUE,46,5,7
(none),3,3,HALLMARK_ANDROGEN_RESPONSE,HALLMARK_ANDROGEN_RESPONSE,86,-0.4367568731278408,-1.834284245020936,1.598956085524726e-4,9.993475534529536e-4,5.890890841406886e-4,2903,"tags=44%, list=22%, signal=35%",Bmpr1b/Arid5b/Hmgcr/Idi1/Actn1/Inpp4b/Tnfaip8/Dbi/Ank/Ube2i/Elk4/Lman1/Stk39/Lifr/Uap1/Fkbp5/Hmgcs1/Maf/Ncoa4/Zbtb10/Tmem50a/Appbp2/Rps6ka3/Selenop/Ccnd3/Ngly1/Itgav/H1f0/Mertk/Cenpn/Sat1/Abhd2/Ell2/Ube2j1/Vapa/Fads1/B4galt1/B2m,1,Full cohort,TRUE,TRUE,45,6,8
(none),3,3,HALLMARK_EPITHELIAL_MESENCHYMAL_TRANSITION,HALLMARK_EPITHELIAL_MESENCHYMAL_TRANSITION,129,-0.37870038882537355,-1.692470966636128,2.485070923894642e-4,0.00138059495771924,8.138243961292396e-4,2038,"tags=28%, list=15%, signal=24%",Fzd8/Emp3/Basp1/Glipr1/Msx1/Sparc/Matn2/Abi3bp/Serpine1/Calu/Pvr/Eno2/Thbs1/Notch2/Wipf1/Lrp1/Serpine2/Pmp22/Pcolce/Itgav/Areg/Sdc4/Gem/Sat1/Vegfa/Dst/Tpm4/Igfbp2/Cd44/Col6a3/Il6/Itga5/Id2/Vcam1/Plaur/Tnfaip3,1,Full cohort,TRUE,TRUE,44,7,9
(none),3,3,HALLMARK_KRAS_SIGNALING_UP,HALLMARK_KRAS_SIGNALING_UP,148,-0.36814396274081534,-1.6825460415143048,3.1027177198712455e-4,0.00155135885993562,9.144852226988937e-4,1620,"tags=21%, list=12%, signal=19%",Tnfrsf1b/Snap91/Slpi/Cxcr4/Psmb8/Ccnd2/Fcer1g/Ace/Cfh/Strn/Pecam1/Cdadc1/Snap25/Cab39l/Laptm5/Glrx/Tspan13/Il2rg/Etv1/Klf4/Trib1/Igf2/Ly96/Dcbld2/Plau/Id2/Plaur/Ptgs2/Cxcl10/Tnfaip3/Prdm1,1,Full cohort,TRUE,TRUE,43,8,10
(none),3,3,HALLMARK_SPERMATOGENESIS,HALLMARK_SPERMATOGENESIS,78,-0.3958919011501234,-1.6419863840101887,0.00359586165102907,0.01284236303938954,0.00757023505479804,1634,"tags=26%, list=12%, signal=23%",Arl4a/Snap91/Psmg1/Il12rb2/Cdkn3/Ace/Pomc/Vdac3/Jam3/Braf/Mast2/Mlf1/Gsg1/Bub1/Cdk1/Camk4/Ccnb2/Clgn/Lpin1/Slc2a5,1,Full cohort,TRUE,TRUE,42,9,11
(none),3,3,HALLMARK_APOPTOSIS,HALLMARK_APOPTOSIS,141,-0.35872874865348503,-1.6233873920773871,3.913743055273418e-4,0.00177897411603337,0.00104865842629335,2690,"tags=34%, list=20%, signal=27%",Erbb3/Igf2r/Birc3/Xiap/Cd38/Casp6/Il1b/Ank/Cyld/Casp8/Rock1/Bcl10/Fas/Pmaip1/Cdkn1b/Ebp/Brca1/Hspb1/Ppp3r1/Casp9/Rela/Ccnd2/Gpx4/Sod1/Eno2/Il18/Lmna/Bax/Ptk2/Txnip/Casp3/Timp2/Cflar/Mcl1/H1f0/Btg3/Casp4/Sat1/Pdcd4/Smad7/Wee1/Gch1/Il1a/Cd44/Top2a/Il6/Hmgb2/Cd14,1,Full cohort,TRUE,TRUE,41,10,12
(none),3,3,HALLMARK_NOTCH_SIGNALING,HALLMARK_NOTCH_SIGNALING,27,-0.4931681641172494,-1.5940455356873722,0.01712014525317623,0.04280036313294059,0.02522968774152288,1188,"tags=26%, list=9%, signal=24%",Sap30/Notch2/Psenen/Rbx1/Tcf7l2/Prkca/St3gal6,1,Full cohort,TRUE,TRUE,40,11,13
(none),3,3,HALLMARK_INTERFERON_GAMMA_RESPONSE,HALLMARK_INTERFERON_GAMMA_RESPONSE,165,0.3336662389259684,1.5803088067385394,0.00112474316499951,0.00468642985416463,0.00276252707192862,1049,"tags=25%, list=8%, signal=23%",Socs1/Mthfd2/Irf9/Ifit2/Dhx58/Irf1/Ptpn6/Eif2ak2/Pla2g4a/Rapgef6/Mvp/Ogfr/Rtp4/Usp18/Cmpk2/Tap1/Stat2/Tor1b/Irf7/Rnf31/Parp14/Znfx1/Xaf1/Trim14/Rsad2/Lgals3bp/Adar/Trim21/Sp110/Oasl1/Irf8/Pml/Stat1/Trafd1/Zbp1/Ifitm3/Ifit3/Rnf213/Socs3/Psme2/Il4ra,1,Full cohort,TRUE,TRUE,3,48,14
(none),3,3,HALLMARK_COAGULATION,HALLMARK_COAGULATION,85,-0.3758253780205295,-1.575640195291369,0.0059769638639172,0.01867801207474125,0.01101019659142642,2121,"tags=31%, list=16%, signal=26%",Rac1/F3/Adam9/Dusp14/Apoc1/Sparc/Casp9/Cd9/Serpine1/Ctso/Klk8/Cfh/C3/Thbs1/S100a13/Pecam1/Lamp2/Lrp1/Gng12/Klf7/Cpq/Maff/Plek/Gp9/Plau/Ang,1,Full cohort,TRUE,TRUE,39,12,15
(none),3,3,HALLMARK_APICAL_SURFACE,HALLMARK_APICAL_SURFACE,30,-0.4613532558211144,-1.5442355262243912,0.02721482816381116,0.06185188219047993,0.03646005687017764,2473,"tags=43%, list=19%, signal=35%",Ghrl/Tmem8b/Gstm5/Efna5/Brca1/Hspb1/Scube1/Lyn/Il2rg/Adam10/B4galt1/Dcbld2/Plaur,1,Full cohort,TRUE,FALSE,38,13,16
(none),3,3,HALLMARK_ALLOGRAFT_REJECTION,HALLMARK_ALLOGRAFT_REJECTION,136,-0.34022628149682044,-1.5279246974806495,0.0030228294054611,0.01162626694408116,0.00685337840914258,2366,"tags=30%, list=18%, signal=25%",Ets1/Rps9/Cdkn2a/Ube2n/Bcl10/Was/Fas/Gpr65/Il2/Eif3j1/Ccl7/Jak2/Ifnar2/Brca1/Cd47/H2-Oa/Prkcg/Tlr6/Map3k7/Rps3a1/Ccnd2/Il18/Ncf4/Ccr1/H2-Aa/Cxcl9/Ccr5/Lyn/Ccnd3/H2-Ob/Il2rg/Cxcl13/Cd86/Ltb/Ly86/Nlrp3/Il6/B2m/Ccl5/Csf1/Klrd1,1,Full cohort,TRUE,TRUE,37,14,17
(none),3,3,HALLMARK_G2M_CHECKPOINT,HALLMARK_G2M_CHECKPOINT,189,-0.3061612269065046,-1.446007534761776,0.00541231129131404,0.01804103763771348,0.01063471692328373,1925,"tags=26%, list=15%, signal=23%",Kif11/Knl1/Efna5/Xpo1/H2ax/Mad2l1/Gspt1/Cdkn2c/Syncrip/Ndc80/Rad54l/Plk1/Katna1/Kif4/Stag1/Kif22/Cdkn3/Sap30/Snrpd1/H2az1/Hmmr/Notch2/Pafah1b1/Numa1/Prim2/Bub1/Cdk1/Odc1/Rad21/Marcks/H2az2/Ccnb2/Smc4/Racgap1/Lig3/Cul3/Kif23/Birc5/Prc1/Pttg1/Ccna2/Cenpf/Stmn1/Cenpa/Top2a/Nusap1/Pbk/Mki67/Tle3/Ube2c,1,Full cohort,TRUE,TRUE,36,15,18
(none),3,3,HALLMARK_PROTEIN_SECRETION,HALLMARK_PROTEIN_SECRETION,92,-0.3357606138487481,-1.4219960627857475,0.02227883581143692,0.05304484717008791,0.03126854148973603,3937,"tags=39%, list=30%, signal=28%",Ap1g1/Arf1/Vamp4/Cav2/Sec31a/Clcn3/M6pr/Cltc/Ap2b1/Dnm1l/Gosr2/Tmed10/Igf2r/Copb1/Arcn1/Uso1/Cog2/Scamp1/Copb2/Lman1/Snap23/Clta/Ap3s1/Mapk1/Sec22b/Sod1/Bet1/Rer1/Lamp2/Anp32e/Rps6ka3/Abca1/Bnip3/Atp7a/Adam10/Dst,1,Full cohort,TRUE,FALSE,35,16,19
(none),3,3,HALLMARK_MITOTIC_SPINDLE,HALLMARK_MITOTIC_SPINDLE,194,-0.2972219011628216,-1.410539501603022,0.00695734361517854,0.02046277533876041,0.0120622675681114,2763,"tags=30%, list=21%, signal=24%",Cenpe/Dynll2/Ckap5/Abr/Actn4/Kif15/Pkd2/Dlg1/Hook3/Ophn1/Cyth2/Arhgef11/Kif3c/Arf6/Rock1/Cd2ap/Cdc42bpa/Stk38l/Arap3/Dlgap5/Kif11/Klc1/Ndc80/Farp1/Plk1/Katna1/Myh9/Kif4/Kif22/Arhgef12/Synpo/Flnb/Vcl/Notch2/Ywhae/Pafah1b1/Cdc42/Numa1/Bub1/Cdk1/Dync1h1/Marcks/Ccnb2/Smc4/Ssh2/Racgap1/Rab3gap1/Kif23/Birc5/Epb41l2/Prc1/Dock4/Epb41/Cenpf/Dst/Ezr/Top2a/Nusap1,1,Full cohort,TRUE,TRUE,34,17,20
(none),3,3,HALLMARK_TGF_BETA_SIGNALING,HALLMARK_TGF_BETA_SIGNALING,50,-0.3741810506138286,-1.3992561353613626,0.05060728744939271,0.10901162790697676,0.06425948592411262,2420,"tags=40%, list=18%, signal=33%",Smurf1/Xiap/Furin/Wwtr1/Cdkn1c/Id3/Smurf2/Rhoa/Map3k7/Serpine1/Thbs1/Bcar3/Tgif1/Fnta/Skil/Bmpr2/Tgfbr1/Smad7/Tjp1/Id2,1,Full cohort,TRUE,FALSE,33,18,21
(none),3,3,HALLMARK_E2F_TARGETS,HALLMARK_E2F_TARGETS,197,0.28899973692106506,1.3870183382308263,0.00881913038149526,0.02449758439304239,0.01444068132642498,1411,"tags=21%, list=11%, signal=19%",Mthfd2/Myc/Mcm7/Mcm2/Mcm6/Mcm5/Timeless/Rpa2/Nop56/Tbrg4/Hells/Lig1/Gins1/Tcf19/Pop7/Rad50/Pola2/Mcm4/Ung/Orc6/Nasp/Mcm3/Jpt1/Pan2/Tubb5/Rad51ap1/Suv39h1/Tipin/Slbp/Cdk4/Ddx39a/Pold1/Cdc25a/Rfc2/Dscc1/Rfc1/Srsf2/Pms2/Nolc1/Xrcc6/Cnot9,1,Full cohort,TRUE,TRUE,4,47,22
(none),3,3,HALLMARK_IL2_STAT5_SIGNALING,HALLMARK_IL2_STAT5_SIGNALING,166,-0.2930577963102147,-1.359498969590613,0.01481702568926431,0.03899217286648504,0.02298485979498065,2433,"tags=27%, list=18%, signal=22%",Cish/Furin/Socs2/Snx14/Phlda1/Gpr65/Cdkn1c/Ikzf2/Cyfip1/Pim1/Wls/Sh3bgrl2/Arl4a/Tnfrsf1b/Batf/Ccnd2/Gpx4/Eno3/Slc2a3/Rhoh/Rora/Glipr2/Swap70/Odc1/Casp3/Ahr/P4ha1/Ccnd3/Huwe1/Itgav/Maff/Bmpr2/Rragd/Tlr7/Smpdl3a/Igf1r/Cd86/Ltb/Dennd5a/Cd44/Nfil3/Csf1/Cd83/Cxcl10,1,Full cohort,TRUE,TRUE,32,19,23
(none),3,3,HALLMARK_GLYCOLYSIS,HALLMARK_GLYCOLYSIS,162,-0.2768341361603408,-1.280090293334481,0.05232558139534884,0.10901162790697676,0.06425948592411262,2191,"tags=27%, list=17%, signal=22%",Homer1/Ddit4/Copb2/Aldh7a1/Il13ra1/Nsdhl/Dld/Ero1a/Slc16a3/Slc35a3/Mxi1/Arpp19/Ppp2cb/Egln3/Cxcr4/Txn1/Kif20a/Sod1/Sap30/Eno2/Hmmr/Pfkp/Bpnt1/Tgfa/Cdk1/Glrx/P4ha1/Rragd/Mertk/Cyb5a/Tpi1/Vegfa/Tpbg/Irs2/Stmn1/Cenpa/Cd44/Aldoa/Pgam1/Pgk1/B4galt1/Ang/Mif,1,Full cohort,TRUE,FALSE,31,20,24
(none),3,3,HALLMARK_ESTROGEN_RESPONSE_LATE,HALLMARK_ESTROGEN_RESPONSE_LATE,141,-0.2774804045528919,-1.255706970769769,0.08285163776493257,0.15933007262487034,0.09392088491571304,1614,"tags=21%, list=12%, signal=18%",Fkbp5/Aldh3a2/Batf/Farp1/Cd9/Dlg5/Kif20a/Opn3/Flnb/Ptger3/Aff1/Plaat3/Cox6c/Fabp5/Dynlt3/Jak1/Tspan13/Btg3/Areg/Arl3/Pdcd4/Abhd2/Klf4/Tpbg/Car12/Cd44/Top2a/Dnajc12/Id2,1,Full cohort,TRUE,FALSE,30,21,25
(none),3,3,HALLMARK_P53_PATHWAY,HALLMARK_P53_PATHWAY,183,-0.26367946508129136,-1.237286928224965,0.07561436672967864,0.15122873345935728,0.08914535867077904,1720,"tags=26%, list=13%, signal=23%",Pom121/Abcc5/Cdkn2a/Perp/Fas/Ip6k2/Ddit4/Pvt1/Prmt2/Abhd4/Slc7a11/H2aj/Gm2a/Stom/Ankra2/Klk8/Hint1/Ccnd2/Ptpn14/Epha2/Ccng1/Bax/Cd82/Rps27l/Txnip/Rb1/Tgfa/Vamp8/Btg1/Ccnd3/Rpl36/Cdkn2b/Ninj1/Mknk2/H2ac25/S100a10/Zbtb16/Sat1/Foxo3/Zfp36l1/S100a4/Klf4/Cebpa/Pitpnc1/Il1a/Rnf19b/H1f2,1,Full cohort,TRUE,FALSE,29,22,26
(none),3,3,HALLMARK_WNT_BETA_CATENIN_SIGNALING,HALLMARK_WNT_BETA_CATENIN_SIGNALING,32,0.35109658443387726,1.210566872920208,0.19140625,0.3190104166666667,0.1880482456140351,2811,"tags=38%, list=21%, signal=30%",Myc/Ppard/Kat2a/Skp2/Nkd1/Axin1/Ptch1/Gnai1/Psen2/Ncstn/Trp53/Hdac5,1,Full cohort,TRUE,FALSE,5,46,27
(none),3,3,HALLMARK_ADIPOGENESIS,HALLMARK_ADIPOGENESIS,185,-0.25574061171226425,-1.208951715132668,0.09926470588235294,0.1838235294117647,0.108359133126935,1844,"tags=21%, list=14%, signal=18%",Aplp2/Dld/Sowahc/Lifr/Uqcrq/Ndufb7/Stom/Arl4a/Cdkn2c/Cox8a/Ppm1b/Agpat3/Atl2/Cmpk1/Ltc4s/Gpx4/Dhrs7/Sod1/Ptger3/C3/Cox7b/Cd302/Dhrs7b/Atp1b3/Apoe/Enpp2/Abca1/Chchd10/Uqcr10/Dnajc15/Scp2/Bcl6/Ndufa5/Pdcd4/Pfkl/Aldoa/Ndufab1/Sqor,1,Full cohort,TRUE,FALSE,28,23,28
(none),3,3,HALLMARK_HEDGEHOG_SIGNALING,HALLMARK_HEDGEHOG_SIGNALING,29,-0.36164419817256993,-1.201040774080295,0.22379032258064516,0.32299741602067183,0.19039847681218552,255,"tags=14%, list=2%, signal=14%",Myh9/Vegfa/Ets2/Tle3,1,Full cohort,TRUE,FALSE,27,24,29
(none),3,3,HALLMARK_IL6_JAK_STAT3_SIGNALING,HALLMARK_IL6_JAK_STAT3_SIGNALING,70,-0.29162416689244014,-1.1885608750739696,0.16216216216216217,0.2895752895752896,0.170697012802276,2219,"tags=29%, list=17%, signal=24%",Grb2/Fas/Ccl7/Il13ra1/Pim1/Tnfrsf1b/Il17ra/Ebi3/Cd9/Ptpn2/Ccr1/Cxcl9/Il2rg/Cxcl13/Ltb/Cd44/Il6/Cd14/Csf1/Cxcl10,1,Full cohort,TRUE,FALSE,26,25,30
(none),3,3,HALLMARK_UNFOLDED_PROTEIN_RESPONSE,HALLMARK_UNFOLDED_PROTEIN_RESPONSE,107,0.2568308797992895,1.1433657042353411,0.1744421906693712,0.30076239770581237,0.1772915186476368,3226,"tags=32%, list=24%, signal=24%",Mthfd2/Psat1/Nop56/Aldh18a1/Chac1/Rrp9/Eef2/Iars1/Sdad1/Wipi1/Arfgap1/Nolc1/Exosc1/Tatdn2/Exosc2/Tars1/Lsm1/Bag3/Preb/Srpra/Exosc5/Imp3/Nabp1/Dctn1/Eif4a2/Wfs1/Dcp2/Eif4ebp1/Calr/Nop14/Fus/Asns/Edc4/Cnot2,1,Full cohort,TRUE,FALSE,6,45,31
(none),3,3,HALLMARK_PI3K_AKT_MTOR_SIGNALING,HALLMARK_PI3K_AKT_MTOR_SIGNALING,95,-0.2662999079480749,-1.135861200783309,0.2316831683168317,0.32299741602067183,0.19039847681218552,2332,"tags=25%, list=18%, signal=21%",Dapp1/Ube2n/Grb2/Rac1/Rptor/Cdkn1b/Plcg1/Pla2g12a/Arpc3/Map2k6/Mapk1/Map3k7/Cxcr4/Slc2a1/Eif4e/Cab39l/Cdk1/Camk4/Rps6ka3/Gsk3b/Il2rg/Mknk2/Actr2/Pten,1,Full cohort,TRUE,FALSE,25,26,32
(none),3,3,HALLMARK_DNA_REPAIR,HALLMARK_DNA_REPAIR,145,-0.24901203953243883,-1.13179639089118,0.2092130518234165,0.32299741602067183,0.19039847681218552,1302,"tags=18%, list=10%, signal=16%",Gpx4/Arl6ip1/Dctn4/Gsdme/Rad52/Polb/Polr2i/Gtf2h5/Dguok/Ago4/Sdcbp/Supt4a/Taf12/Gtf2h3/Gtf2a2/Rbx1/Cox17/Dad1/Rpa3/Eif1b/Rala/Cetn2/Polr1h/Polr2g/Polr2k/Pde4b,1,Full cohort,TRUE,FALSE,24,27,33
(none),3,3,HALLMARK_FATTY_ACID_METABOLISM,HALLMARK_FATTY_ACID_METABOLISM,129,-0.2514064941068403,-1.1235747431350271,0.23255813953488372,0.32299741602067183,0.19039847681218552,3124,"tags=31%, list=24%, signal=24%",Acadl/Elovl5/Cd36/Bmpr1b/Suclg2/Eci1/Kmt5a/Idi1/Hsdl2/Idh3g/Suclg1/Hsd17b11/Mcee/Uros/Hsd17b10/Bphl/Hadhb/Hibch/Sdhd/Nsdhl/Dld/D2hgdh/Cpox/Ostc/Aldh3a2/Ywhah/Hmgcs1/Ltc4s/Rap1gds1/Sdha/Eno2/H2az1/Eno3/Auh/Odc1/Serinc1/Glul/S100a10/Aldoa/Mif,1,Full cohort,TRUE,FALSE,23,28,34
(none),3,3,HALLMARK_HEME_METABOLISM,HALLMARK_HEME_METABOLISM,167,-0.23798363846899048,-1.1076791989260508,0.22095238095238096,0.32299741602067183,0.19039847681218552,3102,"tags=26%, list=23%, signal=20%",Glrx5/Mfhas1/Atp6v0a1/Cdc27/Ucp2/Tfdp2/Slc22a4/Tfrc/Kat2b/Snca/Prdx2/Kdm7a/Tnrc6b/Sec14l1/Ackr1/Cat/Uros/Mark3/Pdzk1ip1/Xpo7/Cpox/Slc7a11/Mxi1/Tcea1/Slc2a1/Arhgef12/Xk/C3/Ncoa4/Sdcbp/Lamp2/Mkrn1/Tent5c/AK157302/Bach1/Ccnd3/H1f0/Foxo3/Lpin2/Epb41/Ell2/Bmp2k/Picalm,1,Full cohort,TRUE,FALSE,22,29,35
(none),3,3,HALLMARK_CHOLESTEROL_HOMEOSTASIS,HALLMARK_CHOLESTEROL_HOMEOSTASIS,65,-0.2772980112419281,-1.1067838511353227,0.2664015904572565,0.3505284084963901,0.2066272723768194,1938,"tags=23%, list=15%, signal=20%",Ebp/Nsdhl/Anxa5/Atxn2/Srebf2/Cpeb2/Hmgcs1/Cd9/Gpx8/Fabp5/Trp53inp1/Nfil3/S100a11/Cxcl16/Plaur,1,Full cohort,TRUE,FALSE,21,30,36
(none),3,3,HALLMARK_MYC_TARGETS_V1,HALLMARK_MYC_TARGETS_V1,192,-0.23367663002722927,-1.106406027411531,0.2058287795992714,0.32299741602067183,0.19039847681218552,2693,"tags=29%, list=20%, signal=23%",Hprt1/Acp1/Srsf3/Tfdp1/Hdac2/Cdc20/Ddx18/Cops5/Srsf1/Pwp1/Cstf2/Psmd8/Cad/Eif3j1/Canx/Ube2e1/Rps3/Psma6/Fam120a/Glo1/Xpo1/Ap3s1/Snrpb2/Psmc6/Mad2l1/Gspt1/Syncrip/Snrpg/Phb1/Snrpd2/Hspe1/Eif4e/Prps2/Ywhaq/Snrpd1/H2az1/Rps10/Vdac3/Psma2/Eef1b2/Hnrnpa3/Ywhae/Odc1/Erh/Vbp1/Hnrnpr/Ccna2/Rpl22/Txnl4a/Cbx3/Ssbp1/Ndufab1/Pgk1/Hnrnpc/Ifrd1,1,Full cohort,TRUE,FALSE,20,31,37
(none),3,3,HALLMARK_XENOBIOTIC_METABOLISM,HALLMARK_XENOBIOTIC_METABOLISM,138,0.2381551828909424,1.0984617377545454,0.24229979466119095,0.32743215494755534,0.1930126387059274,2585,"tags=26%, list=20%, signal=21%",Ptgds/Gsto1/Slc6a6/Acox3/Tpst1/Ap4b1/Hes6/Tmem97/Nmt1/Aldh9a1/Dhrs1/Bcar1/Sertad1/Ppard/Irf8/Pgd/Slc1a5/Shmt2/Abcd2/Aco2/Etfdh/Acp2/Slc12a4/Cyfip2/Fah/Dcxr/Mpp2/Hmox1/Pemt/Vtn/Gsr/Ddc/Gart/Abhd6/Blvrb/Ptgr1,1,Full cohort,TRUE,FALSE,7,44,38
(none),3,3,HALLMARK_BILE_ACID_METABOLISM,HALLMARK_BILE_ACID_METABOLISM,83,-0.2609553579972723,-1.0894522150456194,0.29141716566866266,0.37361175085725984,0.22023429524217425,1478,"tags=16%, list=11%, signal=14%",Rbp1/Rxrg/Abca9/Npc1/Pex7/Sod1/Bcar3/Pex1/Abca1/Pex13/Scp2/Fads1/Ttr,1,Full cohort,TRUE,FALSE,19,32,39
(none),3,3,HALLMARK_ANGIOGENESIS,HALLMARK_ANGIOGENESIS,24,-0.34534825483883846,-1.0893488044489483,0.35080645161290325,0.43850806451612906,0.2584889643463498,1802,"tags=25%, list=14%, signal=22%",Msx1/Ccnd2/Ptk2/Itgav/S100a4/Vegfa,1,Full cohort,TRUE,FALSE,18,33,40
(none),3,3,HALLMARK_PANCREAS_BETA_CELLS,HALLMARK_PANCREAS_BETA_CELLS,17,-0.3621684411964653,-1.0304785165240715,0.4188034188034188,0.5095238095238095,0.3003508771929825,1525,"tags=18%, list=12%, signal=16%",Sec11a/Stxbp1/Srp14,1,Full cohort,TRUE,FALSE,17,34,41
(none),3,3,HALLMARK_UV_RESPONSE_DN,HALLMARK_UV_RESPONSE_DN,122,-0.2289283050876948,-1.0082019726309046,0.428,0.5095238095238095,0.3003508771929825,2112,"tags=20%, list=16%, signal=17%",Sri/Cdc42bpa/F3/Cdkn1b/Scaf8/Grk5/Dlc1/Prkce/Spop/Mrps31/Serpine1/Map1b/Sipa1l1/Notch2/Anxa2/Adgrl2/Pmp22/Igf1r/Nfkb1/Smad7/Dyrk1a/Prkca/Tjp1/Pten,1,Full cohort,TRUE,FALSE,16,35,42
(none),3,3,HALLMARK_KRAS_SIGNALING_DN,HALLMARK_KRAS_SIGNALING_DN,92,-0.22729149226750375,-0.9626132243571744,0.52465483234714,0.6100637585431862,0.35961653135177296,2581,"tags=25%, list=20%, signal=20%",Coq8a/Cd80/Ckm/Nr6a1/Prkn/Cpeb3/Sncb/Dtnb/Slc5a5/Edn1/Ccdc106/Slc16a7/Klk8/Synpo/Nr4a2/Copz2/Tent5c/Selenop/Skil/Zbtb16/Igfbp2/Kmt2d/Kcne2,1,Full cohort,TRUE,FALSE,15,36,43
(none),3,3,HALLMARK_APICAL_JUNCTION,HALLMARK_APICAL_JUNCTION,149,-0.2091790769798768,-0.9560970395954465,0.5593869731800766,0.6356670149773598,0.37470897724981206,1831,"tags=15%, list=14%, signal=13%",Adam9/Plcg1/Tial1/Itga9/Pik3cb/Ywhah/Myh9/Myl12b/Arhgef6/Vcl/Syk/Jam3/Pecam1/Actb/Ptk2/Epb41l2/Cd86/Tjp1/Sgce/B4galt1/Vcam1/Pten,1,Full cohort,TRUE,FALSE,14,37,44
(none),3,3,HALLMARK_UV_RESPONSE_UP,HALLMARK_UV_RESPONSE_UP,136,-0.2074093524026169,-0.9314561786062006,0.6031434184675835,0.6441156914893617,0.3796892497200448,775,"tags=17%, list=6%, signal=16%",Grina/Ago2/Msx1/Ggh/H2ax/Cebpg/Creg1/Rab27a/Eno2/Lyn/Casp3/Btg1/Ccnd3/Cdkn2b/Atp6v1f/Hspa13/Btg3/Igfbp2/Gch1/Aldoa/Il6/Fosb/Nr4a1,1,Full cohort,TRUE,FALSE,13,38,45
(none),3,3,HALLMARK_PEROXISOME,HALLMARK_PEROXISOME,86,-0.2203234684944195,-0.9253108352330102,0.60546875,0.6441156914893617,0.3796892497200448,3587,"tags=34%, list=27%, signal=25%",Eci2/Sod2/Idh2/Cln8/Atxn1/Hmgcl/Pex2/Slc23a2/Slc25a19/Elovl5/Itgb1bp1/Smarcc1/Ercc1/Idi1/Hsd17b11/Fis1/Abcc5/Cat/Abcb9/Bcl10/Abcd3/Ywhah/Rxrg/Sod1/Pex13/Scp2/Fads1/Top2a/Ttr,1,Full cohort,TRUE,FALSE,12,39,46
(none),3,3,HALLMARK_MTORC1_SIGNALING,HALLMARK_MTORC1_SIGNALING,192,-0.19496231672102185,-0.9231025041448048,0.6885245901639344,0.702576112412178,0.4141501294219155,2920,"tags=26%, list=22%, signal=21%",Tfrc/Psmc4/Gbe1/Cacybp/Hmgcr/Idi1/Hprt1/Ssr1/Atp6v1d/Uso1/Nfkbib/Cops5/Hspa4/Dapp1/Cyb5b/Ddit4/Canx/Ebp/Ero1a/Txnrd1/Slc7a11/Psmc6/Tcea1/Uchl5/Egln3/Sec11a/Plk1/Cxcr4/Psmg1/Hmgcs1/Cd9/Slc2a1/Hspe1/Rab1a/Slc2a3/Ccng1/Psma3/Bub1/Glrx/P4ha1/Gsk3b/Tpi1/Fads1/Pfkl/Nfil3/Aldoa/Actr2/Tes/Pgk1/Ifrd1,1,Full cohort,TRUE,FALSE,11,40,47
(none),3,3,HALLMARK_REACTIVE_OXYGEN_SPECIES_PATHWAY,HALLMARK_REACTIVE_OXYGEN_SPECIES_PATHWAY,46,-0.2494834332943594,-0.922307174150767,0.5846774193548387,0.6441156914893617,0.3796892497200448,2461,"tags=33%, list=19%, signal=27%",Oxsr1/Prdx2/Glrx2/Cat/Ndufa6/Txnrd1/Txn1/Gpx4/Sod1/Pfkp/Srxn1/Sbno2/Lamtor5/Atox1/Glrx,1,Full cohort,TRUE,FALSE,10,41,48
(none),3,3,HALLMARK_ESTROGEN_RESPONSE_EARLY,HALLMARK_ESTROGEN_RESPONSE_EARLY,146,-0.20206556295980063,-0.91936276001069,0.6647509578544061,0.692448914431673,0.40818041271761774,1614,"tags=15%, list=12%, signal=13%",Fkbp5/Farp1/Nav2/Slc2a1/Opn3/Flnb/Aff1/Med13l/Plaat3/Dynlt3/Sh3bp5/Mlph/Ugcg/Areg/Igf1r/Arl3/Abhd2/Klf4/Tpbg/Car12/Cd44/B4galt1,1,Full cohort,TRUE,FALSE,9,42,49
(none),3,3,HALLMARK_MYOGENESIS,HALLMARK_MYOGENESIS,134,-0.17453257393766036,-0.7850483497671343,0.9267822736030829,0.9267822736030829,0.5463137612818173,789,"tags=7%, list=6%, signal=7%",Rb1/Mef2c/Gabarapl2/Myom1/Fxyd1/Lpin1/Mef2d/Col6a3/Mras/Ifrd1,1,Full cohort,TRUE,FALSE,8,43,50
C1,3,2,HALLMARK_TNFA_SIGNALING_VIA_NFKB,HALLMARK_TNFA_SIGNALING_VIA_NFKB,176,-0.5447332581727484,-2.5614701571565917,1.3496381664482743e-16,6.748190832241373e-15,3.835813736221413e-15,1228,"tags=36%, list=9%, signal=33%",F3/Fosl1/Zbtb10/Marcks/Cd80/Tnfaip8/Cflar/Tgif1/Btg3/Ptger4/Cd69/Abca1/Il18/Gem/Litaf/Nr4a2/Klf4/Areg/Rcan1/Nfkbie/Sat1/Irs2/Eif1/Btg1/Bcl6/Fosl2/Maff/Rel/Ninj1/Nfkb1/Ehd1/Dennd5a/Mcl1/Trib1/Ccl5/Il6/Tnfaip2/Vegfa/Il1a/Cd44/Sdc4/Kdm6b/Ets2/Plek/Plau/Cebpb/B4galt1/Pde4b/Gch1/Id2/Fosb/Nfil3/Csf1/Cxcl10/Ccrl2/Cd83/Nr4a1/Plaur/Rnf19b/Ptgs2/Tnfaip3/Bcl2a1d/Nr4a3,2,Omit C1,FALSE,TRUE,50,1,1
C1,3,2,HALLMARK_OXIDATIVE_PHOSPHORYLATION,HALLMARK_OXIDATIVE_PHOSPHORYLATION,192,-0.4745010262890336,-2.2588939817172995,1.8925149697031644e-11,4.731287424257911e-10,2.6893633779992336e-10,2091,"tags=33%, list=16%, signal=28%",Hsd17b10/Cox5b/Polr2f/Atp6v1d/Ndufs3/Atp6v1e1/Etfb/Atp5mc1/Etfa/Mtx2/Hadhb/Sdhd/Ndufa6/Sdha/Vdac3/Ndufb7/Atp6v0b/Uqcrq/Gpx4/Atp5po/Atp5mc3/Cox8a/Ndufb5/Suclg1/Ndufb2/Fdx1/Cox4i1/Ndufa4/Ndufc1/Atp5f1e/Supv3l1/Atp6v0e/Cox7c/Cox6c/Timm8b/Ndufs6/Atp5pf/Cox7b/Atp5mf/Atp5pd/Atp1b1/Atp5pb/Ndufa1/AK157302/Bax/Uqcr10/Cox17/Mpc1/Ndufa5/Ndufa2/Cox6b1/Cyb5a/Cox7a2l/Uqcrb/Atp6v1f/Atp6v1g1/Ndufa7/Cox7a2/Ndufc2/Ndufab1/Ndufs4/Uqcrh/Ndufb3,2,Omit C1,FALSE,TRUE,49,2,2
C1,3,2,HALLMARK_INFLAMMATORY_RESPONSE,HALLMARK_INFLAMMATORY_RESPONSE,145,-0.43787768398112015,-2.0047403333215,3.874745041294507e-7,6.457908402157513e-6,3.670811091752691e-6,1923,"tags=35%, list=15%, signal=30%",C3ar1/Cd40/Edn1/Lcp2/Gpr183/Rasgrp1/Tnfsf9/Mefv/Rela/Chst2/Scarf1/Tnfrsf1b/Ebi3/Cd48/Cd82/Il1b/Osm/Lyn/F3/Pvr/Cxcl9/Sri/Ccl24/Ptger4/Cd69/P2ry2/Abca1/Il18/Calcrl/Rgs1/Ahr/Ccl7/Tpbg/Gpr132/Clec5a/Nfkb1/Ccl5/Il6/Ptafr/Il1a/Cybb/Pde4b/Itga5/Nlrp3/Gch1/Dcbld2/Csf1/Cxcl10/Cd14/Ccrl2/Plaur,2,Omit C1,FALSE,TRUE,48,3,3
C1,3,2,HALLMARK_HYPOXIA,HALLMARK_HYPOXIA,163,-0.42423001170862223,-1.9691826921685016,6.829993033603723e-7,8.537491292004654e-6,4.852889787034225e-6,1867,"tags=31%, list=14%, signal=27%",Chst2/Ddit4/Myh9/Casp6/Cavin3/Mxi1/Noct/Map3k1/Nedd4l/Fam162a/Pfkp/Rragd/Sap30/Rora/Pim1/Cxcr4/F3/S100a4/Eno3/Klf7/Slc2a1/Atp7a/Eno2/P4ha1/Foxo3/Rbpj/Prkca/Ids/Tpbg/Irs2/Btg1/Tes/Fosl2/Maff/Glrx/Aldoa/Slc2a5/Tpi1/Il6/Pfkl/Gcnt2/Car12/Vegfa/Pgk1/Anxa2/Sdc4/Cp/Nfil3/Mif/Plaur/Tnfaip3,2,Omit C1,FALSE,TRUE,47,4,4
C1,3,2,HALLMARK_COMPLEMENT,HALLMARK_COMPLEMENT,146,-0.4149504113396561,-1.898169984544375,1.052714579923379e-5,1.0527145799233788e-4,5.983851296406577e-5,2871,"tags=39%, list=22%, signal=31%",Lgals3/Serpine1/Fyn/Kynu/Usp14/Clu/C1qa/Lcp2/Ctso/Cd36/Prss36/Rasgrp1/Jak2/Stx4a/Was/S100a13/Brpf3/Casp9/Dyrk2/Anxa5/Adam9/Grb2/Cd46/Cfh/Casp3/Pim1/C3/Notch4/Lyn/F3/Cblb/Fdx1/S100a9/Dgkh/Apoc1/Lamp2/Psmb9/Gngt2/Timp2/Fcer1g/Atox1/Lrp1/Cpq/Dock4/Maff/Casp4/Gp9/Ehd1/Gng2/Ccl5/Il6/Plek/Cebpb/Cp/Ang/Plaur/Tnfaip3,2,Omit C1,FALSE,TRUE,46,5,5
C1,3,2,HALLMARK_MYC_TARGETS_V2,HALLMARK_MYC_TARGETS_V2,58,0.47297540536400023,1.8569617144359205,3.330802436960993e-4,0.00166540121848049,9.466491136625984e-4,1623,"tags=38%, list=12%, signal=33%",Myc/Mcm5/Nop2/Nop56/Grwd1/Mcm4/Srm/Ppan/Bysl/Cdk4/Tmem97/Tbrg4/Noc4l/Ung/Wdr43/Pprc1/Rrp9/Mrto4/Pes1/Wdr74/Nolc1/Nop16,2,Omit C1,FALSE,TRUE,1,50,6
C1,3,2,HALLMARK_INTERFERON_ALPHA_RESPONSE,HALLMARK_INTERFERON_ALPHA_RESPONSE,86,0.4364731551020439,1.855010603575664,1.2457781039512648e-4,8.1379954118411e-4,4.625807918309679e-4,1990,"tags=43%, list=15%, signal=37%",Irf1/Ifit2/Irf9/Dhx58/Eif2ak2/Ogfr/Tmem140/Usp18/Rsad2/Cmpk2/Rtp4/Rnf31/Oasl1/Mov10/Stat2/Adar/Parp14/Irf7/Tap1/Cnp/Sp110/Ifit3/Trafd1/Oas1a/Batf2/Psme2/Trim12c/Gmpr/Lgals3bp/Parp9/Uba7/Herc6/Trim14/Tent5a/Ifitm3/Slc25a28/Ifi35,2,Omit C1,FALSE,TRUE,2,49,7
C1,3,2,HALLMARK_ANDROGEN_RESPONSE,HALLMARK_ANDROGEN_RESPONSE,86,-0.4255690355284989,-1.7955838129666295,5.073341569850216e-4,0.00211389232077092,0.00120158089812241,1398,"tags=34%, list=11%, signal=30%",Ube2i/Stk39/Fkbp5/Ncoa4/Itgav/Maf/Appbp2/Ccnd3/Uap1/Zbtb10/Lman1/Dbi/H1f0/Tnfaip8/Lifr/Tmem50a/Mertk/Selenop/Ngly1/Abhd2/Cenpn/Ube2j1/Rps6ka3/Sat1/Fads1/Ell2/Vapa/B4galt1/B2m,2,Omit C1,FALSE,TRUE,45,6,8
C1,3,2,HALLMARK_ALLOGRAFT_REJECTION,HALLMARK_ALLOGRAFT_REJECTION,136,-0.3933886559458695,-1.7796452521154331,5.069907884727781e-5,4.224923237273151e-4,2.401535313818423e-4,2513,"tags=35%, list=19%, signal=29%",Mtif2/Cd40/Lcp2/Itgal/Il2/Jak2/Bcl10/Galnt1/Cdkn2a/Nme1/Ube2n/Was/Pf4/Srgn/H2-Oa/Npm1/Cd47/Il1b/Ncf4/Ccnd3/Rps9/Lyn/Ccr5/Ifnar2/Cd80/Cxcl9/Cd74/Prkcg/Gpr65/Il2rg/Tlr6/Ltb/Il18/Rps3a1/Ccnd2/H2-Ob/Ccl7/Fas/H2-Aa/Ccr1/Ccl5/Il6/Cd86/Nlrp3/Ly86/Klrd1/B2m/Csf1,2,Omit C1,FALSE,TRUE,44,7,9
C1,3,2,HALLMARK_EPITHELIAL_MESENCHYMAL_TRANSITION,HALLMARK_EPITHELIAL_MESENCHYMAL_TRANSITION,129,-0.3844807126476276,-1.7282979655776602,1.9114488189711675e-4,0.00106191601053953,6.03615416517211e-4,1398,"tags=23%, list=11%, signal=21%",Itgav/Notch2/Glipr1/Pvr/Matn2/Thbs1/Pmp22/Gem/Serpine2/Fzd8/Areg/Eno2/Lrp1/Wipf1/Fas/Sat1/Col6a3/Pcolce/Dst/Il6/Tpm4/Igfbp2/Vegfa/Cd44/Sdc4/Itga5/Id2/Vcam1/Plaur/Tnfaip3,2,Omit C1,FALSE,TRUE,43,8,10
C1,3,2,HALLMARK_KRAS_SIGNALING_UP,HALLMARK_KRAS_SIGNALING_UP,148,-0.3688221136270888,-1.6929077279100553,1.302079265894576e-4,8.1379954118411e-4,4.625807918309679e-4,1410,"tags=20%, list=11%, signal=18%",Cfh/Il1b/Cxcr4/Ace/Psmb8/Laptm5/Snap91/Snap25/Etv1/Cab39l/Slpi/Il2rg/Fcer1g/Ccnd2/Klf4/Tspan13/Strn/Glrx/Trib1/Plau/Ly96/Dcbld2/Id2/Igf2/Cxcl10/Plaur/Ptgs2/Tnfaip3/Prdm1,2,Omit C1,FALSE,TRUE,42,9,11
C1,3,2,HALLMARK_APOPTOSIS,HALLMARK_APOPTOSIS,141,-0.3642406560227424,-1.65722623192694,5.990296571314438e-4,0.00230396021973632,0.0013096194933238,2177,"tags=31%, list=16%, signal=26%",Bcl10/Anxa1/Ppp3r1/Birc3/Hspb1/Aifm3/Erbb3/Rela/Casp6/Sod1/Casp9/Rock1/Sod2/Ebp/Txnip/Il1b/Casp3/Cd38/Gpx4/H1f0/Cflar/Btg3/Top2a/Cd69/Wee1/Timp2/Pdcd4/Lmna/Il18/Ccnd2/Smad7/Bax/Eno2/Fas/Sat1/Ptk2/Casp4/Mcl1/Il6/Hmgb2/Il1a/Cd44/Gch1/Cd14,2,Omit C1,FALSE,TRUE,41,10,12
C1,3,2,HALLMARK_PROTEIN_SECRETION,HALLMARK_PROTEIN_SECRETION,92,-0.37353343998328065,-1.59097044893244,0.00401278863140543,0.01433138796930511,0.00814626263518395,4597,"tags=51%, list=35%, signal=34%",Dnm1l/Ocrl/Ap2b1/Stx16/Napg/Arfgef2/Sec24d/Gla/Sec31a/Ap1g1/Golga4/Cltc/Arf1/Zw10/Igf2r/Copb2/Tpd52/Krt18/Cav2/Galc/M6pr/Clcn3/Cog2/Vamp4/Gosr2/Arcn1/Copb1/Tmed10/Snap23/Sod1/Sec22b/Mapk1/Uso1/Clta/Scamp1/Anp32e/Lman1/Bet1/Lamp2/Rer1/Ap3s1/Abca1/Adam10/Atp7a/Rps6ka3/Bnip3/Dst,2,Omit C1,FALSE,TRUE,40,11,13
C1,3,2,HALLMARK_COAGULATION,HALLMARK_COAGULATION,85,-0.3763464331133262,-1.585177570969991,0.00625894181350989,0.02086313937836631,0.01185904764665032,2822,"tags=38%, list=21%, signal=30%",Serpine1/Fyn/Sparc/Klk8/Clu/C1qa/Ctso/Anxa1/Pecam1/Rac1/Cd9/Pf4/S100a13/Casp9/Adam9/Furin/Cfh/Dusp14/C3/F3/Apoc1/Lamp2/Thbs1/Klf7/Gng12/Lrp1/Cpq/Maff/Gp9/Plek/Plau/Ang,2,Omit C1,FALSE,TRUE,39,12,14
C1,3,2,HALLMARK_E2F_TARGETS,HALLMARK_E2F_TARGETS,197,0.32884008733985903,1.581796244660211,4.387111545760051e-4,0.00199414161170911,0.00113351207402412,1617,"tags=23%, list=12%, signal=20%",Mthfd2/Myc/Rpa2/Mcm7/Mcm6/Mcm5/Mcm2/Slbp/Nop56/Orc6/Timeless/Rad51ap1/Hells/Mcm4/Lig1/Suv39h1/Nasp/Tubb5/Jpt1/Cdk4/Pms2/Rad50/Pola2/Tbrg4/Rfc2/Ung/Pop7/Aurkb/Mcm3/Trp53/Luc7l3/Pold1/Tcf19/Pan2/Espl1/Ccne1/Cnot9/Gins1/Cdc25a/Tipin/Dscc1/Ddx39a/Srsf2/Nup107/Nolc1,2,Omit C1,FALSE,TRUE,3,48,15
C1,3,2,HALLMARK_SPERMATOGENESIS,HALLMARK_SPERMATOGENESIS,78,-0.3782500421037811,-1.575893056670684,0.00945107811102944,0.02779728856185131,0.01580056402463127,2341,"tags=32%, list=18%, signal=27%",Cdkn3/Ccnb2/Tsn/Chfr/Pebp1/Strbp/Psmg1/Il12rb2/Scg5/Arl4a/Gstm5/Hspa4l/Pomc/Mlf1/Vdac3/Ace/Jam3/Gsg1/Snap91/Mast2/Braf/Camk4/Lpin1/Slc2a5/Clgn,2,Omit C1,FALSE,TRUE,38,13,16
C1,3,2,HALLMARK_IL6_JAK_STAT3_SIGNALING,HALLMARK_IL6_JAK_STAT3_SIGNALING,70,-0.3623815380761865,-1.4853790831915568,0.03707580893085201,0.09569444485848044,0.05439473707745204,1948,"tags=31%, list=15%, signal=27%",Ptpn2/Cd9/Pf4/Tnfrsf1b/Grb2/Ebi3/Il1b/Cd38/Pim1/Il17ra/Cxcl9/Il13ra1/Il2rg/Ltb/Ccl7/Fas/Ccr1/Il6/Cd44/Csf1/Cxcl10/Cd14,2,Omit C1,FALSE,FALSE,37,14,17
C1,3,2,HALLMARK_APICAL_SURFACE,HALLMARK_APICAL_SURFACE,30,-0.4341044603708367,-1.4648021892294043,0.04019166684056178,0.09569444485848044,0.05439473707745204,2182,"tags=33%, list=17%, signal=28%",Ghrl/Hspb1/Gstm5/Scube1/Lyn/Il2rg/Adam10/B4galt1/Dcbld2/Plaur,2,Omit C1,FALSE,FALSE,36,15,18
C1,3,2,HALLMARK_IL2_STAT5_SIGNALING,HALLMARK_IL2_STAT5_SIGNALING,166,-0.31230116442511685,-1.456674606673957,0.00760297828350819,0.02375930713596312,0.01350529037202114,1682,"tags=22%, list=13%, signal=19%",Tnfrsf1b/Arl4a/Furin/Mapkapk2/Batf/Cd48/Rragd/Itgav/Casp3/Rora/Pim1/Ccnd3/Gpx4/Swap70/Eno3/Ikzf2/Gpr65/Huwe1/Ltb/Rhoh/Ccnd2/Odc1/Ahr/P4ha1/Bmpr2/Smpdl3a/Maff/Tlr7/Dennd5a/Cd44/Cd86/Igf1r/Nfil3/Csf1/Cxcl10/Cd83,2,Omit C1,FALSE,TRUE,35,16,19
C1,3,2,HALLMARK_REACTIVE_OXYGEN_SPECIES_PATHWAY,HALLMARK_REACTIVE_OXYGEN_SPECIES_PATHWAY,46,-0.35921181429997584,-1.3377424517420813,0.07615230460921844,0.1523046092184369,0.0865731462925852,2033,"tags=35%, list=15%, signal=30%",Mgst1/Glrx2/Oxsr1/Sod1/Cat/Sod2/Pfkp/Ndufa6/Gpx4/Txnrd1/Sbno2/Srxn1/Txn1/Lamtor5/Atox1/Glrx,2,Omit C1,FALSE,FALSE,34,17,20
C1,3,2,HALLMARK_HEME_METABOLISM,HALLMARK_HEME_METABOLISM,167,-0.28035840560985203,-1.3112148884686954,0.03175941865111278,0.08822060736420216,0.05014645050175703,3042,"tags=30%, list=23%, signal=23%",Htatip2/Tfrc/Acsl6/Atp6v0a1/Aldh6a1/Snca/Adipor1/Clcn3/Prdx2/Cpox/Kat2b/Hagh/Tcea1/Tal1/Ucp2/Mfhas1/Fn3k/Tfdp2/Sec14l1/Mocos/Nfe2l1/Cdc27/Xpo7/Mark3/Glrx5/Ncoa4/Mxi1/Arhgef12/Cat/Uros/Ccnd3/Slc7a11/C3/Pdzk1ip1/Mkrn1/Ackr1/Xk/H1f0/Lamp2/Tent5c/Slc2a1/Sdcbp/AK157302/Foxo3/Bach1/Ell2/Epb41/Lpin2/Bmp2k/Picalm,2,Omit C1,FALSE,FALSE,33,18,21
C1,3,2,HALLMARK_NOTCH_SIGNALING,HALLMARK_NOTCH_SIGNALING,27,-0.39969052851691855,-1.296747748482797,0.15384615384615383,0.273297793373372,0.1553482193911799,1415,"tags=26%, list=11%, signal=23%",Sap30/Notch2/Tcf7l2/Prkca/Psenen/Rbx1/St3gal6,2,Omit C1,FALSE,FALSE,32,19,22
C1,3,2,HALLMARK_ADIPOGENESIS,HALLMARK_ADIPOGENESIS,185,-0.2702039754415717,-1.2826743390216742,0.04672897196261682,0.10413111440313892,0.05919031766073161,2770,"tags=29%, list=21%, signal=23%",Sult1a1/Mtarc2/Ptger3/Ucp2/Dld/Aplp2/Rtn3/Acadl/Ywhag/Mrpl15/Sorbs1/Cd36/Pfkfb3/Cdkn2c/Idh3g/Agpat3/Ppm1b/Ndufs3/Etfb/Sod1/Hibch/Cat/Dhrs7b/Arl4a/Dhrs7/Sowahc/Ndufb7/Uqcrq/Gpx4/Atp5po/C3/Cox8a/Cmpk1/Suclg1/Lifr/Enpp2/Cd302/Pdcd4/Cox7b/Abca1/Atp1b3/Uqcr10/Ltc4s/Ndufa5/Chchd10/Dnajc15/Bcl6/Scp2/Aldoa/Pfkl/Sqor/Ndufab1/Apoe,2,Omit C1,FALSE,FALSE,31,20,23
C1,3,2,HALLMARK_INTERFERON_GAMMA_RESPONSE,HALLMARK_INTERFERON_GAMMA_RESPONSE,165,0.26882881704986494,1.2780907877950285,0.0387303075038312,0.09569444485848044,0.05439473707745204,2110,"tags=30%, list=16%, signal=25%",Socs1/Mthfd2/Irf1/Ifit2/Irf9/Dhx58/Eif2ak2/Ogfr/Rapgef6/Ptpn6/Mvp/Usp18/Rsad2/Cmpk2/Rtp4/Rnf31/Oasl1/Pla2g4a/Tor1b/Stat2/Adar/Parp14/Irf7/Pml/Znfx1/Tap1/Sp110/Ifit3/Trafd1/Xaf1/Batf2/Stat1/Psme2/Lgals3bp/Rnf213/Herc6/Trim14/St3gal5/Nod1/Ifitm3/Zbp1/P2ry14/Slc25a28/Bank1/Irf8/Ifi35/Il18bp/Ripk1/Cmklr1,2,Omit C1,FALSE,FALSE,4,47,24
C1,3,2,HALLMARK_MYC_TARGETS_V1,HALLMARK_MYC_TARGETS_V1,192,-0.267913535091706,-1.2754203647825662,0.0479003126254439,0.10413111440313892,0.05919031766073161,2927,"tags=32%, list=22%, signal=25%",Gspt1/Cox5a/Xpot/Hdac2/Abce1/Eif2s1/Syncrip/Ssb/Srpk1/G3bp1/Snrpb2/Ube2e1/Cops5/Psmb3/Canx/Xpo1/Cstf2/Rps6/Psmd8/Nme1/Snrpg/Eif4e/Acp1/Mrpl23/Rpl18/Npm1/Glo1/Psma6/Prps2/Psmc6/Ccna2/Cad/Hnrnpa3/Ywhaq/Hprt1/Vdac3/Snrpd1/Fam120a/Vbp1/Rps3/Ywhae/Srsf1/Phb1/H2az1/Snrpd2/Ap3s1/Hspe1/Odc1/Psma2/Erh/Hnrnpr/Eef1b2/Rps10/Cbx3/Txnl4a/Pgk1/Ssbp1/Hnrnpc/Ndufab1/Rpl22/Ifrd1,2,Omit C1,FALSE,FALSE,30,21,25
C1,3,2,HALLMARK_P53_PATHWAY,HALLMARK_P53_PATHWAY,183,-0.27044920930603455,-1.2742068876137949,0.05,0.10416666666666669,0.05921052631578948,1503,"tags=21%, list=11%, signal=19%",Rps12/Rpl18/Hspa4l/Fam162a/Cd82/Txnip/Pom121/Gm2a/Ccnd3/Slc7a11/S100a4/Rb1/Hint1/Vamp8/Mknk2/H2aj/Ccng1/Ccnd2/Klf4/Tgfa/Bax/Rps27l/Cdkn2b/Foxo3/Fas/Pitpnc1/Sat1/Rpl36/Btg1/H2ac25/S100a10/Cebpa/Ninj1/Zfp36l1/Zbtb16/Il1a/Rnf19b/H1f2,2,Omit C1,FALSE,FALSE,29,22,26
C1,3,2,HALLMARK_ESTROGEN_RESPONSE_LATE,HALLMARK_ESTROGEN_RESPONSE_LATE,141,-0.26173271283077737,-1.1908344394961847,0.13424124513618677,0.24859489840034588,0.14130657382756506,2498,"tags=28%, list=19%, signal=23%",Dusp2/Elovl5/Ass1/Kif20a/Jak2/Anxa9/Bag1/Fkbp5/Cd9/Etfb/Tjp3/Aldh3a2/Chpt1/Hspa4l/Batf/Myb/Hprt1/Plaat3/S100a9/Flnb/Btg3/Top2a/Dlg5/Dynlt3/Cox6c/Pdcd4/Klf4/Tspan13/Areg/Aff1/Abhd2/Jak1/Arl3/Tpbg/Car12/Cd44/Dnajc12/Id2/Fabp5,2,Omit C1,FALSE,FALSE,28,23,27
C1,3,2,HALLMARK_GLYCOLYSIS,HALLMARK_GLYCOLYSIS,162,-0.2540968870498708,-1.182136068670802,0.12133072407045008,0.2333283155200963,0.13262872671668635,1965,"tags=22%, list=15%, signal=19%",Homer1/Slc16a3/Chst2/Ddit4/Casp6/Sod1/Mxi1/Arpp19/Fam162a/Pfkp/Bpnt1/Rragd/Sap30/Cxcr4/Il13ra1/Mertk/Txn1/Tgfa/Eno2/P4ha1/Stmn1/Cenpa/Tpbg/Irs2/Glrx/Cyb5a/Aldoa/Tpi1/Vegfa/Pgk1/Cd44/B4galt1/Pgam1/Ang/Mif,2,Omit C1,FALSE,FALSE,27,24,28
C1,3,2,HALLMARK_FATTY_ACID_METABOLISM,HALLMARK_FATTY_ACID_METABOLISM,129,-0.26147468357422105,-1.1753675771131744,0.15851272015655576,0.273297793373372,0.1553482193911799,2976,"tags=29%, list=23%, signal=23%",Hsp90aa1/Suclg2/Slc22a5/Hsd17b11/Hsdl2/Cpox/Bphl/D2hgdh/Dld/Elovl5/Acadl/Idi1/Cd36/Hmgcs1/Idh3g/Hsd17b10/Ywhah/Rap1gds1/Hibch/Aldh3a2/Uros/Hadhb/Sdhd/Mcee/Sdha/Ostc/Suclg1/H2az1/Eno3/Serinc1/Glul/Odc1/Eno2/Ltc4s/Auh/S100a10/Aldoa/Mif,2,Omit C1,FALSE,FALSE,26,25,29
C1,3,2,HALLMARK_CHOLESTEROL_HOMEOSTASIS,HALLMARK_CHOLESTEROL_HOMEOSTASIS,65,-0.28883559952758975,-1.159356394958934,0.19760479041916168,0.32878411910669975,0.18688781507117672,2629,"tags=26%, list=20%, signal=21%",Hmgcr/Clu/Cpeb2/Idi1/Hmgcs1/Srebf2/Cd9/Anxa5/Ebp/Gpx8/Atxn2/Trp53inp1/S100a11/Fabp5/Cxcl16/Nfil3/Plaur,2,Omit C1,FALSE,FALSE,25,26,30
C1,3,2,HALLMARK_HEDGEHOG_SIGNALING,HALLMARK_HEDGEHOG_SIGNALING,29,-0.34280229117829686,-1.147079253111423,0.26506024096385544,0.3900241705119754,0.22169794955417552,151,"tags=28%, list=1%, signal=27%",Thy1/Amot/Ophn1/Myh9/Nrp2/Vegfa/Ets2/Tle3,2,Omit C1,FALSE,FALSE,24,27,31
C1,3,2,HALLMARK_KRAS_SIGNALING_DN,HALLMARK_KRAS_SIGNALING_DN,92,-0.267335958550266,-1.1386493536148687,0.23260437375745527,0.3634443339960239,0.2065894109030031,2667,"tags=27%, list=20%, signal=22%",Ccdc106/Klk8/Dtnb/Edn1/Mefv/Cpeb3/Coq8a/Ckm/Slc16a7/Chst2/Slc5a5/Nr6a1/Synpo/Zfp112/Copz2/Cd80/Skil/Sncb/Tent5c/Selenop/Nr4a2/Kmt2d/Zbtb16/Igfbp2/Kcne2,2,Omit C1,FALSE,FALSE,23,28,32
C1,3,2,HALLMARK_DNA_REPAIR,HALLMARK_DNA_REPAIR,145,-0.24862546990267692,-1.1382847896546329,0.20384615384615384,0.32878411910669975,0.18688781507117672,1556,"tags=25%, list=12%, signal=22%",Polr2f/Nme1/Pola1/Polr2c/Polr3gl/Ercc1/Dctn4/Pom121/Polr2i/Gtf2h5/Hprt1/Arl6ip1/Nme3/Polb/Gpx4/Polr2h/Gsdme/Gtf2h3/Dguok/Taf12/Rad52/Polr2j/Sdcbp/Supt4a/Rpa3/Cox17/Gtf2a2/Rala/Eif1b/Rbx1/Dad1/Polr1h/Polr2k/Polr2g/Cetn2/Pde4b,2,Omit C1,FALSE,FALSE,22,29,33
C1,3,2,HALLMARK_WNT_BETA_CATENIN_SIGNALING,HALLMARK_WNT_BETA_CATENIN_SIGNALING,32,0.32617486603319157,1.128607408263023,0.27413127413127414,0.3900241705119754,0.22169794955417552,2126,"tags=31%, list=16%, signal=26%",Myc/Kat2a/Ppard/Trp53/Skp2/Nkd1/Dvl2/Axin1/Hdac5/Hdac11,2,Omit C1,FALSE,FALSE,5,46,34
C1,3,2,HALLMARK_BILE_ACID_METABOLISM,HALLMARK_BILE_ACID_METABOLISM,83,-0.2624829745665422,-1.1017613780983493,0.28169014084507044,0.3900241705119754,0.22169794955417552,2950,"tags=28%, list=22%, signal=22%",Dio2/Nudt12/Hsd17b11/Lonp2/Bcar3/Npc1/Idi1/Atxn1/Pex7/Abca5/Sod1/Rxrg/Cat/Abcd3/Hacl1/Rbp1/Abca9/Pex13/Abca1/Pex1/Scp2/Fads1/Ttr,2,Omit C1,FALSE,FALSE,21,30,35
C1,3,2,HALLMARK_TGF_BETA_SIGNALING,HALLMARK_TGF_BETA_SIGNALING,50,-0.2921735193125491,-1.0987134011072277,0.2886178861788618,0.3900241705119754,0.22169794955417552,2567,"tags=30%, list=19%, signal=24%",Bcar3/Wwtr1/Id3/Smurf2/Rhoa/Furin/Fnta/Tgif1/Tgfbr1/Thbs1/Skil/Smad7/Bmpr2/Tjp1/Id2,2,Omit C1,FALSE,FALSE,20,31,36
C1,3,2,HALLMARK_ANGIOGENESIS,HALLMARK_ANGIOGENESIS,24,-0.3417965803301257,-1.0835162202137725,0.3582995951417004,0.4698493648769893,0.26707227056165705,1844,"tags=25%, list=14%, signal=22%",Pf4/Itgav/S100a4/Ccnd2/Ptk2/Vegfa,2,Omit C1,FALSE,FALSE,19,32,37
C1,3,2,HALLMARK_G2M_CHECKPOINT,HALLMARK_G2M_CHECKPOINT,189,0.22352119656641065,1.067366320765187,0.279826464208243,0.3900241705119754,0.22169794955417552,1682,"tags=18%, list=13%, signal=16%",Myc/Rpa2/Mcm6/Mcm5/Mcm2/Orc6/Gins2/Casp8ap2/Suv39h1/Nasp/Rps6ka5/Jpt1/Prmt5/Pml/Cdk4/Pola2/Ncl/Aurkb/Ccnt1/Mcm3/Nup50/Prpf4b/Espl1/Slc7a1/Egf/E2f1/Polq/Tent4a/Cdc25a/Ddx39a/Foxn3/Srsf2/Nolc1/Dbf4,2,Omit C1,FALSE,FALSE,6,45,38
C1,3,2,HALLMARK_UNFOLDED_PROTEIN_RESPONSE,HALLMARK_UNFOLDED_PROTEIN_RESPONSE,107,0.2321065694692308,1.0363876431248251,0.3807615230460922,0.47584887613582016,0.2704825190666768,2726,"tags=26%, list=21%, signal=21%",Mthfd2/Nop56/Exosc1/Psat1/Chac1/Sdad1/Aldh18a1/Arfgap1/Tatdn2/Nabp1/Rrp9/Exosc2/Fus/Preb/Nolc1/Wipi1/Iars1/Eef2/Srpra/Parn/Eif4a2/Bag3/Exosc5/Lsm1/Tars1/Dcp2/Atf4/Cnot2,2,Omit C1,FALSE,FALSE,7,44,39
C1,3,2,HALLMARK_MTORC1_SIGNALING,HALLMARK_MTORC1_SIGNALING,192,-0.21581019628385367,-1.0273789234796704,0.3664825046040516,0.4698493648769893,0.26707227056165705,3361,"tags=31%, list=25%, signal=23%",Prdx1/Hspd1/Cdkn1a/Gbe1/Etf1/Atp2a2/Cfp/M6pr/Cyb5b/Ssr1/Ppia/Tfrc/Bub1/Ero1a/Tcea1/Cacybp/Hmgcr/Egln3/Elovl5/Idi1/Slc2a3/Nfkbib/Hmgcs1/Cops5/Dapp1/Canx/Plk1/Atp6v1d/Uchl5/Cd9/Ddit4/Hspa4/Atp5mc1/Psmg1/Rab1a/Uso1/Sec11a/Ebp/Psmc6/Hprt1/Cxcr4/Slc7a11/Gsk3b/Txnrd1/Slc2a1/Hspe1/Ccng1/Psma3/P4ha1/Tes/Fads1/Glrx/Aldoa/Tpi1/Pfkl/Actr2/Pgk1/Nfil3/Ifrd1,2,Omit C1,FALSE,FALSE,18,33,40
C1,3,2,HALLMARK_UV_RESPONSE_UP,HALLMARK_UV_RESPONSE_UP,136,-0.22616292038422875,-1.0231351651424747,0.39019607843137255,0.47584887613582016,0.2704825190666768,1825,"tags=18%, list=14%, signal=15%",Ago2/Grina/Mrpl23/Furin/Sod2/Casp3/Ccnd3/Lyn/Polr2h/Ggh/Btg3/Hspa13/Rab27a/Cdkn2b/Eno2/Creg1/Btg1/Atp6v1f/Aldoa/Il6/Igfbp2/Gch1/Fosb/Nr4a1,2,Omit C1,FALSE,FALSE,17,34,41
C1,3,2,HALLMARK_MITOTIC_SPINDLE,HALLMARK_MITOTIC_SPINDLE,194,-0.21070864783106624,-1.004052008404745,0.4222222222222222,0.5026455026455027,0.28571428571428575,3143,"tags=30%, list=24%, signal=23%",Dynll2/Prex1/Cdc42bpa/Ckap5/Cdc42ep2/Cyth2/Bub1/Cd2ap/Rhof/Farp1/Kifap3/Lmnb1/Arf6/Arhgef11/Dlgap5/Dlg1/Kif11/Stk38l/Hook3/Ccnb2/Birc5/Plk1/Abr/Cdc27/Wasf1/Klc1/Ophn1/Kif4/Smc4/Myh9/Mid1ip1/Numa1/Arhgef12/Katna1/Racgap1/Rock1/Kif3c/Prc1/Synpo/Kif23/Notch2/Vcl/Marcks/Cdc42/Ywhae/Dync1h1/Pafah1b1/Flnb/Nusap1/Top2a/Epb41l2/Ssh2/Dock4/Cenpf/Rab3gap1/Dst/Epb41/Ezr,2,Omit C1,FALSE,FALSE,16,35,42
C1,3,2,HALLMARK_PI3K_AKT_MTOR_SIGNALING,HALLMARK_PI3K_AKT_MTOR_SIGNALING,95,-0.23283973727051432,-0.9990404705258396,0.454,0.5279069767441861,0.30007343941248477,2626,"tags=25%, list=20%, signal=20%",Pin1/Rptor/Nfkbib/Dapp1/Mapk10/Rac1/Ube2n/Eif4e/Pla2g12a/Mapk1/Grb2/Tsc2/Them4/Cxcr4/Gsk3b/Arpc3/Mknk2/Cab39l/Slc2a1/Il2rg/Camk4/Rps6ka3/Actr2/Pten,2,Omit C1,FALSE,FALSE,15,36,43
C1,3,2,HALLMARK_XENOBIOTIC_METABOLISM,HALLMARK_XENOBIOTIC_METABOLISM,138,-0.21648559896136177,-0.982139592922534,0.46601941747572817,0.5293276108726753,0.3008809577592049,1814,"tags=17%, list=14%, signal=15%",Acp1/Casp6/Cat/Arpp19/Hacl1/Abcc3/Dhrs7/Hprt1/Marchf6/Adh5/Ssr3/Sar1b/Fas/Cyb5a/Ninj1/Gcnt2/Spint2/Pgrmc1/Ets2/Gch1/Id2/Lpin2/Man1a/Apoe,2,Omit C1,FALSE,FALSE,14,37,44
C1,3,2,HALLMARK_PANCREAS_BETA_CELLS,HALLMARK_PANCREAS_BETA_CELLS,17,-0.3433007577859026,-0.9808140714172532,0.47639484978540775,0.5293276108726753,0.3008809577592049,2903,"tags=47%, list=22%, signal=37%",Pax6/Pak3/Spcs1/Mafb/Elp4/Sec11a/Stxbp1/Srp14,2,Omit C1,FALSE,FALSE,13,38,45
C1,3,2,HALLMARK_UV_RESPONSE_DN,HALLMARK_UV_RESPONSE_DN,122,-0.21829064298679163,-0.9660622980711184,0.52834008097166,0.574282696708326,0.3264343749710486,2173,"tags=19%, list=16%, signal=16%",Dusp1/Adgrl2/Pik3cd/Grk5/Runx1/Spop/Schip1/Sipa1l1/Mrps31/Notch2/Scaf8/Map1b/F3/Sri/Pmp22/Smad7/Tjp1/Prkca/Nfkb1/Dyrk1a/Anxa2/Igf1r/Pten,2,Omit C1,FALSE,FALSE,12,39,46
C1,3,2,HALLMARK_PEROXISOME,HALLMARK_PEROXISOME,86,-0.22397061641385635,-0.9449888968389182,0.5688976377952756,0.6052102529736975,0.3440142490587333,3146,"tags=30%, list=24%, signal=23%",Slc25a17/Prdx1/Eci2/Itgb1bp1/Pex2/Hsd17b11/Lonp2/Slc25a19/Abcb9/Elovl5/Idi1/Atxn1/Bcl10/Ywhah/Sod1/Rxrg/Cat/Abcd3/Sod2/Ercc1/Fis1/Pex13/Top2a/Scp2/Fads1/Ttr,2,Omit C1,FALSE,FALSE,11,40,47
C1,3,2,HALLMARK_APICAL_JUNCTION,HALLMARK_APICAL_JUNCTION,149,-0.19533854956262692,-0.8965084547978724,0.7140077821011673,0.7437581063553826,0.4227677657177965,2884,"tags=21%, list=22%, signal=17%",Rhof/Thy1/Amh/Arpc2/Itga9/Cnn2/Dlg1/Pkd1/Cdk8/Stx4a/Pecam1/Parva/Ywhah/Myh9/Cd274/Adam9/Pik3cb/Vcl/Syk/Actb/Jam3/Arhgef6/Tial1/Myl12b/Epb41l2/Tjp1/Ptk2/Sgce/Cd86/B4galt1/Pten/Vcam1,2,Omit C1,FALSE,FALSE,10,41,48
C1,3,2,HALLMARK_ESTROGEN_RESPONSE_EARLY,HALLMARK_ESTROGEN_RESPONSE_EARLY,146,-0.1891928557921792,-0.8654532935526854,0.7887596899224806,0.8048568264515108,0.4574975645092799,1277,"tags=32%, list=10%, signal=29%",Ablim1/Unc119/Gja1/Scnn1a/Hr/Nav2/Cish/Krt18/Rbbp8/Lrig1/Dlc1/Tpd52l1/Papss2/Slc22a5/Farp1/Elf1/Sox3/Opn3/Elovl5/Pmaip1/Rasgrp1/Jak2/Anxa9/Bag1/Fkbp5/Tjp3/Chpt1/Myb/Sh3bp5/Mlph/Plaat3/Flnb/Med13l/Dynlt3/P2ry2/Slc2a1/Klf4/Areg/Aff1/Abhd2/Ugcg/Arl3/Tpbg/Car12/Cd44/B4galt1/Igf1r,2,Omit C1,FALSE,FALSE,9,42,49
C1,3,2,HALLMARK_MYOGENESIS,HALLMARK_MYOGENESIS,134,0.17085412325905214,0.7837171881615449,0.944558521560575,0.944558521560575,0.53690694909759,3240,"tags=26%, list=25%, signal=20%",Apod/Tcap/Large1/Dennd2b/Speg/Gnao1/Col15a1/Kifc3/Rit1/Gsn/Ppfia4/Sh2b1/Ephb3/Slc6a8/Ache/Fgf2/Pick1/Plxnb2/Ptp4a3/Mybph/Eif4a2/Hdac5/Myl2/Sorbs3/Vipr1/Myl4/Pcx/App/Igf1/Tnni1/Hbegf/Dtna/Reep1/Agrn/Lama2,2,Omit C1,FALSE,FALSE,8,43,50
C2,3,2,HALLMARK_INTERFERON_ALPHA_RESPONSE,HALLMARK_INTERFERON_ALPHA_RESPONSE,86,0.554867763137456,2.3010913870387766,1.3251781719567237e-8,3.312945429891809e-7,2.1621328068767594e-7,2367,"tags=60%, list=18%, signal=50%",Irf9/Ifit2/Dhx58/Ifitm2/Ifitm1/Cmpk2/Eif2ak2/Tap1/Il4ra/Irf1/Rtp4/Ifi30/Trim14/Stat2/Usp18/Oas1a/Ogfr/Irf7/Trim25/Ripk2/Rnf31/Lgals3bp/Parp14/Ifitm3/Sp110/Trim12c/Trim21/Psme2/Rsad2/Ifi35/Psme1/Gmpr/Adar/Helz2/Wars1/Ifi27/Trafd1/Bst2/Parp12/Mov10/Isg15/Parp9/Cnp/Oasl1/Isg20/Ifit3/Ly6e/Samd9l/Herc6/Tmem140/Ddx60/Pnpt1,3,Omit C2,FALSE,TRUE,1,50,1
C2,3,2,HALLMARK_TNFA_SIGNALING_VIA_NFKB,HALLMARK_TNFA_SIGNALING_VIA_NFKB,176,-0.4473580474567773,-2.125326087762901,2.742508880233086e-9,1.371254440116543e-7,8.949239503918493e-8,999,"tags=28%, list=8%, signal=26%",Litaf/Dnajb4/Ninj1/Slc2a3/Maff/Pmepa1/Cflar/Abca1/Marcks/Nfil3/Bcl6/Cebpb/Trib1/Eif1/Il1a/Cd44/Gch1/Vegfa/Klf4/Nfkbie/Btg3/Rel/Tnfaip2/Nfkb1/Areg/Pde4b/Sat1/Ets2/Irs2/Dennd5a/B4galt1/Kdm6b/Id2/Csf1/Il6/Plau/Gem/Cd83/Ccrl2/Nr4a3/Fosb/Ptgs2/Cxcl10/Plaur/Ccl5/Rnf19b/Nr4a1/Bcl2a1d/Tnfaip3,3,Omit C2,FALSE,TRUE,50,1,2
C2,3,2,HALLMARK_MYC_TARGETS_V2,HALLMARK_MYC_TARGETS_V2,58,0.5527993875324446,2.119423074493783,1.2506314321182889e-5,1.2506314321182886e-4,8.162015662245674e-5,2922,"tags=55%, list=22%, signal=43%",Myc/Mcm5/Ppan/Tbrg4/Ung/Grwd1/Nop56/Noc4l/Nop2/Gnl3/Bysl/Tmem97/Mcm4/Srm/Mrto4/Rrp9/Ipo4/Cdk4/Nip7/Mphosph10/Nop16/Pprc1/Mybbp1a/Pus1/Nolc1/Wdr74/Wdr43/Aimp2/Exosc5/Pa2g4/Pes1/Farsa,3,Omit C2,FALSE,TRUE,2,49,3
C2,3,2,HALLMARK_INTERFERON_GAMMA_RESPONSE,HALLMARK_INTERFERON_GAMMA_RESPONSE,165,0.4062440128995614,1.8637938210105969,2.5326285812091603e-6,3.498273810331342e-5,2.2830839604267702e-5,2228,"tags=41%, list=17%, signal=35%",Pla2g4a/Mthfd2/Socs1/Irf9/Socs3/Ifit2/Dhx58/Ifitm2/Cmpk2/Fgl2/Ptpn6/Eif2ak2/Tap1/Il4ra/Irf1/Rtp4/Mvp/Rapgef6/Ifi30/Trim14/Stat2/Usp18/Zbp1/Ogfr/Irf7/Trim25/Ripk2/Rnf31/Lgals3bp/Parp14/Ifitm3/Xaf1/Sp110/Znfx1/Tor1b/Trim21/Irf8/Psme2/Pml/Il18bp/Rnf213/Stat1/Rsad2/Ifi35/Psme1/Itgb7/Adar/Il15ra/Helz2/Wars1/Ifi27/Trafd1/Bst2/P2ry14/Parp12/Isg15/Oasl1/Isg20/Ifit3/Cmklr1/Ly6e/Eif4e3/Samd9l/Stat3/H2-DMa/Myd88/Ptpn1/Herc6,3,Omit C2,FALSE,TRUE,3,48,4
C2,3,2,HALLMARK_G2M_CHECKPOINT,HALLMARK_G2M_CHECKPOINT,189,-0.38744731536459925,-1.8623960892979448,2.7986190482650733e-6,3.498273810331342e-5,2.2830839604267702e-5,1502,"tags=26%, list=11%, signal=24%",H2az1/Kif11/Cenpe/Notch2/H2ax/Cdkn1b/Kif15/Efna5/Ss18/Pafah1b1/Slc12a2/Sap30/Cdkn2c/Ndc80/Cdkn3/Plk1/Marcks/Odc1/Knl1/Mad2l1/Prim2/Kif4/Cdc20/Lig3/Bub1/Cul3/Rad21/Gspt1/Kif22/Pttg1/Kif23/Racgap1/Hmmr/Cdk1/H2az2/Stmn1/Cenpf/Smc4/Numa1/Ccnb2/Ccna2/Cenpa/Birc5/Prc1/Tle3/Top2a/Nusap1/Pbk/Mki67/Ube2c,3,Omit C2,FALSE,TRUE,49,2,5
C2,3,2,HALLMARK_ANDROGEN_RESPONSE,HALLMARK_ANDROGEN_RESPONSE,86,-0.42889189402514977,-1.816132568974312,1.2675994488248893e-4,9.054281777320638e-4,5.909110212567153e-4,2033,"tags=36%, list=15%, signal=31%",Hmgcr/Elk4/Stk39/Zbtb10/Sgk1/Maf/Bmpr1b/Rps6ka3/Tmem50a/Inpp4b/Selenop/Ncoa4/Ccnd3/Ank/Ngly1/Pmepa1/H1f0/Mertk/Hmgcs1/Abhd2/Ell2/Actn1/Appbp2/Itgav/Sat1/Cenpn/Vapa/B4galt1/Fads1/Ube2j1/B2m,3,Omit C2,FALSE,TRUE,48,3,6
C2,3,2,HALLMARK_MITOTIC_SPINDLE,HALLMARK_MITOTIC_SPINDLE,194,-0.3640846825283004,-1.7576893801992444,3.6078423212060065e-5,3.006535267671672e-4,1.9621598589015125e-4,2117,"tags=28%, list=16%, signal=24%",Kif20b/Kif3c/Cdc42bpa/Klc1/Ckap5/Cyth2/Ranbp9/Synpo/Prex1/Hook3/Bin1/Cd2ap/Katna1/Farp1/Mapre1/Kif11/Cenpe/Actn4/Notch2/Myh9/Ssh2/Kif15/Arhgef12/Pafah1b1/Dynll2/Dync1h1/Dlgap5/Ywhae/Cdc42/Flnb/Ndc80/Clip1/Rab3gap1/Plk1/Marcks/Ezr/Kif4/Bub1/Dst/Arap3/Epb41/Dock4/Kif22/Kif23/Racgap1/Cdk1/Epb41l2/Cenpf/Smc4/Numa1/Ccnb2/Birc5/Prc1/Top2a/Nusap1,3,Omit C2,FALSE,TRUE,47,4,7
C2,3,2,HALLMARK_SPERMATOGENESIS,HALLMARK_SPERMATOGENESIS,78,-0.4072219035857333,-1.7012951313525897,9.133168500525642e-4,0.00507398250029202,0.00331144121071689,1639,"tags=28%, list=12%, signal=25%",Jam3/Zc3h14/Vdac3/Psmg1/Pomc/Ace/Gsg1/Braf/Camk4/Arl4a/Il12rb2/Slc12a2/Ncaph/Cdkn3/Mast2/Clgn/Mlf1/Bub1/Lpin1/Cdk1/Ccnb2/Slc2a5,3,Omit C2,FALSE,TRUE,46,5,8
C2,3,2,HALLMARK_HYPOXIA,HALLMARK_HYPOXIA,163,-0.3543011414907759,-1.6681251391040484,3.414584316612677e-4,0.00213411519788292,0.0013927909712499,1672,"tags=26%, list=13%, signal=23%",Tgm2/Ccng2/Btg1/Klhl24/Ero1a/Mxi1/Pfkp/Cdkn1b/Myh9/Glrx/P4ha1/Noct/Ets1/Slc2a3/Sap30/Maff/Csrp2/Rora/Eno3/Tpi1/Klf7/Nfil3/Atp7a/Vegfa/Prkca/Foxo3/Cdkn1c/Tpbg/Ids/Irs2/S100a4/Tes/Rragd/Car12/Il6/Pfkl/Aldoa/Pgk1/Mif/Slc2a5/Plaur/Tnfaip3,3,Omit C2,FALSE,TRUE,45,6,9
C2,3,2,HALLMARK_TGF_BETA_SIGNALING,HALLMARK_TGF_BETA_SIGNALING,50,-0.4297188697330981,-1.6265345373215043,0.00569458121595354,0.02033779005697696,0.01327308403718496,2056,"tags=38%, list=16%, signal=32%",Smad1/Wwtr1/Rhoa/Xiap/Tgif1/Smurf1/Map3k7/Thbs1/Eng/Skil/Fnta/Pmepa1/Bmpr2/Bcar3/Cdkn1c/Smad7/Tjp1/Id2/Tgfbr1,3,Omit C2,FALSE,TRUE,44,7,10
C2,3,2,HALLMARK_APICAL_SURFACE,HALLMARK_APICAL_SURFACE,30,-0.4724030073014738,-1.5981106249148114,0.013641355530586,0.04012163391348824,0.02618464529090811,1209,"tags=30%, list=9%, signal=27%",Efna5/Brca1/Il2rg/Lyn/Scube1/Adam10/B4galt1/Dcbld2/Plaur,3,Omit C2,FALSE,TRUE,43,8,11
C2,3,2,HALLMARK_KRAS_SIGNALING_UP,HALLMARK_KRAS_SIGNALING_UP,148,-0.3334749231965788,-1.5479597263441989,0.00221535047492036,0.0104697317946711,0.00683287759231166,1888,"tags=24%, list=14%, signal=20%",Cbl/Psmb8/Tnfrsf1b/Mtmr10/Mafb/Cfh/Ace/Ero1a/Glrx/Eng/Plvap/Strn/Cab39l/Ccser2/Adam17/Ets1/Il2rg/Ank/Laptm5/Snap25/Trib1/Cdadc1/Klf4/Pecam1/Dcbld2/Id2/Ly96/Plau/Etv1/Igf2/Ptgs2/Cxcl10/Plaur/Tnfaip3/Prdm1,3,Omit C2,FALSE,TRUE,42,9,12
C2,3,2,HALLMARK_EPITHELIAL_MESENCHYMAL_TRANSITION,HALLMARK_EPITHELIAL_MESENCHYMAL_TRANSITION,129,-0.33900991785515455,-1.529283062432991,0.00369799463745829,0.01540831098940957,0.01005595032993045,1724,"tags=24%, list=13%, signal=21%",Lrp1/Tgm2/Vim/Wipf1/Notch2/Thbs1/Pmp22/Calu/Msx1/Basp1/Pmepa1/Pcolce/Cd44/Igfbp4/Tpm4/Dst/Vegfa/Itgav/Areg/Sat1/Serpine2/Sparc/Igfbp2/Id2/Il6/Itga5/Col6a3/Vcam1/Gem/Plaur/Tnfaip3,3,Omit C2,FALSE,TRUE,41,10,13
C2,3,2,HALLMARK_INFLAMMATORY_RESPONSE,HALLMARK_INFLAMMATORY_RESPONSE,145,-0.32987086336916965,-1.5208079366619156,0.00230334099482764,0.0104697317946711,0.00683287759231166,1085,"tags=17%, list=8%, signal=16%",Rela/Sema4d/Clec5a/Gpr132/Lyn/Ebi3/Abca1/Nlrp3/Cd82/Il1a/Gch1/Nfkb1/Ptafr/Pde4b/Tpbg/Dcbld2/Cd14/Csf1/Il6/Itga5/Ccrl2/Cxcl9/Cxcl10/Plaur/Ccl5,3,Omit C2,FALSE,TRUE,40,11,14
C2,3,2,HALLMARK_APOPTOSIS,HALLMARK_APOPTOSIS,141,-0.3277567671800673,-1.501704932659979,0.00685363688257098,0.0228454562752366,0.01490966620068073,2908,"tags=35%, list=22%, signal=27%",Casp6/Mmp2/Add1/Cth/Eno2/Hspb1/Plppr4/Atf3/Casp9/Pmaip1/Il18/Ddit3/Rhob/Cyld/Gpx4/Bcl2l1/Sc5d/Ppp3r1/Xiap/Bcl10/Casp8/Igf2r/Mcl1/Ptk2/Sod1/Cdkn1b/Bax/Brca1/Rela/Ank/Lgals3/Cflar/Txnip/Casp4/H1f0/Il1a/Cd44/Gch1/Casp3/Timp2/Btg3/Sat1/Wee1/Pdcd4/Cd14/Smad7/Il6/Hmgb2/Top2a,3,Omit C2,FALSE,TRUE,39,12,15
C2,3,2,HALLMARK_COMPLEMENT,HALLMARK_COMPLEMENT,146,-0.30982564509152616,-1.4310160829083112,0.00894913569966539,0.02796604906145436,0.01825152675589653,2805,"tags=34%, list=21%, signal=27%",Anxa5/Adam9/Lap3/Notch4/Kcnip2/Kynu/Gca/Casp9/Prss36/Sirt6/Jak2/Pik3cg/Plek/Dock9/Ehd1/Src/Pik3ca/Apoc1/Lrp1/Gngt2/Cfh/Dyrk2/Psmb9/Cblb/S100a13/Brpf3/Atox1/C3/Lamp2/Dgkh/Lyn/Lgals3/Maff/Ctso/Casp4/Fdx1/Ppp2cb/Cebpb/Cpq/Gng2/Casp3/Timp2/Dock4/Ang/Il6/Gp9/Plaur/Ccl5/Tnfaip3,3,Omit C2,FALSE,TRUE,38,13,16
C2,3,2,HALLMARK_XENOBIOTIC_METABOLISM,HALLMARK_XENOBIOTIC_METABOLISM,138,0.31712569517941636,1.4229750261744525,0.01684416298352668,0.04678934162090744,0.03053620189996065,2724,"tags=31%, list=21%, signal=25%",Ptgds/Gsto1/Slc6a6/Acox3/Tpst1/Dcxr/Xdh/Ndrg2/Aldh9a1/Ap4b1/Shmt2/Slc1a5/Abcd2/Dhrs1/Tmem97/Hmox1/Hes6/Pgd/Nmt1/Irf8/Bcar1/Blvrb/Pts/Gsr/Pemt/Tmem176b/Ppard/Cyp27a1/Mpp2/Ddc/Cndp2/Aco2/Slc12a4/Etfdh/Lonp1/Pcx/Fah/Cyfip2/Tnfrsf1a/Ptgr1/Tdo2/Sertad1/Gart,3,Omit C2,FALSE,TRUE,4,47,17
C2,3,2,HALLMARK_OXIDATIVE_PHOSPHORYLATION,HALLMARK_OXIDATIVE_PHOSPHORYLATION,192,-0.2937364624779706,-1.4155744222820248,0.00515934712282818,0.01984364278010841,0.0129505879196497,3678,"tags=36%, list=28%, signal=27%",Slc25a11/Mrps11/Suclg1/Timm8b/Acaa1a/Ndufb7/Aifm1/Iscu/Tcirg1/Atp6v0c/Alas1/Atp5pd/Atp5pb/Atp5me/Atp1b1/Slc25a4/Idh3g/Acadsb/Atp6v1e1/Atp5mc3/Acadm/Atp6v1d/Ndufc1/Ndufa4/Hsd17b10/Ndufs6/Ndufb2/Ndufa8/Dld/Idh2/Supv3l1/Ndufb5/Atp5f1e/Cox7b/Atp5pf/Hadhb/Atp6v0b/Gpx4/Atp6v0e/Cox6c/Mtx2/Vdac3/Atp5mf/Cox7c/Etfa/AK157302/Uqcr10/Sdha/Bax/Ndufa2/Atp6v1f/Ldhb/Bckdha/Cox6b1/Mpc1/Ndufa1/Cox7a2l/Uqcrb/Atp6v1g1/Cox17/Fdx1/Cyb5a/Ndufa5/Cox7a2/Ndufa7/Uqcrh/Ndufc2/Ndufab1/Ndufs4/Ndufb3,3,Omit C2,FALSE,TRUE,37,14,18
C2,3,2,HALLMARK_NOTCH_SIGNALING,HALLMARK_NOTCH_SIGNALING,27,-0.4190165345578284,-1.3619877631954975,0.10666666666666667,0.21333333333333335,0.13922807017543862,1428,"tags=26%, list=11%, signal=23%",Notch2/Rbx1/Sap30/Psenen/Tcf7l2/Prkca/St3gal6,3,Omit C2,FALSE,FALSE,36,15,19
C2,3,2,HALLMARK_COAGULATION,HALLMARK_COAGULATION,85,-0.31144288677615367,-1.320546489963943,0.05842696629213483,0.14606741573033707,0.09532820816085157,2954,"tags=36%, list=22%, signal=29%",Pef1/Mmp2/Serpine1/Usp11/Sirt2/Adam9/Rac1/Casp9/Dusp14/Plek/Arf4/Apoc1/Lrp1/Msrb2/Cfh/Thbs1/S100a13/C3/Lamp2/Gng12/Maff/Klf7/Ctso/Cpq/Cd9/Sparc/Pecam1/Ang/Klk8/Plau/Gp9,3,Omit C2,FALSE,FALSE,35,16,20
C2,3,2,HALLMARK_E2F_TARGETS,HALLMARK_E2F_TARGETS,197,0.27987968048255363,1.3088057329227467,0.03724679838439677,0.09801789048525468,0.063969570632482,1831,"tags=26%, list=14%, signal=23%",Mthfd2/Myc/Mcm7/Mcm2/Timeless/Mcm6/Mcm5/Tbrg4/Ung/Gins1/Nop56/Rpa2/Pop7/Lig1/Kif2c/Tipin/Tcf19/Pola2/Rad50/Hells/Mcm4/Pan2/Nasp/Ddx39a/Chek1/Dscc1/Cnot9/Rfc1/Jpt1/Ranbp1/Srsf2/Dck/Mcm3/Rfc2/Cdk4/Orc6/Pold1/Rad51ap1/Suv39h1/Brca2/Xrcc6/Phf5a/Ccp110/Pold3/Pold2/Tacc3/Cdc25a/Slbp/Rrm2/Cbx5/Pms2,3,Omit C2,FALSE,FALSE,5,46,21
C2,3,2,HALLMARK_ESTROGEN_RESPONSE_LATE,HALLMARK_ESTROGEN_RESPONSE_LATE,141,-0.279919266469735,-1.282524680789347,0.06896551724137931,0.16420361247947454,0.10716446288134128,2557,"tags=30%, list=19%, signal=24%",Aff1/Tpd52l1/Myb/Ass1/Idh2/Perp/Eeig1/Jak2/Dusp2/Chst8/Plaat3/Nab2/Tspan13/Aldh3a2/Fabp5/Dlg5/Cxcl14/Cox6c/Amfr/Sgk1/Farp1/Dynlt3/Jak1/Opn3/Flnb/Cdc20/Abhd2/Cd44/Arl3/Igfbp4/Klf4/Kif20a/Btg3/Areg/Ptger3/Tpbg/Cd9/Dnajc12/Car12/Pdcd4/Id2/Top2a,3,Omit C2,FALSE,FALSE,34,17,22
C2,3,2,HALLMARK_WNT_BETA_CATENIN_SIGNALING,HALLMARK_WNT_BETA_CATENIN_SIGNALING,32,0.3764342662410672,1.2692283111190514,0.14571948998178508,0.25124049996859493,0.16396748419003043,2970,"tags=34%, list=22%, signal=27%",Myc/Ppard/Kat2a/Gnai1/Nkd1/Skp2/Ncstn/Hdac5/Ptch1/Axin1/Psen2,3,Omit C2,FALSE,FALSE,6,45,23
C2,3,2,HALLMARK_GLYCOLYSIS,HALLMARK_GLYCOLYSIS,162,-0.25715195645505656,-1.2129367959260473,0.09213483146067417,0.2093973442288049,0.13665931939143058,1369,"tags=19%, list=10%, signal=17%",Ero1a/Mxi1/Pfkp/Sod1/Glrx/Egln3/Tgfa/P4ha1/Copb2/Bpnt1/Sap30/Tpi1/Cyb5a/Ppp2cb/Mertk/Cd44/Vegfa/Kif20a/Tpbg/Irs2/Hmmr/Cdk1/B4galt1/Rragd/Stmn1/Ang/Pgam1/Aldoa/Cenpa/Pgk1/Mif,3,Omit C2,FALSE,FALSE,33,18,24
C2,3,2,HALLMARK_IL6_JAK_STAT3_SIGNALING,HALLMARK_IL6_JAK_STAT3_SIGNALING,70,0.30584903552742504,1.211996896792479,0.12290502793296088,0.2276019035795572,0.14854018970455313,2584,"tags=36%, list=20%, signal=29%",Socs1/Irf9/Socs3/Il4ra/Irf1/Jun/Stat2/Ltbr/Csf2ra/Hmox1/Itgb3/Map3k8/Il6st/Stat1/Cxcl2/Il15ra/Bak1/Stat3/Tyk2/Myd88/Il1r2/Ptpn1/Tnf/Acvr1b/Tnfrsf1a,3,Omit C2,FALSE,FALSE,7,44,25
C2,3,2,HALLMARK_ALLOGRAFT_REJECTION,HALLMARK_ALLOGRAFT_REJECTION,136,-0.26338289611258364,-1.2026385420687102,0.12272727272727273,0.2276019035795572,0.14854018970455313,1405,"tags=16%, list=11%, signal=15%",Map3k7/Eif3j1/Ccr5/Brca1/Ets1/Ccnd3/Il2rg/Lyn/H2-Oa/Nlrp3/Cd86/Ncf4/Ly86/H2-Ob/Cxcl13/Csf1/Il6/B2m/Ltb/Cxcl9/Ccl5/Klrd1,3,Omit C2,FALSE,FALSE,32,19,26
C2,3,2,HALLMARK_IL2_STAT5_SIGNALING,HALLMARK_IL2_STAT5_SIGNALING,166,-0.2542104922391321,-1.2012357393813975,0.09728506787330315,0.21148927798544165,0.13802458142207774,1473,"tags=19%, list=11%, signal=17%",Igf2r/Rhoh/Cyfip1/Tlr7/Arl4a/Sh3bgrl2/P4ha1/Wls/Ccnd3/Slc2a3/Maff/Rora/Eno3/Glipr2/Cd86/Bmpr2/Odc1/Nfil3/Huwe1/Swap70/Cd44/Smpdl3a/Igf1r/Casp3/Itgav/Cdkn1c/Dennd5a/Rragd/Csf1/Cd83/Ltb/Cxcl10,3,Omit C2,FALSE,FALSE,31,20,27
C2,3,2,HALLMARK_P53_PATHWAY,HALLMARK_P53_PATHWAY,183,-0.2522386600698505,-1.1976803062641446,0.10392609699769054,0.21333333333333335,0.13922807017543862,1378,"tags=17%, list=10%, signal=16%",Prmt2/Rpl36/Ccng1/Cdkn2b/Bax/Rb1/Tgfa/S100a10/Ldhb/Ankra2/Ptpn14/Ccnd3/Ninj1/Vamp8/Zfp36l1/Stom/Txnip/H2ac25/Cd82/Il1a/Ip6k2/Klf4/Epha2/Foxo3/Sat1/Pitpnc1/S100a4/Mknk2/Klk8/Cebpa/Rnf19b/H1f2,3,Omit C2,FALSE,FALSE,30,21,28
C2,3,2,HALLMARK_UNFOLDED_PROTEIN_RESPONSE,HALLMARK_UNFOLDED_PROTEIN_RESPONSE,107,0.27100796899696655,1.1756751166340484,0.13805309734513274,0.24652338811630847,0.16088894803380133,4208,"tags=41%, list=32%, signal=28%",Mthfd2/Psat1/Eif4ebp1/Nop56/Aldh18a1/Chac1/Rrp9/Iars1/Sdad1/Eef2/Bag3/Dctn1/Wipi1/Imp3/Wfs1/Tars1/Nhp2/Tatdn2/Nolc1/Hyou1/Nop14/Exosc2/Exosc1/Lsm1/Calr/Exosc5/Preb/Dcp2/Eif2ak3/Arfgap1/Nabp1/Asns/Edc4/Serp1/Dnajc3/Exosc4/Slc1a4/Srpra/Eif4a2/Slc30a5/Hsp90b1/Eif4g1/Hspa5/Eif4a1,3,Omit C2,FALSE,FALSE,8,43,29
C2,3,2,HALLMARK_MYC_TARGETS_V1,HALLMARK_MYC_TARGETS_V1,192,0.23704294078622049,1.101389676820088,0.21521335807050093,0.3586889301175016,0.23409172281352733,2923,"tags=29%, list=22%, signal=23%",Myc/Mcm7/Mcm2/Mcm6/Mcm5/Cdk2/Apex1/Mrps18b/Nop56/Ddx21/Rps2/Impdh2/Gnl3/Pabpc1/Mcm4/Srm/Rrp9/Iars1/Ranbp1/Srsf2/Cdk4/Nop16/Trim28/Got2/Eif3b/C1qbp/Xrcc6/Psmd3/Ldha/Pold2/Eprs1/Nhp2/Tomm70a/Hddc2/Nolc1/Prpf31/Sf3b3/Hnrnpa1/Lsm2/Aimp2/Cct2/Tufm/Tcp1/Dut/Ilf2/Hsp90ab1/Slc25a3/Phb2/Rnps1/Pa2g4/Rack1/Ran/Eif2s2/Rpl14/Pcbp1,3,Omit C2,FALSE,FALSE,9,42,30
C2,3,2,HALLMARK_MTORC1_SIGNALING,HALLMARK_MTORC1_SIGNALING,192,0.22659916128388996,1.0528639924326937,0.33766233766233766,0.5418064876957495,0.35360002354880493,3520,"tags=32%, list=27%, signal=24%",Mthfd2/Mcm2/Psat1/Slc6a6/Ung/Nupr1/Fgl2/Hmbs/Ifi30/Niban1/Shmt2/Rpn1/Slc1a5/Ctsc/Tmem97/Mcm4/Tm7sf2/Arpc5l/Rrp9/Nmt1/Ddx39a/Phgdh/Gsr/Ube2d3/Wars1/Coro1a/Ldha/Igfbp5/Cdc25a/Eprs1/Me1/Rrm2/Pgm1/Itgb2/Qdpr/Gga2/Sdf2l1/Tuba4a/Adipor2/Sla/Gpi1/Tomm40/Fkbp2/Calr/Sytl2/Dhcr7/Ppp1r15a/Eif2s2/Pdap1/Mthfd2l/Btg2/Trib3/Dhfr/Asns/Prdx1/Serp1/Psph/Eef1e1/Nfyc/Nufip1/Polr3g/G6pdx,3,Omit C2,FALSE,FALSE,10,41,31
C2,3,2,HALLMARK_APICAL_JUNCTION,HALLMARK_APICAL_JUNCTION,149,-0.2237578534056433,-1.040544176036053,0.36444444444444446,0.547596087615374,0.35737849928582305,2629,"tags=22%, list=20%, signal=18%",Cnn2/Ctnna1/Vcl/Jup/Itgb1/Tial1/Myl12b/Itga9/Amh/Nlgn3/Src/Amigo1/Arhgef6/Baiap2/Tmem8b/Jam3/Actn4/Ptk2/Ywhah/Myh9/Pard6g/Actb/Syk/Cd86/Actn1/Plcg1/B4galt1/Epb41l2/Pecam1/Tjp1/Sgce/Vcam1/Pten,3,Omit C2,FALSE,FALSE,29,22,32
C2,3,2,HALLMARK_ADIPOGENESIS,HALLMARK_ADIPOGENESIS,185,-0.21629300865587192,-1.036672057062497,0.34675615212527966,0.5418064876957495,0.35360002354880493,2522,"tags=23%, list=19%, signal=19%",Vegfb/Cd302/Dld/Ppm1b/Cox7b/Rtn3/Hibch/Agpat3/Gpx4/Dhrs7/Cat/Gpam/Aplp2/Cmpk1/Sorbs1/Ccng2/Nkiras1/Ubc/Chchd10/Atp1b3/Apoe/Sod1/Uqcr10/Dnajc15/Mgll/Scp2/Atl2/C3/Arl4a/Bckdha/Dhrs7b/Cdkn2c/Abca1/Stom/Ndufa5/Bcl6/Enpp2/Ptger3/Ndufab1/Pdcd4/Pfkl/Aldoa/Sqor,3,Omit C2,FALSE,FALSE,28,23,33
C2,3,2,HALLMARK_UV_RESPONSE_DN,HALLMARK_UV_RESPONSE_DN,122,-0.23181868884204804,-1.032197130473293,0.3723653395784544,0.547596087615374,0.35737849928582305,2156,"tags=20%, list=16%, signal=17%",Amph/Cdc42bpa/Ptprm/Phf3/Mrps31/Spop/Grk5/Notch2/Scaf8/Cdkn1b/Pmp22/Mgll/Inpp4b/Dlc1/Prkce/Igf1r/Prkca/Sipa1l1/Nfkb1/Dyrk1a/Adgrl2/Smad7/Tjp1/Pten,3,Omit C2,FALSE,FALSE,27,24,34
C2,3,2,HALLMARK_ANGIOGENESIS,HALLMARK_ANGIOGENESIS,24,-0.3257625524175588,-1.0315238662328932,0.4260869565217391,0.5493298176225005,0.35850998623784247,1440,"tags=21%, list=11%, signal=19%",Ptk2/Msx1/Vegfa/Itgav/S100a4,3,Omit C2,FALSE,FALSE,26,25,35
C2,3,2,HALLMARK_BILE_ACID_METABOLISM,HALLMARK_BILE_ACID_METABOLISM,83,-0.24306245996669457,-1.0265505713831389,0.3878923766816144,0.5493298176225005,0.35850998623784247,1303,"tags=14%, list=10%, signal=13%",Sod1/Scp2/Pex1/Npc1/Pex7/Abca1/Rbp1/Bcar3/Rxrg/Pex13/Fads1/Ttr,3,Omit C2,FALSE,FALSE,25,26,36
C2,3,2,HALLMARK_HEME_METABOLISM,HALLMARK_HEME_METABOLISM,167,-0.21624535014073223,-1.020259278389741,0.39588100686498856,0.5493298176225005,0.35850998623784247,2818,"tags=24%, list=21%, signal=19%",Pdzk1ip1/Sdcbp/Add1/Nr3c1/Gmps/Foxj2/Uros/Bach1/Gclc/Ezh1/Prdx2/Slc2a1/Mark3/Slc22a4/Optn/Abcg2/Xpo7/Cat/Ranbp10/Sec14l1/Tnrc6b/AK157302/Mxi1/Arhgef12/C3/Tent5c/Cpox/Xk/Tcea1/Lamp2/Ncoa4/Ccnd3/Lpin2/H1f0/Mkrn1/Ell2/Epb41/Foxo3/Bmp2k/Picalm,3,Omit C2,FALSE,FALSE,24,27,37
C2,3,2,HALLMARK_HEDGEHOG_SIGNALING,HALLMARK_HEDGEHOG_SIGNALING,29,-0.3050351295082512,-1.0174423490113311,0.4398249452954048,0.5493298176225005,0.35850998623784247,1287,"tags=28%, list=10%, signal=25%",Ophn1/Crmp1/Adgrg1/Myh9/Ldb1/Vegfa/Ets2/Tle3,3,Omit C2,FALSE,FALSE,23,28,38
C2,3,2,HALLMARK_MYOGENESIS,HALLMARK_MYOGENESIS,134,-0.22114806006649407,-1.010420316632297,0.4138702460850112,0.5493298176225005,0.35850998623784247,1835,"tags=17%, list=14%, signal=15%",Sorbs1/Bin1/Foxo4/Cryab/Fabp3/Mef2a/Pde4dip/Tnni2/Myh9/Myl6b/Rb1/Gabarapl2/Eno3/Mef2c/Myom1/Fxyd1/Nav2/Lpin1/Sparc/Mef2d/Col6a3/Mras/Ifrd1,3,Omit C2,FALSE,FALSE,22,29,39
C2,3,2,HALLMARK_PI3K_AKT_MTOR_SIGNALING,HALLMARK_PI3K_AKT_MTOR_SIGNALING,95,-0.23390905077170257,-1.001191240727426,0.4470588235294118,0.5493298176225005,0.35850998623784247,1588,"tags=17%, list=12%, signal=15%",Rptor/Mapk1/Map3k7/Rps6ka3/Cdkn1b/Eif4e/Camk4/Map2k6/Cab39l/Il2rg/Gsk3b/Plcg1/Cdk1/Actr2/Mknk2/Pten,3,Omit C2,FALSE,FALSE,21,30,40
C2,3,2,HALLMARK_DNA_REPAIR,HALLMARK_DNA_REPAIR,145,-0.21668882660795544,-0.999003318830662,0.45045045045045046,0.5493298176225005,0.35850998623784247,1497,"tags=17%, list=11%, signal=15%",Polr2c/Arl6ip1/Dctn4/Gtf2h5/Taf6/Supt4a/Gtf2a2/Dguok/Polb/Rbx1/Gsdme/Cox17/Dad1/Taf12/Eif1b/Rpa3/Polr2g/Polr1h/Pde4b/Cetn2/Polr2k/Ago4/Gtf2h3/Rala,3,Omit C2,FALSE,FALSE,20,31,41
C2,3,2,HALLMARK_PROTEIN_SECRETION,HALLMARK_PROTEIN_SECRETION,92,-0.23171784676121857,-0.9861395222778776,0.4813953488372093,0.5593177827940807,0.36502844771824217,4208,"tags=41%, list=32%, signal=28%",Arf1/Sec31a/Tmed10/Rab22a/Rab2a/Ap3s1/Clcn3/Uso1/Cltc/Arfgef2/Sspn/Dnm1l/Copb1/Gosr2/Clta/Arcn1/Ocrl/Ap1g1/Gbf1/Lman1/Cog2/Ap2b1/Gnas/Sec22b/Rer1/Bet1/Mapk1/Igf2r/Rps6ka3/Sod1/Anp32e/Bnip3/Lamp2/Copb2/Abca1/Atp7a/Dst/Adam10,3,Omit C2,FALSE,FALSE,19,32,42
C2,3,2,HALLMARK_PANCREAS_BETA_CELLS,HALLMARK_PANCREAS_BETA_CELLS,17,-0.3424396655891458,-0.979038331671861,0.4885844748858447,0.5593177827940807,0.36502844771824217,3561,"tags=35%, list=27%, signal=26%",Akt3/Sec11a/Lmo2/Mafb/Srp14/Stxbp1,3,Omit C2,FALSE,FALSE,18,33,43
C2,3,2,HALLMARK_UV_RESPONSE_UP,HALLMARK_UV_RESPONSE_UP,136,-0.21425513693624215,-0.9783151803661232,0.5,0.5593177827940807,0.36502844771824217,1570,"tags=15%, list=12%, signal=14%",Btg1/Prkaca/H2ax/Creg1/Cyb5b/Cdkn2b/Atp6v1f/Msx1/Cebpg/Ccnd3/Lyn/Hspa13/Gch1/Casp3/Btg3/Cdkn1c/Igfbp2/Il6/Aldoa/Fosb/Nr4a1,3,Omit C2,FALSE,FALSE,17,34,44
C2,3,2,HALLMARK_CHOLESTEROL_HOMEOSTASIS,HALLMARK_CHOLESTEROL_HOMEOSTASIS,65,-0.24016193678344308,-0.9670361072478316,0.5033860045146726,0.5593177827940807,0.36502844771824217,2413,"tags=34%, list=18%, signal=28%",Ctnnb1/Stard4/Srebf2/Anxa5/Pnrc1/Atf3/Cyp51/Alcam/Hmgcr/Fabp5/Sc5d/Atxn2/Gpx8/Nsdhl/Lgals3/Nfil3/S100a11/Hmgcs1/Cd9/Trp53inp1/Cxcl16/Plaur,3,Omit C2,FALSE,FALSE,16,35,45
C2,3,2,HALLMARK_KRAS_SIGNALING_DN,HALLMARK_KRAS_SIGNALING_DN,92,-0.22583117631740612,-0.961087164591978,0.5302325581395348,0.57633973710819,0.37613751263902934,2055,"tags=24%, list=16%, signal=20%",Nr4a2/Kcnd1/Slc38a3/Ccdc106/Slc16a7/Synpo/Dtnb/Sgk1/Sncb/Edn1/Bmpr1b/Vps50/Prkn/Snn/Copz2/Tent5c/Selenop/Skil/Kmt2d/Igfbp2/Klk8/Kcne2,3,Omit C2,FALSE,FALSE,15,36,46
C2,3,2,HALLMARK_PEROXISOME,HALLMARK_PEROXISOME,86,-0.2149275956538721,-0.9101058142531598,0.6575963718820862,0.699570608385198,0.45656187073560295,2112,"tags=16%, list=16%, signal=14%",Alb/Abcb9/Cat/Cln8/Abcc5/Bcl10/Ywhah/Sod1/Scp2/Rxrg/Pex13/Fads1/Top2a/Ttr,3,Omit C2,FALSE,FALSE,14,37,47
C2,3,2,HALLMARK_ESTROGEN_RESPONSE_EARLY,HALLMARK_ESTROGEN_RESPONSE_EARLY,146,-0.1922097007170447,-0.8877740670428673,0.748314606741573,0.7794943820224719,0.508722649319929,2557,"tags=23%, list=19%, signal=18%",Aff1/Tpd52l1/Wwc1/Myb/Eeig1/Jak2/Pmaip1/Slc2a1/Plaat3/Amfr/Slc39a6/Tgm2/Farp1/Elf1/Med13l/Dynlt3/Opn3/Sh3bp5/Dlc1/Flnb/Ugcg/Abhd2/Cd44/Arl3/Igf1r/Igfbp4/Nav2/Klf4/Mlph/Areg/Tpbg/B4galt1/Car12,3,Omit C2,FALSE,FALSE,13,38,48
C2,3,2,HALLMARK_FATTY_ACID_METABOLISM,HALLMARK_FATTY_ACID_METABOLISM,129,-0.18840786975086027,-0.849913081782397,0.8325688073394495,0.8495600074892342,0.5544496890982371,3026,"tags=26%, list=23%, signal=21%",Grhpr/Ephx1/Idh3g/Cbr1/Eno2/Hsd17b11/Hsdl2/Acadm/Uros/Hsd17b10/Kmt5a/Dld/Hibch/Hadhb/Aldh3a2/Bphl/Nsdhl/H2az1/Bmpr1b/Ywhah/Sdha/Mgll/D2hgdh/S100a10/Cpox/Auh/Eno3/Odc1/Rap1gds1/Hmgcs1/Glul/Serinc1/Aldoa/Mif,3,Omit C2,FALSE,FALSE,12,39,49
C2,3,2,HALLMARK_REACTIVE_OXYGEN_SPECIES_PATHWAY,HALLMARK_REACTIVE_OXYGEN_SPECIES_PATHWAY,46,0.2067673423189851,0.7545459839223349,0.8862385321100917,0.8862385321100917,0.5783872525350072,3751,"tags=37%, list=28%, signal=27%",Ipcef1/Gsr/Prdx6/Junb/Cdkn2d/Hmox2/Hhex/Ptpa/Scaf4/Fes/Ercc2/Egln2/Prdx1/Msra/G6pdx/Txnrd2/Prdx4,3,Omit C2,FALSE,FALSE,11,40,50
C3,3,2,HALLMARK_TNFA_SIGNALING_VIA_NFKB,HALLMARK_TNFA_SIGNALING_VIA_NFKB,176,-0.5464453830622762,-2.593901841544663,1.3599407478715438e-16,6.799703739357719e-15,3.865094757108599e-15,1406,"tags=38%, list=11%, signal=34%",Edn1/Abca1/F3/Tnfaip8/Il18/Dusp1/Gem/Ptger4/B4galt5/Serpine1/Vegfa/Litaf/Nfkbie/Maff/Marcks/Tgif1/Ninj1/Rcan1/Slc2a3/Fosl1/Bcl6/Zbtb10/Areg/Nr4a2/Nfkb1/Cflar/Btg1/Sdc4/Tnfaip2/Sat1/Ehd1/Eif1/Mcl1/Rel/Btg3/Plek/Dennd5a/Nfil3/Trib1/Il1a/Gch1/Klf4/Irs2/Ccl5/Fosl2/Cd44/Il6/B4galt1/Plau/Fosb/Kdm6b/Csf1/Cebpb/Cd83/Ets2/Ccrl2/Plaur/Rnf19b/Pde4b/Nr4a3/Tnfaip3/Nr4a1/Id2/Ptgs2/Bcl2a1d/Cxcl10,4,Omit C3,FALSE,TRUE,50,1,1
C3,3,2,HALLMARK_HYPOXIA,HALLMARK_HYPOXIA,163,-0.4472542578908215,-2.0957191101453914,2.24908696630645e-8,3.748478277177417e-7,2.130713968079795e-7,1323,"tags=28%, list=10%, signal=25%",Eno2/F3/Glrx/Dusp1/P4ha1/Ddit4/Rora/Serpine1/Atp7a/Vegfa/Anxa2/Maff/Noct/Csrp2/Slc2a3/Cxcr4/Pfkp/Pfkl/Nedd4l/Rragd/Btg1/Tpi1/Sdc4/Rbpj/Klf7/Ids/Pgk1/Aldoa/Foxo3/Nfil3/Car12/Slc2a5/Irs2/Tpbg/Pim1/Fosl2/Prkca/Il6/S100a4/Tes/Cp/Mif/Gcnt2/Plaur/Tnfaip3,4,Omit C3,FALSE,TRUE,49,2,2
C3,3,2,HALLMARK_COMPLEMENT,HALLMARK_COMPLEMENT,146,-0.45544620698153593,-2.0940640598937854,4.5902992402202936e-8,5.737874050275367e-7,3.261528407524946e-7,2395,"tags=36%, list=18%, signal=30%",Grb2/Kynu/Kcnip2/Jak2/Dyrk2/Usp14/Dock10/Was/Ppp2cb/Lcp2/Rasgrp1/Sirt6/Gpd2/Ctso/Adam9/Timp2/Pla2g7/Anxa5/Fcer1g/C3/Cblb/F3/Casp3/Atox1/Cpq/S100a9/Casp9/Cfh/Fdx1/Lamp2/Serpine1/Psmb9/Brpf3/Maff/S100a13/Lyn/Lrp1/Casp4/Ehd1/Gngt2/Gp9/Dock4/Plek/Gng2/Ccl5/Pim1/Notch4/Il6/Cebpb/Ang/Cp/Plaur/Tnfaip3,4,Omit C3,FALSE,TRUE,48,3,3
C3,3,2,HALLMARK_OXIDATIVE_PHOSPHORYLATION,HALLMARK_OXIDATIVE_PHOSPHORYLATION,192,-0.4327041830751581,-2.080989034080147,3.283422416723654e-9,8.208556041809136e-8,4.6659160658704574e-8,1598,"tags=26%, list=12%, signal=23%",Atp6v0b/Supv3l1/Eci1/Sdha/Ndufb5/Uqcrq/Atp5pf/Atp5pb/Ndufb7/Bax/Dld/Sdhd/Ndufa4/Cox7b/Ndufc1/Ogdh/Ndufb2/Gpx4/Atp6v0e/Fdx1/Atp5f1e/Cox6c/Cox8a/Atp5pd/Vdac3/AK157302/Cox7c/Atp6v1f/Ndufa1/Atp5mf/Ndufs6/Cox7a2l/Uqcr10/Cyb5a/Timm8b/Ndufa2/Cox17/Ndufa5/Cox6b1/Ndufc2/Etfa/Atp6v1g1/Mpc1/Cox7a2/Uqcrb/Ndufs4/Uqcrh/Ndufa7/Ndufab1/Ndufb3,4,Omit C3,FALSE,TRUE,47,4,4
C3,3,2,HALLMARK_INFLAMMATORY_RESPONSE,HALLMARK_INFLAMMATORY_RESPONSE,145,-0.43398904026899127,-2.000934829530512,2.910804091062353e-7,2.9108040910623525e-6,1.6545623254459688e-6,2587,"tags=37%, list=20%, signal=30%",Mefv/Gpr183/Atp2b1/Sri/Slc31a1/Il1r1/Cdkn1a/Gabbr1/Cd40/Abi1/Il1b/Lcp2/Rasgrp1/Tnfrsf1b/Ccl7/Rela/Tnfsf9/P2ry2/Edn1/Gpr132/Abca1/F3/Il18/Kcna3/Cd82/Ptger4/Serpine1/Cybb/Ccl24/Emp3/Clec5a/Osm/Calcrl/Lyn/Nfkb1/Ahr/Pvr/Ptafr/Il1a/Gch1/Cxcl9/Tpbg/Ccl5/Il6/Nlrp3/Dcbld2/Rgs1/Csf1/Itga5/Cd14/Ccrl2/Plaur/Pde4b/Cxcl10,4,Omit C3,FALSE,TRUE,46,5,5
C3,3,2,HALLMARK_MYC_TARGETS_V2,HALLMARK_MYC_TARGETS_V2,58,0.4974598686246673,1.959082979124248,7.404314403471006e-5,5.288796002479291e-4,3.006262990882966e-4,2620,"tags=50%, list=20%, signal=40%",Myc/Mcm5/Tmem97/Nop2/Grwd1/Nop56/Mcm4/Tbrg4/Noc4l/Ppan/Pprc1/Srm/Mrto4/Rrp9/Bysl/Nolc1/Pes1/Cdk4/Mphosph10/Nop16/Nip7/Mybbp1a/Ung/Rcl1/Wdr43/Wdr74/Prmt3/Exosc5/Sord,4,Omit C3,FALSE,TRUE,1,50,6
C3,3,2,HALLMARK_INTERFERON_ALPHA_RESPONSE,HALLMARK_INTERFERON_ALPHA_RESPONSE,86,0.4253579756428841,1.8119226825394552,1.6472143174822124e-4,0.00102950894842638,5.851945601581545e-4,1609,"tags=40%, list=12%, signal=35%",Irf9/Ifit2/Dhx58/Trim21/Ogfr/Irf1/Eif2ak2/Usp18/Rtp4/Stat2/Cmpk2/Gmpr/Cnp/Tap1/Mov10/Irf7/Parp14/Trim14/Lgals3bp/Adar/Oas1a/Tmem140/Oasl1/Ifit3/Trafd1/Lpar6/Rnf31/Ifitm3/Parp9/Trim12c/Sp110/Ifih1/Isg15/Rsad2,4,Omit C3,FALSE,TRUE,2,49,7
C3,3,2,HALLMARK_APOPTOSIS,HALLMARK_APOPTOSIS,141,-0.3872304797953904,-1.776181525276443,6.717466728135051e-5,5.288796002479291e-4,3.006262990882966e-4,2363,"tags=32%, list=18%, signal=26%",Gadd45b/Cdkn1a/Cyld/Cdkn1b/Il1b/Pmaip1/Rock1/Ebp/Birc3/Brca1/Fas/Rela/Dnm1l/Timp2/Rnasel/Anxa1/Ptk2/Eno2/Ppp3r1/Sod1/Bax/Casp3/Il18/Hspb1/Casp9/Gpx4/Ccnd2/Txnip/Smad7/Cflar/Pdcd4/Sat1/Casp4/Lmna/Mcl1/Btg3/H1f0/Top2a/Wee1/Il1a/Gch1/Cd44/Il6/Hmgb2/Cd14,4,Omit C3,FALSE,TRUE,45,6,8
C3,3,2,HALLMARK_ANDROGEN_RESPONSE,HALLMARK_ANDROGEN_RESPONSE,86,-0.4130618069266307,-1.7573345328231835,4.8325062527833465e-4,0.00219659375126515,0.00124859013229808,2251,"tags=35%, list=17%, signal=29%",Stk39/Maf/Arid5b/Dbi/Rab4a/Uap1/Elk4/Ncoa4/Tnfaip8/Fkbp5/Selenop/Tmem50a/Appbp2/Rps6ka3/Zbtb10/Ube2j1/Cenpn/Ccnd3/Mertk/Lifr/Ngly1/Sat1/Itgav/Ell2/Vapa/H1f0/Fads1/Abhd2/B2m/B4galt1,4,Omit C3,FALSE,TRUE,44,7,9
C3,3,2,HALLMARK_EPITHELIAL_MESENCHYMAL_TRANSITION,HALLMARK_EPITHELIAL_MESENCHYMAL_TRANSITION,129,-0.37941897572395034,-1.7162733188791717,2.5192033589562337e-4,0.00125960167947811,7.159841125454559e-4,1052,"tags=20%, list=8%, signal=19%",Gem/Calu/Serpine1/Notch2/Vegfa/Emp3/Abi3bp/Areg/Wipf1/Lrp1/Sdc4/Sat1/Igfbp2/Itgav/Pvr/Dst/Pmp22/Tpm4/Col6a3/Cd44/Il6/Itga5/Vcam1/Plaur/Tnfaip3/Id2,4,Omit C3,FALSE,TRUE,43,8,10
C3,3,2,HALLMARK_KRAS_SIGNALING_UP,HALLMARK_KRAS_SIGNALING_UP,148,-0.3695574735263032,-1.7108883789489386,2.4158335415818357e-4,0.00125960167947811,7.159841125454559e-4,2392,"tags=26%, list=18%, signal=22%",Snap25/Ammecr1/Pecam1/Strn/Il1b/Map3k1/Ptbp2/Psmb8/Tnfrsf1b/Ero1a/Map4k1/Birc3/Ace/Snap91/Fcer1g/Avl9/Glrx/Laptm5/Cfh/Cab39l/Cdadc1/Ccnd2/Slpi/Etv1/Cxcr4/Il2rg/Tspan13/Trib1/Igf2/Klf4/Ly96/Dcbld2/Plau/Plaur/Tnfaip3/Id2/Prdm1/Ptgs2/Cxcl10,4,Omit C3,FALSE,TRUE,42,9,11
C3,3,2,HALLMARK_APICAL_SURFACE,HALLMARK_APICAL_SURFACE,30,-0.503384169644603,-1.704865825341998,0.00405307767388942,0.01447527740674793,0.00822805242067777,1822,"tags=37%, list=14%, signal=32%",Efna5/Brca1/Tmem8b/Gstm5/Hspb1/Lyn/Il2rg/Adam10/Dcbld2/B4galt1/Plaur,4,Omit C3,FALSE,TRUE,41,10,12
C3,3,2,HALLMARK_SPERMATOGENESIS,HALLMARK_SPERMATOGENESIS,78,-0.3903519478620968,-1.6372484010400448,0.00565507639912515,0.0188502546637505,0.01071488159834239,1889,"tags=28%, list=14%, signal=24%",Ace/Strbp/Cdkn3/Il12rb2/Mast2/Snap91/Psmg1/Mlf1/Gstm5/Braf/Ccnb2/Pomc/Mtor/Vdac3/Camk4/Bub1/Cdk1/Jam3/Lpin1/Gsg1/Clgn/Slc2a5,4,Omit C3,FALSE,TRUE,40,11,13
C3,3,2,HALLMARK_TGF_BETA_SIGNALING,HALLMARK_TGF_BETA_SIGNALING,50,-0.42659955462769433,-1.614305888102126,0.01077568276075686,0.02993245211321351,0.01701423593803715,1805,"tags=32%, list=14%, signal=28%",Rhoa/Furin/Thbs1/Smurf2/Id3/Map3k7/Serpine1/Bcar3/Tgif1/Smad7/Tgfbr1/Fnta/Bmpr2/Skil/Tjp1/Id2,4,Omit C3,FALSE,TRUE,39,12,14
C3,3,2,HALLMARK_ALLOGRAFT_REJECTION,HALLMARK_ALLOGRAFT_REJECTION,136,-0.34839982578653006,-1.5877053813886894,0.00133966350944337,0.00558193128934738,0.00317288725920798,2307,"tags=30%, list=17%, signal=25%",Jak2/Was/Cd40/Abi1/Eif3j1/Il1b/Lcp2/Cdkn2a/Map4k1/Tlr6/Srgn/Ccl7/Brca1/Fas/Ifnar2/Prkcg/Cd47/Rps3a1/H2-Aa/Ncf4/H2-Ob/Il18/Map3k7/Ccnd2/Ltb/Gpr65/Ccr5/Lyn/Ccr1/Ccnd3/Cd86/Il2rg/Cxcl13/Cxcl9/Ccl5/Ly86/B2m/Il6/Nlrp3/Csf1/Klrd1,4,Omit C3,FALSE,TRUE,38,13,15
C3,3,2,HALLMARK_COAGULATION,HALLMARK_COAGULATION,85,-0.3617462459623109,-1.5348521367098,0.01000003543379735,0.02941186892293338,0.01671832549303582,1758,"tags=25%, list=13%, signal=22%",Ctso/Furin/Adam9/Thbs1/Anxa1/C3/F3/Cpq/Casp9/Cfh/Lamp2/Serpine1/Maff/S100a13/Gng12/Lrp1/Klf7/Gp9/Plek/Plau/Ang,4,Omit C3,FALSE,TRUE,37,14,16
C3,3,2,HALLMARK_IL2_STAT5_SIGNALING,HALLMARK_IL2_STAT5_SIGNALING,166,-0.3144920175124873,-1.4808059518164058,0.00265040436620584,0.01019386294694557,0.00579440630668485,2363,"tags=27%, list=18%, signal=23%",Gadd45b/Mapkapk2/Tgm2/Socs2/Gbp3/Amacr/Hipk2/Tnfrsf1b/Snx14/Ikzf2/Furin/Plec/Odc1/Cish/Sh3bgrl2/Rhoh/Casp3/Swap70/P4ha1/Igf1r/Gpx4/Rora/Ccnd2/Ltb/Huwe1/Maff/Gpr65/Slc2a3/Batf/Ahr/Bmpr2/Rragd/Ccnd3/Glipr2/Cd86/Itgav/Smpdl3a/Dennd5a/Nfil3/Tlr7/Pim1/Cd44/Csf1/Cd83/Cxcl10,4,Omit C3,FALSE,TRUE,36,15,17
C3,3,2,HALLMARK_NOTCH_SIGNALING,HALLMARK_NOTCH_SIGNALING,27,-0.44605168970510906,-1.456374597380397,0.05208333333333333,0.10850694444444446,0.06167763157894739,843,"tags=22%, list=6%, signal=21%",Notch2/Psenen/Rbx1/Tcf7l2/Prkca/St3gal6,4,Omit C3,FALSE,FALSE,35,16,18
C3,3,2,HALLMARK_IL6_JAK_STAT3_SIGNALING,HALLMARK_IL6_JAK_STAT3_SIGNALING,70,-0.3522114310795429,-1.4547164161876571,0.03435665264349108,0.08526745526259606,0.04846781667558093,480,"tags=14%, list=4%, signal=14%",Ccr1/Il2rg/Cxcl13/Cxcl9/Pim1/Cd44/Il6/Csf1/Cd14/Cxcl10,4,Omit C3,FALSE,FALSE,34,17,19
C3,3,2,HALLMARK_PROTEIN_SECRETION,HALLMARK_PROTEIN_SECRETION,92,-0.3382699176781397,-1.448195230947861,0.01680823977285521,0.04423220992856635,0.02514251932781666,3454,"tags=37%, list=26%, signal=27%",Lman1/Sec31a/Ap2b1/Gosr2/Tpd52/M6pr/Copb1/Cltc/Uso1/Copb2/Gla/Galc/Arcn1/Cln5/Tmed10/Cog2/Clta/Ap3s1/Scamp1/Mapk1/Dnm1l/Abca1/Snap23/Sod1/Bnip3/Lamp2/Sec22b/Bet1/Rer1/Atp7a/Rps6ka3/Anp32e/Adam10/Dst,4,Omit C3,FALSE,TRUE,33,18,20
C3,3,2,HALLMARK_P53_PATHWAY,HALLMARK_P53_PATHWAY,183,-0.29092174545502425,-1.3833622711454134,0.00784680846322595,0.02452127644758111,0.013938409770204,2170,"tags=26%, list=16%, signal=22%",Ankra2/Epha2/Sesn1/Cdkn2a/Ip6k2/Ercc5/Pmm1/Stom/Zmat3/Perp/Fas/Abhd4/Tnfsf9/Ccng1/Gm2a/Slc7a11/Bax/Mknk2/H2aj/Cd82/Hint1/Ddit4/Ccnd2/Pvt1/Txnip/Tgfa/H2ac25/Rpl36/Vamp8/Ninj1/Ptpn14/Cebpa/Rps27l/Cdkn2b/Btg1/Ccnd3/Sat1/Rb1/Foxo3/Zfp36l1/Il1a/Klf4/S100a10/Zbtb16/S100a4/Pitpnc1/Rnf19b/H1f2,4,Omit C3,FALSE,TRUE,32,19,21
C3,3,2,HALLMARK_WNT_BETA_CATENIN_SIGNALING,HALLMARK_WNT_BETA_CATENIN_SIGNALING,32,0.37828660909785694,1.310455517804687,0.1213872832369942,0.2167630057803468,0.1232126559172498,2790,"tags=41%, list=21%, signal=32%",Myc/Ptch1/Ppard/Axin1/Skp2/Kat2a/Psen2/Ncstn/Nkd1/Gnai1/Trp53/Jag1/Dvl2,4,Omit C3,FALSE,FALSE,3,48,22
C3,3,2,HALLMARK_INTERFERON_GAMMA_RESPONSE,HALLMARK_INTERFERON_GAMMA_RESPONSE,165,0.2670968462218375,1.2735580296812052,0.04911107481691179,0.10676320612372128,0.0606864540071679,1609,"tags=25%, list=12%, signal=22%",Socs1/Mthfd2/Irf9/Ptpn6/Ifit2/Dhx58/Trim21/Rapgef6/Ogfr/Irf1/Eif2ak2/Usp18/Tor1b/Mvp/Rtp4/Stat2/Cmpk2/Pla2g4a/Irf8/Tap1/Znfx1/Irf7/Parp14/Auts2/Trim14/Lgals3bp/Adar/Oasl1/Xaf1/Ifit3/Trafd1/Rnf31/Ifitm3/Zbp1/Rnf213/Stat1/Sp110/Ifih1/Isg15/Pml/Rsad2,4,Omit C3,FALSE,FALSE,4,47,23
C3,3,2,HALLMARK_G2M_CHECKPOINT,HALLMARK_G2M_CHECKPOINT,189,-0.26534604081208335,-1.272712877906487,0.03898911816533474,0.08861163219394261,0.05036871724708317,2004,"tags=24%, list=15%, signal=21%",H2ax/Knl1/Ndc80/Efna5/Cdkn3/Tfdp1/Sap30/Hmmr/Numa1/Odc1/Smarcc1/Katna1/Nusap1/Kif22/Xpo1/H2az1/Syncrip/H2az2/Rad54l/Rad21/Prc1/Pttg1/Prim2/Stag1/Ccnb2/Pafah1b1/Birc5/Notch2/Smc4/Marcks/Bub1/Cul3/Cdk1/Racgap1/Snrpd1/Lig3/Cenpa/Kif23/Cenpf/Stmn1/Top2a/Pbk/Ccna2/Mki67/Tle3/Ube2c,4,Omit C3,FALSE,FALSE,31,20,24
C3,3,2,HALLMARK_E2F_TARGETS,HALLMARK_E2F_TARGETS,197,0.26399781261599486,1.272249581381716,0.03581233121029034,0.08526745526259606,0.04846781667558093,1813,"tags=21%, list=14%, signal=19%",Myc/Mcm7/Mthfd2/Mcm2/Mcm5/Mcm6/Hells/Tcf19/Timeless/Gins1/Nop56/Pola2/Rad50/Rpa2/Mcm4/Mcm3/Pop7/Lig1/Tubb5/Tbrg4/Cdc25a/Hus1/Orc6/Ddx39a/Rfc1/Pan2/Xrcc6/Nasp/Nolc1/Jpt1/Rad51ap1/Pold1/Suv39h1/Dscc1/Cdk4/Ung/Slbp/Tipin/Rfc2/Ccp110/Rfc3/Phf5a,4,Omit C3,FALSE,FALSE,5,46,25
C3,3,2,HALLMARK_ESTROGEN_RESPONSE_LATE,HALLMARK_ESTROGEN_RESPONSE_LATE,141,-0.2704159498067344,-1.2403667563581111,0.09881422924901186,0.182989313424096,0.1040149781568546,1802,"tags=20%, list=14%, signal=17%",Perp/Dlg5/Chpt1/Cish/Aldh3a2/Farp1/Fkbp5/Aff1/S100a9/Cox6c/Dynlt3/Opn3/Jak1/Areg/Plaat3/Batf/Pdcd4/Arl3/Tspan13/Btg3/Top2a/Dnajc12/Car12/Abhd2/Klf4/Tpbg/Cd44/Id2,4,Omit C3,FALSE,FALSE,30,21,26
C3,3,2,HALLMARK_MYC_TARGETS_V1,HALLMARK_MYC_TARGETS_V1,192,-0.2538157398867473,-1.2206671255810742,0.07763401109057301,0.15526802218114602,0.08825761260823038,2564,"tags=27%, list=19%, signal=22%",Psmc6/Mad2l1/Acp1/Cdc20/Kars1/Hprt1/Eif3j1/Rps3/Cstf2/Psmc4/Nap1l1/Ap3s1/Snrpb2/Canx/Snrpd2/Ube2e1/Glo1/Ywhaq/Tfdp1/Fam120a/Odc1/Smarcc1/Pwp1/Psmd8/Psma6/Snrpg/Eif4e/Rps10/Hspe1/Ywhae/Xpo1/Phb1/H2az1/Psma2/Syncrip/Eef1b2/Prps2/Hnrnpa3/Vdac3/Hnrnpr/Erh/Vbp1/Snrpd1/Txnl4a/Pgk1/Rpl22/Ssbp1/Cbx3/Ccna2/Ndufab1/Hnrnpc/Ifrd1,4,Omit C3,FALSE,FALSE,29,22,27
C3,3,2,HALLMARK_MITOTIC_SPINDLE,HALLMARK_MITOTIC_SPINDLE,194,-0.25175542649679533,-1.211348373959672,0.08955223880597014,0.1722158438576349,0.09789111124539247,2693,"tags=25%, list=20%, signal=20%",Kif20b/Kif15/Cd2ap/Kif11/Flnb/Ranbp9/Pcm1/Cdc27/Pkd2/Abi1/Rock1/Cdc42bpa/Ndc80/Klc1/Myh9/Arhgef12/Numa1/Stk38l/Katna1/Nusap1/Kif22/Ywhae/Arf6/Farp1/Dlg1/Synpo/Cdc42/Prc1/Ccnb2/Pafah1b1/Birc5/Notch2/Smc4/Epb41l2/Marcks/Bub1/Cdk1/Rab3gap1/Racgap1/Kif23/Dync1h1/Vcl/Epb41/Ssh2/Cenpf/Dock4/Dst/Top2a/Ezr,4,Omit C3,FALSE,FALSE,28,23,28
C3,3,2,HALLMARK_DNA_REPAIR,HALLMARK_DNA_REPAIR,145,-0.25865570834211304,-1.192549045381041,0.136986301369863,0.22094564737074676,0.12559015745284555,2025,"tags=23%, list=15%, signal=20%",Polr2a/Gsdme/Ercc5/Polr2h/Polr2c/Pole4/Polr3gl/Polr2j/Nme4/Taf12/Gtf2h3/Arl6ip1/Ago4/Dguok/Supt4a/Polb/Dctn4/Gpx4/Gtf2h5/Polr2i/Cetn2/Rad52/Sdcbp/Rala/Gtf2a2/Dad1/Cox17/Rbx1/Polr1h/Eif1b/Rpa3/Polr2g/Polr2k/Pde4b,4,Omit C3,FALSE,FALSE,27,24,29
C3,3,2,HALLMARK_ADIPOGENESIS,HALLMARK_ADIPOGENESIS,185,-0.2458689533321559,-1.1769965275270209,0.1266540642722117,0.2183690763313995,0.12412558023047976,1966,"tags=21%, list=15%, signal=18%",Enpp2/Ptger3/Sult1a1/Stom/Cmpk1/Aplp2/Gpd2/Gbe1/Abca1/Uqcrq/C3/Sod1/Ndufb7/Dld/Sowahc/Dhrs7b/Cox7b/Ltc4s/Atp1b3/Dhrs7/Gpx4/Atl2/Cox8a/Agpat3/Ppm1b/Cd302/Chchd10/Bcl6/Uqcr10/Scp2/Pfkl/Dnajc15/Sqor/Pdcd4/Lifr/Ndufa5/Aldoa/Ndufab1/Apoe,4,Omit C3,FALSE,FALSE,26,25,30
C3,3,2,HALLMARK_GLYCOLYSIS,HALLMARK_GLYCOLYSIS,162,-0.2486418420253162,-1.1675007060359046,0.13582677165354332,0.22094564737074676,0.12559015745284555,1697,"tags=20%, list=13%, signal=18%",Sap30/Prps1/Hmmr/Nsdhl/Txn1/Eno2/Sod1/Glrx/Dld/Slc35a3/P4ha1/Ddit4/Bpnt1/Vegfa/Tgfa/Cdk1/Cxcr4/Pfkp/Cenpa/Cyb5a/Rragd/Tpi1/Mertk/Pgk1/Aldoa/Stmn1/Pgam1/Irs2/Tpbg/Cd44/B4galt1/Ang/Mif,4,Omit C3,FALSE,FALSE,25,26,31
C3,3,2,HALLMARK_HEME_METABOLISM,HALLMARK_HEME_METABOLISM,167,-0.2463404564930784,-1.1615316799736033,0.15520628683693516,0.2425098231827112,0.1378476889670148,3012,"tags=27%, list=23%, signal=21%",Mfhas1/Atg4a/Mxi1/Xk/Ccdc28a/Mpp1/Kat2b/Map2k3/Atp6v0a1/Ctse/Mocos/Uros/Acsl6/Cdc27/Kdm7a/Tfdp2/Nnt/Cpox/Ucp2/Mark3/Tfrc/Pdzk1ip1/Tcea1/Ackr1/Marchf8/Xpo7/Slc2a1/Arhgef12/C3/Ncoa4/Slc7a11/Mkrn1/Lamp2/Tent5c/AK157302/Sdcbp/Ccnd3/Epb41/Lpin2/Bach1/Ell2/Foxo3/H1f0/Bmp2k/Picalm,4,Omit C3,FALSE,FALSE,24,27,32
C3,3,2,HALLMARK_PI3K_AKT_MTOR_SIGNALING,HALLMARK_PI3K_AKT_MTOR_SIGNALING,95,-0.2551880967544064,-1.1008823686220084,0.2718052738336714,0.4118261724752597,0.23409066645962137,2704,"tags=25%, list=20%, signal=20%",Map2k3/Rptor/Rac1/Nfkbib/Grb2/Cdkn1a/Cdkn1b/Arpc3/Slc2a1/Mapk1/Eif4e/Mknk2/Map2k6/Pla2g12a/Cab39l/Map3k7/Camk4/Rps6ka3/Cdk1/Cxcr4/Il2rg/Gsk3b/Actr2/Pten,4,Omit C3,FALSE,FALSE,23,28,33
C3,3,2,HALLMARK_FATTY_ACID_METABOLISM,HALLMARK_FATTY_ACID_METABOLISM,129,-0.23657055436143384,-1.070109183939147,0.312,0.4517453798767967,0.25678158435102133,3476,"tags=33%, list=26%, signal=25%",Elovl5/Acsl1/Hsdl2/Eci2/Idh3g/Hadhb/Hsp90aa1/Kmt5a/Hmgcl/Cd36/Mcee/Eno3/Hsd17b11/Hibch/Hmgcs1/Bphl/Uros/Idi1/Suclg2/D2hgdh/Hsd17b10/Cpox/Ywhah/Rap1gds1/Gpd2/Ostc/Nsdhl/Cbr3/Odc1/Eci1/Sdha/Aldh3a2/Eno2/Dld/Sdhd/H2az1/Ltc4s/Auh/Serinc1/Glul/Aldoa/S100a10/Mif,4,Omit C3,FALSE,FALSE,22,29,34
C3,3,2,HALLMARK_HEDGEHOG_SIGNALING,HALLMARK_HEDGEHOG_SIGNALING,29,-0.31640232884627106,-1.0599099088734243,0.375,0.5067567567567568,0.28805120910384074,841,"tags=14%, list=6%, signal=13%",Myh9/Vegfa/Ets2/Tle3,4,Omit C3,FALSE,FALSE,21,30,35
C3,3,2,HALLMARK_UV_RESPONSE_DN,HALLMARK_UV_RESPONSE_DN,122,-0.23765000009963283,-1.0596852294843755,0.3162217659137577,0.4517453798767967,0.25678158435102133,2290,"tags=30%, list=17%, signal=25%",Atrx/Grk5/Amph/Ythdc1/Anxa4/Phf3/Atp2c1/Dlc1/Scn8a/Prkce/Atp2b1/Sri/Sipa1l1/Wdr37/Cdkn1b/Spop/Mrps31/Atxn1/Cdc42bpa/Pik3cd/F3/Dlg1/Dusp1/Adgrl2/Runx1/Igf1r/Serpine1/Notch2/Anxa2/Smad7/Nfkb1/Dyrk1a/Map1b/Tjp1/Pmp22/Prkca/Pten,4,Omit C3,FALSE,FALSE,20,31,36
C3,3,2,HALLMARK_ESTROGEN_RESPONSE_EARLY,HALLMARK_ESTROGEN_RESPONSE_EARLY,146,-0.22760176603684704,-1.046474141007475,0.33532934131736525,0.4657351962741184,0.2647336905137095,2379,"tags=23%, list=18%, signal=19%",Snx24/Tgm2/Jak2/Pmaip1/Nav2/Rasgrp1/Scnn1a/Slc39a6/Ablim1/Adcy9/Slc2a1/Chpt1/Cish/P2ry2/Farp1/Fkbp5/Aff1/Med13l/Igf1r/Dynlt3/Opn3/Mlph/Areg/Plaat3/Arl3/Ugcg/Sh3bp5/Car12/Abhd2/Klf4/Tpbg/Cd44/B4galt1,4,Omit C3,FALSE,FALSE,19,32,37
C3,3,2,HALLMARK_XENOBIOTIC_METABOLISM,HALLMARK_XENOBIOTIC_METABOLISM,138,-0.22317080672168724,-1.0205216747001702,0.3874755381604697,0.5098362344216706,0.28980164903968647,1092,"tags=12%, list=8%, signal=11%",Dhrs7/Ssr3/Serpine1/Marchf6/Npc1/Ninj1/Sar1b/Cyb5a/Lpin2/Gch1/Pgrmc1/Spint2/Apoe/Ets2/Man1a/Gcnt2/Id2,4,Omit C3,FALSE,FALSE,18,33,38
C3,3,2,HALLMARK_REACTIVE_OXYGEN_SPECIES_PATHWAY,HALLMARK_REACTIVE_OXYGEN_SPECIES_PATHWAY,46,-0.2723920565321851,-1.0187715215158974,0.41140529531568226,0.5274426863021567,0.2998095269506997,2409,"tags=28%, list=18%, signal=23%",Glrx2/Lsp1/Ndufa6/Txn1/Sod1/Glrx/Atox1/Gpx4/Txnrd1/Lamtor5/Pfkp/Sbno2/Srxn1,4,Omit C3,FALSE,FALSE,17,34,39
C3,3,2,HALLMARK_UV_RESPONSE_UP,HALLMARK_UV_RESPONSE_UP,136,-0.21897805071614376,-0.9979127536678252,0.4393638170974155,0.5492047713717694,0.31217955425342686,2205,"tags=21%, list=17%, signal=18%",Grina/Cebpg/Rasgrp1/Msx1/Tfrc/Eif2s3x/H2ax/Ago2/Sult1a1/Polr2h/Furin/Nptxr/Eno2/Ggh/Casp3/Hspa13/Atp6v1f/Lyn/Cdkn2b/Rab27a/Btg1/Ccnd3/Igfbp2/Aldoa/Btg3/Gch1/Il6/Fosb/Nr4a1,4,Omit C3,FALSE,FALSE,16,35,40
C3,3,2,HALLMARK_BILE_ACID_METABOLISM,HALLMARK_BILE_ACID_METABOLISM,83,-0.2356904882479024,-0.99629462484792,0.4552845528455284,0.5552250644457664,0.31560161557969885,2699,"tags=24%, list=20%, signal=19%",Hsd17b11/Gnmt/Slc23a2/Idi1/Amacr/Atxn1/Hacl1/Abca5/Abcd3/Abca1/Pex7/Sod1/Pex13/Npc1/Abca9/Bcar3/Pex1/Scp2/Fads1/Ttr,4,Omit C3,FALSE,FALSE,15,36,41
C3,3,2,HALLMARK_ANGIOGENESIS,HALLMARK_ANGIOGENESIS,24,0.3069244812624206,0.9768446466678322,0.482421875,0.5743117559523809,0.3264508928571429,1311,"tags=25%, list=10%, signal=23%",Lpl/Nrp1/Spp1/Pglyrp1/Pdgfa/Postn,4,Omit C3,FALSE,FALSE,6,45,42
C3,3,2,HALLMARK_KRAS_SIGNALING_DN,HALLMARK_KRAS_SIGNALING_DN,92,-0.22711321651882072,-0.9723131140521166,0.4939271255060729,0.5743338668675266,0.3264634611668046,1856,"tags=20%, list=14%, signal=17%",Dtnb/Ptprj/Prkn/Cpeb3/Edn1/Selenop/Slc5a5/Synpo/Slc16a7/Tent5c/Nr4a2/Ccdc106/Copz2/Skil/Igfbp2/Kcne2/Kmt2d/Zbtb16,4,Omit C3,FALSE,FALSE,14,37,43
C3,3,2,HALLMARK_UNFOLDED_PROTEIN_RESPONSE,HALLMARK_UNFOLDED_PROTEIN_RESPONSE,107,0.21450180223952345,0.9610651097845344,0.5454545454545454,0.6060606060606061,0.3444976076555024,2648,"tags=23%, list=20%, signal=19%",Mthfd2/Psat1/Nop56/Aldh18a1/Eef2/Iars1/Arfgap1/Wipi1/Rrp9/Nolc1/Lsm1/Sdad1/Exosc2/Chac1/Asns/Srpra/Tars1/Tatdn2/Edc4/Eif4a2/Exosc5/Slc7a5/Exosc1/Preb/Nop14,4,Omit C3,FALSE,FALSE,7,44,44
C3,3,2,HALLMARK_PANCREAS_BETA_CELLS,HALLMARK_PANCREAS_BETA_CELLS,17,-0.3280567514974306,-0.943562508705723,0.5300429184549357,0.6023214982442452,0.3423722200546236,910,"tags=18%, list=7%, signal=16%",Sec11a/Stxbp1/Srp14,4,Omit C3,FALSE,FALSE,13,38,45
C3,3,2,HALLMARK_APICAL_JUNCTION,HALLMARK_APICAL_JUNCTION,149,-0.1989878165416394,-0.9201565671435,0.6653543307086615,0.707823756073044,0.4023419245046778,1717,"tags=15%, list=13%, signal=13%",Myh9/Adam9/Tmem8b/Ctnna1/Myl12b/Syk/Pkd1/Ptk2/Actb/Pik3cb/Dlg1/Arhgef6/Itga9/Epb41l2/Jam3/Vcl/Cd86/Sgce/Tjp1/B4galt1/Vcam1/Pten,4,Omit C3,FALSE,FALSE,12,39,46
C3,3,2,HALLMARK_MTORC1_SIGNALING,HALLMARK_MTORC1_SIGNALING,192,-0.19034534260037023,-0.9154211725538086,0.7153419593345656,0.7299407748311894,0.4149137035882551,2445,"tags=28%, list=19%, signal=23%",Dapp1/M6pr/Cyb5b/Plk1/Ppia/Atp2a2/Ufm1/Uso1/Atp5mc1/Nampt/Gla/Map2k3/Hmgcs1/Psmc6/Idi1/Nfkbib/Cdkn1a/Hprt1/Hspa4/Psmc4/Tfrc/Tcea1/Egln3/Ero1a/Ebp/Canx/Slc2a1/Psmg1/Gbe1/Ccng1/Hspe1/Slc7a11/Glrx/P4ha1/Ddit4/Uchl5/Sec11a/Txnrd1/Rab1a/Psma3/Bub1/Slc2a3/Cxcr4/Pfkl/Tpi1/Gsk3b/Pgk1/Aldoa/Fads1/Nfil3/Actr2/Tes/Ifrd1,4,Omit C3,FALSE,FALSE,11,40,47
C3,3,2,HALLMARK_PEROXISOME,HALLMARK_PEROXISOME,86,-0.21410595008765648,-0.9108946251203208,0.6356435643564357,0.6909169177787343,0.3927317216847544,3516,"tags=31%, list=27%, signal=23%",Bcl10/Elovl5/Acsl1/Eci2/Sod2/Cln8/Slc25a17/Ercc1/Hmgcl/Slc25a19/Fis1/Hsd17b11/Itgb1bp1/Abcb9/Slc23a2/Idi1/Abcc5/Ywhah/Atxn1/Abcd3/Smarcc1/Sod1/Pex13/Scp2/Fads1/Top2a/Ttr,4,Omit C3,FALSE,FALSE,10,41,48
C3,3,2,HALLMARK_CHOLESTEROL_HOMEOSTASIS,HALLMARK_CHOLESTEROL_HOMEOSTASIS,65,0.21520727491602257,0.8733599709452494,0.7114624505928854,0.7299407748311894,0.4149137035882551,1468,"tags=17%, list=11%, signal=15%",Lpl/Gusb/Tmem97/Chka/Fdft1/Niban1/Tm7sf2/Ldlr/Hsd17b7/Mvk/Fasn,4,Omit C3,FALSE,FALSE,8,43,49
C3,3,2,HALLMARK_MYOGENESIS,HALLMARK_MYOGENESIS,134,-0.17163552175387037,-0.7815057767577185,0.9346534653465348,0.9346534653465348,0.5312767066180304,2989,"tags=22%, list=23%, signal=18%",Notch1/Cd36/Tnni2/Tnnt1/Eno3/Wwtr1/Ckm/Fabp3/Gadd45b/Cox7a1/Camk2b/Lsp1/Cdkn1a/Foxo4/Nav2/Mef2a/Ablim1/Adcy9/Myh9/Myl6b/Myom1/Gabarapl2/Mef2c/Fxyd1/Lpin1/Rb1/Mef2d/Col6a3/Mras/Ifrd1,4,Omit C3,FALSE,FALSE,9,42,50
S1,2,3,HALLMARK_TNFA_SIGNALING_VIA_NFKB,HALLMARK_TNFA_SIGNALING_VIA_NFKB,176,-0.5431450202228301,-2.544061941440811,1.124043747726319e-15,5.620218738631595e-14,3.4312914404277116e-14,1181,"tags=36%, list=9%, signal=33%",Phlda1/Plek/F3/B4galt5/Ehd1/Tnfsf9/Ptger4/Nr4a2/Fosl1/Trib1/Ninj1/Mcl1/Marcks/Rcan1/Btg1/Vegfa/Litaf/Tgif1/Tnfaip2/Cflar/Sat1/Il1a/Btg3/Klf4/Areg/Cebpb/Eif1/Cd44/Zbtb10/Nfil3/Nfkb1/Nfkbie/Il6/Irs2/Kdm6b/Dennd5a/B4galt1/Sdc4/Ets2/Maff/Gem/Id2/Fosl2/Gch1/Csf1/Rel/Gadd45b/Plau/Pde4b/Ccl5/Fosb/Bcl6/Plaur/Ccrl2/Nr4a1/Cxcl10/Nr4a3/Dusp2/Cd83/Rnf19b/Ptgs2/Tnfaip3/Bcl2a1d,5,Omit S1,FALSE,TRUE,50,1,1
S1,2,3,HALLMARK_INTERFERON_ALPHA_RESPONSE,HALLMARK_INTERFERON_ALPHA_RESPONSE,86,0.5769801720706461,2.450518759783177,1.7860556005126588e-10,4.465139001281647e-9,2.726084863940374e-9,1266,"tags=49%, list=10%, signal=44%",Usp18/Irf9/Dhx58/Ifit3/Rtp4/Eif2ak2/Ogfr/Ifit2/Sp110/Cmpk2/Stat2/Oas1a/Lgals3bp/Parp14/Irf1/Irf7/Rsad2/Tap1/Rnf31/Ifitm3/Psme2/Adar/Trafd1/Parp9/Mov10/Uba7/Ifitm1/Ifi35/Oasl1/Parp12/Psme1/Isg15/Cnp/Trim14/Trim12c/Trim21/Isg20/Tmem140/Gmpr/Bst2/Herc6/Wars1,5,Omit S1,FALSE,TRUE,1,50,2
S1,2,3,HALLMARK_MYC_TARGETS_V2,HALLMARK_MYC_TARGETS_V2,58,0.48647221348053166,1.9066949831082152,1.489430534754999e-4,0.00148943053475499,9.093365370083152e-4,2365,"tags=50%, list=18%, signal=41%",Myc/Mcm5/Nop56/Noc4l/Tmem97/Nop2/Tbrg4/Mybbp1a/Ppan/Grwd1/Mcm4/Srm/Nop16/Pes1/Cdk4/Bysl/Wdr43/Mphosph10/Farsa/Wdr74/Mrto4/Nolc1/Ung/Tcof1/Rrp9/Ipo4/Pa2g4/Hk2/Pprc1,5,Omit S1,FALSE,TRUE,2,49,3
S1,2,3,HALLMARK_INTERFERON_GAMMA_RESPONSE,HALLMARK_INTERFERON_GAMMA_RESPONSE,165,0.3930741927433956,1.870570397520002,8.632184754059002e-6,1.438697459009834e-4,8.783626591849511e-5,927,"tags=27%, list=7%, signal=26%",Mthfd2/Usp18/Irf9/Dhx58/Xaf1/Socs1/Ifit3/Rtp4/Eif2ak2/Ogfr/Ifit2/Sp110/Cmpk2/Stat2/Cmklr1/Lgals3bp/Mvp/Parp14/Ptpn6/Irf1/Rapgef6/Irf7/Stat1/Rsad2/Tap1/Rnf31/Pla2g4a/Ifitm3/Psme2/Adar/Znfx1/Zbp1/Trafd1/Pml/Il18bp/Rnf213/Ifi35/Oasl1/Parp12/Psme1/Isg15/Tor1b/Trim14/Trim21/Isg20,5,Omit S1,FALSE,TRUE,3,48,4
S1,2,3,HALLMARK_HYPOXIA,HALLMARK_HYPOXIA,163,-0.3862341906838357,-1.7897870858155105,5.129239793726611e-5,6.411549742158264e-4,3.914419842580835e-4,2376,"tags=33%, list=18%, signal=28%",Ets1/Cdkn1b/Pim1/Anxa2/Myh9/Map3k1/Rbpj/Atf3/Nr3c1/Nedd4l/Hexa/Pfkfb3/Slc2a1/P4ha1/Wsb1/Cdkn1c/Slc2a3/Glrx/Eno2/F3/Noct/Csrp2/Rora/Sap30/Pfkp/Eno3/Rragd/Tpi1/Btg1/Vegfa/Atp7a/Prkca/Gcnt2/Pfkl/Cp/S100a4/Aldoa/Tpbg/Tes/Nfil3/Car12/Ids/Il6/Irs2/Slc2a5/Klf7/Sdc4/Maff/Foxo3/Fosl2/Pgk1/Mif/Plaur/Tnfaip3,5,Omit S1,FALSE,TRUE,49,2,5
S1,2,3,HALLMARK_ANDROGEN_RESPONSE,HALLMARK_ANDROGEN_RESPONSE,86,-0.4221035557332721,-1.7744193613845507,8.580559167693617e-4,0.00390025416713346,0.00238120780730253,2678,"tags=40%, list=20%, signal=32%",Elk4/Homer2/Ank/Lman1/Actn1/Uap1/Ccnd3/Ube2i/Tmem50a/Stk39/Tnfaip8/Hmgcs1/Fkbp5/Inpp4b/Maf/Selenop/H1f0/Gnai3/Mertk/Rps6ka3/Abhd2/Ube2j1/Cenpn/Itgav/Sat1/Zbtb10/Appbp2/Ell2/Ngly1/Vapa/Fads1/B4galt1/Ncoa4/B2m,5,Omit S1,FALSE,TRUE,48,3,6
S1,2,3,HALLMARK_COMPLEMENT,HALLMARK_COMPLEMENT,146,-0.3759685430485381,-1.7127434488960456,3.6215996338684103e-4,0.00258685688133457,0.00157934420123584,2056,"tags=32%, list=16%, signal=27%",Pim1/Usp14/Atox1/Ppp2cb/Notch4/Prss36/Pik3cg/Brpf3/Kynu/Casp9/S100a13/Dgkh/Cblb/Was/C3/Lrp1/Ctso/Gnai3/Anxa5/Plek/F3/Lyn/Lamp2/Lgals3/Ehd1/Timp2/Psmb9/Adam9/Cpq/Casp3/Gngt2/Dyrk2/Hspa1a/Fdx1/Cfh/Casp4/Cebpb/Gng2/Cp/Dock4/Gp9/Il6/Ang/Maff/Ccl5/Plaur/Tnfaip3,5,Omit S1,FALSE,TRUE,47,4,7
S1,2,3,HALLMARK_EPITHELIAL_MESENCHYMAL_TRANSITION,HALLMARK_EPITHELIAL_MESENCHYMAL_TRANSITION,129,-0.37836610154947575,-1.6985229351540796,5.668921004448299e-4,0.00294492214783715,0.00179795246920584,1387,"tags=24%, list=10%, signal=22%",Lrp1/Basp1/Col5a3/Msx1/Eno2/Pvr/Matn2/Calu/Pmp22/Wipf1/Vegfa/Thbs1/Dst/Itgav/Sat1/Areg/Cd44/Serpine2/Il6/Pcolce/Igfbp2/Sdc4/Itga5/Col6a3/Gem/Id2/Gadd45b/Tpm4/Vcam1/Plaur/Tnfaip3,5,Omit S1,FALSE,TRUE,46,5,8
S1,2,3,HALLMARK_APOPTOSIS,HALLMARK_APOPTOSIS,141,-0.3672824136432937,-1.6641383548393345,3.0187112433899705e-4,0.00251559270282497,0.00153583554488261,2695,"tags=36%, list=20%, signal=29%",Casp8/Ebp/Vdac2/Ank/Sod2/Rela/Brca1/Fas/Cdkn1b/Cd69/Birc3/Bcl10/Txnip/Atf3/Casp9/Rock1/Erbb3/Il18/Bcl2l11/Gpx4/Lmna/Ppp3r1/Sod1/H1f0/Ccnd2/Eno2/Lgals3/Timp2/Cyld/Casp3/Bax/Pdcd4/Mcl1/Ptk2/Pmaip1/Ifnb1/Casp4/Cflar/Sat1/Il1a/Btg3/Top2a/Cd44/Wee1/Il6/Smad7/Hmgb2/Cd14/Gch1/Gadd45b/Hspb1,5,Omit S1,FALSE,TRUE,45,6,9
S1,2,3,HALLMARK_INFLAMMATORY_RESPONSE,HALLMARK_INFLAMMATORY_RESPONSE,145,-0.3640364371437524,-1.660160364712711,4.160083098928903e-4,0.00260005193683056,0.00158740012985445,1650,"tags=24%, list=12%, signal=21%",P2ry2/Abca1/Il18/Cybb/Il1r1/Gnai3/F3/Lyn/Pvr/Bdkrb1/Tnfsf9/Ptger4/Calcrl/Cd82/Gpr132/Ahr/Ptafr/Clec5a/Il1a/Nlrp3/Rgs1/Tpbg/Nfkb1/Il6/Itga5/Cxcl9/Dcbld2/Cd14/Gch1/Csf1/Pde4b/Ccl5/Plaur/Ccrl2/Cxcl10,5,Omit S1,FALSE,TRUE,44,7,10
S1,2,3,HALLMARK_SPERMATOGENESIS,HALLMARK_SPERMATOGENESIS,78,-0.3975383293515917,-1.6476294535589189,0.00290851190955924,0.01042085138545087,0.00636220400374895,2703,"tags=38%, list=20%, signal=31%",Rad17/Ift88/Ncaph/Cct6b/Mtor/Ezh2/Hspa2/Cdkn3/Pomc/Gstm5/Ace/Vdac3/Slc12a2/Bub1/Ccnb2/Gsg1/Pebp1/Il12rb2/Braf/Jam3/Mast2/Snap91/Mlf1/Camk4/Lpin1/Psmg1/Arl4a/Cdk1/Clgn/Slc2a5,5,Omit S1,FALSE,TRUE,43,8,11
S1,2,3,HALLMARK_UNFOLDED_PROTEIN_RESPONSE,HALLMARK_UNFOLDED_PROTEIN_RESPONSE,107,0.3666650344521263,1.637247917221573,0.00170976016928232,0.007124000705343,0.00434938990431467,3019,"tags=36%, list=23%, signal=28%",Mthfd2/Psat1/Nop56/Iars1/Exosc2/Aldh18a1/Arfgap1/Chac1/Eef2/Tars1/Slc1a4/Srpra/Preb/Wfs1/Sdad1/Hyou1/Srprb/Nolc1/Exosc1/Calr/Wipi1/Xbp1/Dctn1/Dcp2/Rrp9/Eif4g1/Cnot2/Eif4ebp1/Bag3/Edc4/Slc30a5/Lsm1/Hspa5/Cnot4/Nop14/Asns/Exosc10/Tspyl2/Tatdn2,5,Omit S1,FALSE,TRUE,4,47,12
S1,2,3,HALLMARK_OXIDATIVE_PHOSPHORYLATION,HALLMARK_OXIDATIVE_PHOSPHORYLATION,192,-0.33695632198720893,-1.598237401677486,5.889844295674308e-4,0.00294492214783715,0.00179795246920584,3412,"tags=38%, list=26%, signal=28%",Cox8a/Nqo2/Mrpl11/Timm17a/Atp5f1e/Idh3g/Eci1/Ndufa4/Cox15/Dld/Bckdha/Vdac1/Atp5f1c/Nnt/Acadvl/Atp5po/Cox7b/Cox6c/Slc25a11/Ogdh/Ndufs1/Vdac2/Timm8b/Atp5mf/Atp5mc3/Etfb/Cox7c/Atp5pf/Ndufs6/Slc25a4/Sdhd/Atp6v0b/Idh2/Supv3l1/Ndufa8/Atp1b1/Aldh6a1/Uqcr10/Ndufa1/Mtx2/Atp6v0e/Gpx4/Vdac3/Ndufa2/Hadhb/Atp5pb/Atp5pd/Ldhb/Cox6b1/Cox4i1/Sdha/Etfa/Uqcrb/Ndufa5/Cox17/Bax/Ndufb5/Fdx1/Cox7a2/Atp6v1f/Ndufa7/Atp6v1g1/Mpc1/Cyb5a/Ndufc2/Hsd17b10/AK157302/Ndufs4/Ndufab1/Uqcrh/Ndufb3/Cox7a2l,5,Omit S1,FALSE,TRUE,42,9,13
S1,2,3,HALLMARK_COAGULATION,HALLMARK_COAGULATION,85,-0.3788641366792993,-1.589843963507832,0.00713621091919924,0.02230065912249763,0.01361513925373539,2169,"tags=31%, list=16%, signal=26%",Arf4/Sparc/Pf4/Pecam1/Msrb2/Cd9/Casp9/S100a13/C3/Lrp1/Ctso/Dusp14/Plek/F3/Lamp2/Adam9/Cpq/Klk8/Thbs1/Cfh/Gng12/Gp9/Klf7/Ang/Maff/Plau,5,Omit S1,FALSE,TRUE,41,10,14
S1,2,3,HALLMARK_KRAS_SIGNALING_UP,HALLMARK_KRAS_SIGNALING_UP,148,-0.33737307453402987,-1.5445130714831403,0.00291783838792624,0.01042085138545087,0.00636220400374895,2086,"tags=24%, list=16%, signal=20%",Birc3/Map3k1/Il7r/Pecam1/Tspan13/Ace/Plvap/Laptm5/Cdadc1/Ptbp2/Avl9/Ammecr1/Adam17/Snap25/Glrx/Strn/Ccnd2/Psmb8/Il2rg/Trib1/Cab39l/Snap91/Etv1/Cfh/Klf4/Ly96/Dcbld2/Id2/Igf2/Plau/Plaur/Cxcl10/Ptgs2/Tnfaip3/Prdm1,5,Omit S1,FALSE,TRUE,40,11,15
S1,2,3,HALLMARK_APICAL_SURFACE,HALLMARK_APICAL_SURFACE,30,-0.45769174346617775,-1.529641012565579,0.02838930875998716,0.07097327189996791,0.04333105021261198,2465,"tags=40%, list=19%, signal=33%",Brca1/Tmem8b/Scube1/Gstm5/Efna5/Lyn/Il2rg/B4galt1/Dcbld2/Hspb1/Adam10/Plaur,5,Omit S1,FALSE,FALSE,39,12,16
S1,2,3,HALLMARK_IL2_STAT5_SIGNALING,HALLMARK_IL2_STAT5_SIGNALING,166,-0.3123985984765036,-1.4529457677547677,0.00331962229515513,0.0110654076505171,0.00675572256557886,1767,"tags=23%, list=13%, signal=21%",Capg/Ikzf2/Sh3bgrl2/Glipr2/Rhoh/P4ha1/Wls/Cyfip1/Cdkn1c/Gpx4/Slc2a3/Ccnd2/Phlda1/Tlr7/Ncoa3/Rora/Casp3/Eno3/Igf1r/Socs2/Rragd/Smpdl3a/Ahr/Itgav/Swap70/Cd86/Bmpr2/Huwe1/Arl4a/Cd44/Nfil3/Ltb/Dennd5a/Batf/Maff/Csf1/Gadd45b/Cxcl10/Cd83,5,Omit S1,FALSE,TRUE,38,13,17
S1,2,3,HALLMARK_TGF_BETA_SIGNALING,HALLMARK_TGF_BETA_SIGNALING,50,-0.3822294560737494,-1.431142512987108,0.04230398246279234,0.1007237677685532,0.06149451084816932,2383,"tags=32%, list=18%, signal=26%",Id3/Wwtr1/Smurf2/Rhoa/Map3k7/Cdkn1c/Bcar3/Tgfbr1/Fnta/Thbs1/Tgif1/Bmpr2/Tjp1/Smad7/Skil/Id2,5,Omit S1,FALSE,FALSE,37,14,18
S1,2,3,HALLMARK_ALLOGRAFT_REJECTION,HALLMARK_ALLOGRAFT_REJECTION,136,-0.31319444067422836,-1.4116725730256827,0.01315715007117145,0.03654763908658736,0.02231329544233755,2465,"tags=31%, list=19%, signal=25%",Cd40/Brca1/Prkcg/Ets1/H2-Aa/Fas/Cd47/Mtif2/Rpl9/Ccnd3/Pf4/Bcl10/Ube2n/Cdkn2a/Capg/Ccr1/Tap2/Ifnar2/Il18/Map3k7/Was/H2-Ob/Ccnd2/Ncf4/Lyn/Ccr5/Rps9/Npm1/Il2rg/Cxcl13/Il2/Nlrp3/Cd86/Ly86/Rps3a1/Ltb/Il6/Cxcl9/B2m/Csf1/Ccl5/Klrd1,5,Omit S1,FALSE,TRUE,36,15,19
S1,2,3,HALLMARK_G2M_CHECKPOINT,HALLMARK_G2M_CHECKPOINT,189,-0.29640247926532337,-1.404466347391111,0.01015658929184555,0.02987232144660458,0.01823783835687438,2093,"tags=28%, list=16%, signal=23%",Cdc27/Katna1/Odc1/Mad2l1/G3bp1/Tfdp1/Fbxo5/Kif4/Hmmr/Ss18/Dtymk/Snrpd1/Gspt1/Pafah1b1/Kif22/Slc12a2/Efna5/Numa1/Bub1/Ndc80/Ccnb2/Rad54l/Prim2/Birc5/Stag1/Smc4/Syncrip/Cdkn2c/Sap30/Rad21/Racgap1/Cks2/Pttg1/Marcks/Lig3/Plk1/Ccna2/Cenpf/H2az2/Prc1/Top2a/H2az1/Cenpa/Cdk1/Cul3/Nusap1/Kif23/Stmn1/Pbk/Mki67/Tle3/Ube2c,5,Omit S1,FALSE,TRUE,35,16,20
S1,2,3,HALLMARK_BILE_ACID_METABOLISM,HALLMARK_BILE_ACID_METABOLISM,83,-0.32091272570489116,-1.3427796876529814,0.05357142857142857,0.11645962732919252,0.07110166721150703,2524,"tags=24%, list=19%, signal=20%",Hacl1/Amacr/Abca5/Dio2/Slc23a2/Npc1/Idh2/Abca1/Pnpla8/Rbp1/Pex1/Sod1/Bcar3/Rxrg/Abca9/Scp2/Pex13/Pex7/Fads1/Ttr,5,Omit S1,FALSE,FALSE,34,17,21
S1,2,3,HALLMARK_MITOTIC_SPINDLE,HALLMARK_MITOTIC_SPINDLE,194,-0.27556703061173854,-1.310137776743847,0.01897397475581479,0.04993151251530208,0.03048450237776337,2511,"tags=31%, list=19%, signal=25%",Mapre1/Kif11/Rapgef5/Ckap5/Itsn1/Ranbp9/Arap3/Lmnb1/Notch2/Mid1ip1/Pcm1/Rasa1/Cdc42bpa/Prex1/Bin1/Myh9/Cdc27/Hook3/Katna1/Synpo/Flnb/Fbxo5/Dynll2/Kif4/Rock1/Vcl/Pkd2/Bcl2l11/Ssh2/Pafah1b1/Kif22/Numa1/Dync1h1/Bub1/Ndc80/Ywhae/Ccnb2/Farp1/Cd2ap/Arhgef12/Birc5/Dlgap5/Stk38l/Smc4/Cdc42/Racgap1/Marcks/Rab3gap1/Dst/Plk1/Cenpf/Epb41/Prc1/Top2a/Cdk1/Ezr/Epb41l2/Nusap1/Kif23/Dock4,5,Omit S1,FALSE,TRUE,33,18,22
S1,2,3,HALLMARK_ESTROGEN_RESPONSE_LATE,HALLMARK_ESTROGEN_RESPONSE_LATE,141,-0.2890088158261432,-1.3094845749137431,0.05242718446601942,0.11645962732919252,0.07110166721150703,3111,"tags=37%, list=24%, signal=29%",Zfp36/Unc13b/Nab2/Gla/Scnn1a/Bag1/Hprt1/S100a9/Rab31/Cox6c/Cdc20/Chpt1/Slc22a5/Jak2/Slc16a1/Homer2/Etfb/Cish/Idh2/Kif20a/Fabp5/Tspan13/Opn3/Cd9/Flnb/Aff1/Fkbp5/Tpd52l1/Igfbp4/Plaat3/Ckb/Myb/Aldh3a2/Farp1/Jak1/Abhd2/Pdcd4/Arl3/Ptger3/Dlg5/Btg3/Klf4/Top2a/Areg/Dynlt3/Cd44/Tpbg/Dnajc12/Car12/Batf/Id2/Dusp2,5,Omit S1,FALSE,FALSE,32,19,23
S1,2,3,HALLMARK_XENOBIOTIC_METABOLISM,HALLMARK_XENOBIOTIC_METABOLISM,138,0.2684701861848393,1.2407462820557795,0.06570841889117043,0.13141683778234087,0.08023343780395548,2807,"tags=31%, list=21%, signal=25%",Ptgds/Gsto1/Slc6a6/Tpst1/Acox3/Nmt1/Ap4b1/Dhrs1/Tmem97/Aldh9a1/Shmt2/Pgd/Ppard/Hes6/Aco2/Etfdh/Slc12a4/Irf8/Bcar1/Acp2/Pcx/Tnfrsf1a/Fah/Dcxr/Slc46a3/Por/Mpp2/Slc35b1/Gart/Ptgr1/Slc1a5/Igf1/Gsr/Lonp1/Slc35d1/Hmox1/Cndp2/Vtn/Sertad1/Idh1/Mccc2/Cyfip2/Pemt,5,Omit S1,FALSE,FALSE,5,46,24
S1,2,3,HALLMARK_E2F_TARGETS,HALLMARK_E2F_TARGETS,197,0.25741074365887096,1.2362903132786294,0.06429265020097376,0.13141683778234087,0.08023343780395548,2785,"tags=30%, list=21%, signal=24%",Mthfd2/Myc/Mcm7/Mcm5/Mcm6/Lig1/Mcm2/Rpa2/Timeless/Hells/Nop56/Tcf19/Pola2/Suv39h1/Tbrg4/Mcm4/Gins1/Pold1/Pop7/Pan2/Mcm3/Rad50/Cdk4/Rfc2/Rfc1/Xrcc6/Rad51ap1/Ssrp1/Nasp/Jpt1/Luc7l3/Slbp/Nolc1/Ung/Srsf2/Cbx5/Rrm2/Pms2/Ddx39a/Tubb5/Orc6/Paics/Tubg1/Dck/Pa2g4/Tacc3/Pold3/Chek2/Pold2/Mlh1/Rnaseh2a/Rfc3/Cse1l/Phf5a/Nup107/Cnot9/Tipin/Mybl2/Ccp110,5,Omit S1,FALSE,FALSE,6,45,25
S1,2,3,HALLMARK_P53_PATHWAY,HALLMARK_P53_PATHWAY,183,-0.2615908110208629,-1.2288388804905246,0.07824427480916031,0.1504697592483852,0.09186574775164572,2030,"tags=23%, list=15%, signal=20%",Ccng1/Cdkn2a/Txnip/Gm2a/Atf3/Ddb2/Rpl36/Stom/Tpd52l1/Rpl18/Pvt1/Ptpn14/Ldhb/Ccnd2/Vamp8/Tnfsf9/Hint1/Rb1/Zfp36l1/Epha2/Abcc5/Bax/Ninj1/Klk8/Tgfa/Cdkn2b/Cd82/Btg1/Zbtb16/Sat1/Il1a/Klf4/Cebpa/H2ac25/S100a4/S100a10/Rrad/Mknk2/Pitpnc1/Foxo3/Rnf19b/H1f2,5,Omit S1,FALSE,FALSE,31,20,26
S1,2,3,HALLMARK_WNT_BETA_CATENIN_SIGNALING,HALLMARK_WNT_BETA_CATENIN_SIGNALING,32,0.3553465449344617,1.2281556877105655,0.170873786407767,0.284789644012945,0.17387157213421903,2390,"tags=31%, list=18%, signal=26%",Myc/Kat2a/Ppard/Skp2/Psen2/Axin1/Ncstn/Ptch1/Nkd1/Hdac5,5,Omit S1,FALSE,FALSE,7,44,27
S1,2,3,HALLMARK_PEROXISOME,HALLMARK_PEROXISOME,86,-0.2816354995555955,-1.1839262580873515,0.16764132553606237,0.284789644012945,0.17387157213421903,384,"tags=6%, list=3%, signal=6%",Top2a/Scp2/Pex13/Fads1/Ttr,5,Omit S1,FALSE,FALSE,30,21,28
S1,2,3,HALLMARK_HEME_METABOLISM,HALLMARK_HEME_METABOLISM,167,-0.2466343663217177,-1.1501164759550335,0.16314779270633398,0.284789644012945,0.17387157213421903,2227,"tags=19%, list=17%, signal=16%",Tfdp2/Ccnd3/Pdzk1ip1/Uros/Mark3/Cdc27/Clcn3/Nr3c1/Aldh6a1/Glrx5/Tal1/Slc2a1/Lmo2/Ackr1/C3/Prdx2/H1f0/Arhgef12/Lamp2/Sdcbp/Epb41/Mkrn1/Xk/Lpin2/Tent5c/Ell2/AK157302/Bach1/Ncoa4/Foxo3/Picalm/Bmp2k,5,Omit S1,FALSE,FALSE,29,22,29
S1,2,3,HALLMARK_MTORC1_SIGNALING,HALLMARK_MTORC1_SIGNALING,192,0.2356213083754597,1.126077396426076,0.1600877192982456,0.284789644012945,0.17387157213421903,2489,"tags=24%, list=19%, signal=20%",Mthfd2/Slc6a6/Psat1/Niban1/Mcm2/Nmt1/Eif2s2/Tmem97/Rpn1/Mcm4/Tm7sf2/Itgb2/Shmt2/Sqstm1/Pdap1/Btg2/Slc1a4/Hmbs/Adipor2/Tuba4a/Nfyc/Wars1/Rit1/Ctsc/Qdpr/Ung/Calr/Xbp1/Pgm1/Phgdh/Rrp9/Rrm2/Ddx39a/Coro1a/Ldlr/Slc1a5/Dhfr/Tubg1/Gsr/Psmd14/Hk2/Ifi30/Ube2d3/Psme3/Arpc5l/Ppp1r15a,5,Omit S1,FALSE,FALSE,8,43,30
S1,2,3,HALLMARK_PROTEIN_SECRETION,HALLMARK_PROTEIN_SECRETION,92,-0.2623402526729251,-1.1143526650728797,0.26666666666666666,0.4301075268817204,0.2625919637804188,3336,"tags=33%, list=25%, signal=25%",Rab9/Arcn1/Cav2/Napg/Gla/Snap23/Gnas/Igf2r/Cln5/Sspn/Copb2/Lman1/Copb1/Ap3s1/Cltc/Mapk1/Bet1/Clcn3/Clta/Abca1/Sec22b/Sod1/Anp32e/Rer1/Lamp2/Bnip3/Rps6ka3/Dst/Atp7a/Adam10,5,Omit S1,FALSE,FALSE,28,23,31
S1,2,3,HALLMARK_NOTCH_SIGNALING,HALLMARK_NOTCH_SIGNALING,27,-0.3417722537315134,-1.1068888571924569,0.33539094650205764,0.4906204906204906,0.29953672058935216,1052,"tags=22%, list=8%, signal=20%",Rbx1/Psenen/Tcf7l2/Sap30/Prkca/St3gal6,5,Omit S1,FALSE,FALSE,27,24,32
S1,2,3,HALLMARK_ANGIOGENESIS,HALLMARK_ANGIOGENESIS,24,-0.34856939274562115,-1.100787684538309,0.3434343434343434,0.4906204906204906,0.29953672058935216,1241,"tags=25%, list=9%, signal=23%",Msx1/Ccnd2/Ptk2/Vegfa/Itgav/S100a4,5,Omit S1,FALSE,FALSE,26,25,33
S1,2,3,HALLMARK_HEDGEHOG_SIGNALING,HALLMARK_HEDGEHOG_SIGNALING,29,-0.31983000709421944,-1.063233876055628,0.3790322580645161,0.512205754141238,0.312715092002019,623,"tags=34%, list=5%, signal=33%",Ophn1/Adgrg1/Nrp2/Cdk5r1/Rasa1/Myh9/Crmp1/Vegfa/Ets2/Tle3,5,Omit S1,FALSE,FALSE,25,26,34
S1,2,3,HALLMARK_PANCREAS_BETA_CELLS,HALLMARK_PANCREAS_BETA_CELLS,17,-0.3730021992588497,-1.0618098785810044,0.3784946236559139,0.512205754141238,0.312715092002019,1606,"tags=29%, list=12%, signal=26%",Sec11a/Pcsk2/Lmo2/Stxbp1/Srp14,5,Omit S1,FALSE,FALSE,24,27,35
S1,2,3,HALLMARK_ESTROGEN_RESPONSE_EARLY,HALLMARK_ESTROGEN_RESPONSE_EARLY,146,-0.2315564426771306,-1.054866923251414,0.32108317214700194,0.48648965476818473,0.2970147365953128,1950,"tags=21%, list=15%, signal=18%",Med13l/Opn3/Flnb/Aff1/Wwc1/Snx24/Elf1/Fkbp5/Slc2a1/P2ry2/Tpd52l1/Igfbp4/Plaat3/Syngr1/Myb/Mlph/Farp1/Sh3bp5/Abhd2/Nav2/Igf1r/Arl3/Pmaip1/Ugcg/Klf4/Areg/Dynlt3/Cd44/Tpbg/Car12/B4galt1,5,Omit S1,FALSE,FALSE,23,28,36
S1,2,3,HALLMARK_MYC_TARGETS_V1,HALLMARK_MYC_TARGETS_V1,192,-0.22003584809351712,-1.0436650069626368,0.31684981684981683,0.48648965476818473,0.2970147365953128,2534,"tags=25%, list=19%, signal=21%",Ssb/Acp1/Prps2/Ap3s1/Eif4e/Xpo1/Psmd8/Cops5/Srsf3/Canx/Pwp1/Nap1l1/Hspe1/Odc1/Psmc6/Mad2l1/G3bp1/Tfdp1/Srsf7/Fam120a/Rpl18/Snrpd1/Hnrnpa3/Psma2/Gspt1/Vdac3/Ywhae/Ywhaq/Syncrip/Npm1/Phb1/Rps6/Vbp1/Ccna2/Rps3/H2az1/Rpl22/Rps10/Erh/Txnl4a/Cbx3/Hnrnpr/Ndufab1/Ssbp1/Pgk1/Hnrnpc/Eef1b2/Ifrd1,5,Omit S1,FALSE,FALSE,22,29,37
S1,2,3,HALLMARK_REACTIVE_OXYGEN_SPECIES_PATHWAY,HALLMARK_REACTIVE_OXYGEN_SPECIES_PATHWAY,46,-0.2788217893539908,-1.0324916522181482,0.39478957915831664,0.5194599725767325,0.3171439832573735,1431,"tags=24%, list=11%, signal=21%",Txn1/Atox1/Gpx4/Prdx2/Sod1/Glrx/Txnrd1/Lamtor5/Pfkp/Srxn1/Sbno2,5,Omit S1,FALSE,FALSE,21,30,38
S1,2,3,HALLMARK_UV_RESPONSE_UP,HALLMARK_UV_RESPONSE_UP,136,-0.22473158082640285,-1.0129407414205178,0.41796875,0.5358573717948718,0.3271550269905533,1507,"tags=17%, list=11%, signal=15%",Bcl2l11/Cdkn1c/Polr2h/Msx1/Hspa13/Eno2/Lyn/Ggh/Creg1/Ppp1r2/Casp3/Cdkn2b/Btg1/Gls/Atp6v1f/Btg3/Aldoa/Rrad/Il6/Igfbp2/Gch1/Fosb/Nr4a1,5,Omit S1,FALSE,FALSE,20,31,39
S1,2,3,HALLMARK_GLYCOLYSIS,HALLMARK_GLYCOLYSIS,162,-0.2149167635925845,-0.9976275744068128,0.4605009633911368,0.575626204238921,0.35143494574586753,1278,"tags=15%, list=10%, signal=14%",Slc16a3/Sod1/Glrx/Eno2/Mertk/Homer1/Sap30/Pfkp/Tgfa/Rragd/Tpi1/Vegfa/Cyb5a/Cd44/Cenpa/Cdk1/Aldoa/Tpbg/Pgam1/Stmn1/Irs2/Ang/B4galt1/Pgk1/Mif,5,Omit S1,FALSE,FALSE,19,32,40
S1,2,3,HALLMARK_DNA_REPAIR,HALLMARK_DNA_REPAIR,145,-0.2158681165059136,-0.9844500562639734,0.4952015355086372,0.5895256375102824,0.3599209155325935,2712,"tags=27%, list=21%, signal=22%",Edf1/Polr2j/Polr2i/Pom121/Nme3/Dctn4/Polr2c/Rev3l/Pola1/Taf13/Pole4/Mpc2/Ddb2/Polb/Taf12/Ago4/Gpx4/Polr2h/Arl6ip1/Gsdme/Supt4a/Rbx1/Polr3gl/Sdcbp/Gtf2h5/Gtf2h3/Cox17/Dad1/Rad52/Cetn2/Polr2k/Dguok/Rpa3/Gtf2a2/Rala/Polr1h/Polr2g/Eif1b/Pde4b,5,Omit S1,FALSE,FALSE,18,33,41
S1,2,3,HALLMARK_PI3K_AKT_MTOR_SIGNALING,HALLMARK_PI3K_AKT_MTOR_SIGNALING,95,-0.2293434690091047,-0.9791018662616529,0.494047619047619,0.5895256375102824,0.3599209155325935,2508,"tags=25%, list=19%, signal=21%",Rptor/Mapk8/Cxcr4/Eif4e/Cdkn1b/Cltc/Ralb/Plcg1/Mapk1/Arpc3/Ube2n/Pla2g12a/Slc2a1/Map3k7/Map2k6/Il2rg/Gsk3b/Rps6ka3/Cab39l/Camk4/Cdk1/Mknk2/Actr2/Pten,5,Omit S1,FALSE,FALSE,17,34,42
S1,2,3,HALLMARK_ADIPOGENESIS,HALLMARK_ADIPOGENESIS,185,-0.20392049636728676,-0.964515703313474,0.5613382899628253,0.6378844204123015,0.38944522509382623,1790,"tags=17%, list=14%, signal=15%",Uqcr10/Pfkfb3/Stom/Abca1/Gpx4/C3/Pim3/Atp1b3/Atl2/Sod1/Hibch/Dnajc15/Apoe/Enpp2/Sorbs1/Cdkn2c/Ndufa5/Chchd10/Pdcd4/Ptger3/Cmpk1/Cd302/Dhrs7b/Pfkl/Arl4a/Scp2/Sqor/Aldoa/Sowahc/Ndufab1/Bcl6,5,Omit S1,FALSE,FALSE,16,35,43
S1,2,3,HALLMARK_IL6_JAK_STAT3_SIGNALING,HALLMARK_IL6_JAK_STAT3_SIGNALING,70,-0.2355844069734897,-0.9602252672892088,0.5281553398058253,0.6141341160532853,0.37494503927463735,357,"tags=24%, list=3%, signal=24%",Fas/Il17ra/Pim1/Pf4/Cd9/Ccr1/Il1r1/Ptpn2/Il2rg/Cxcl13/Cd44/Ltb/Il6/Cxcl9/Cd14/Csf1/Cxcl10,5,Omit S1,FALSE,FALSE,15,36,44
S1,2,3,HALLMARK_MYOGENESIS,HALLMARK_MYOGENESIS,134,-0.20910823269359513,-0.9433272842660309,0.5846153846153846,0.6495726495726496,0.3965811965811966,2182,"tags=19%, list=17%, signal=16%",Bin1/Myh9/Sparc/Fabp3/Cryab/Ckm/Mef2a/Tpd52l1/Erbb3/Ckb/Gabarapl2/Tnni2/Sorbs1/Mef2c/Rb1/Myom1/Eno3/Nav2/Fxyd1/Lpin1/Mef2d/Col6a3/Mras/Gadd45b/Ifrd1,5,Omit S1,FALSE,FALSE,14,37,45
S1,2,3,HALLMARK_UV_RESPONSE_DN,HALLMARK_UV_RESPONSE_DN,122,-0.20993136898147657,-0.9268998255194318,0.627254509018036,0.6817983793674305,0.4162558526664312,3133,"tags=28%, list=24%, signal=21%",Mgll/Atrx/Schip1/Atp2b1/Nek7/Magi2/Wdr37/Prkce/Atp2c1/Notch2/Phf3/Dlc1/Cdkn1b/Map1b/Prdm2/Cdc42bpa/Sri/Anxa2/Nr3c1/Runx1/Inpp4b/Mrps31/Sipa1l1/Adgrl2/F3/Spop/Pmp22/Igf1r/Prkca/Nfkb1/Tjp1/Smad7/Dyrk1a/Pten,5,Omit S1,FALSE,FALSE,13,38,46
S1,2,3,HALLMARK_FATTY_ACID_METABOLISM,HALLMARK_FATTY_ACID_METABOLISM,129,-0.20424743715789512,-0.9168869912987244,0.653179190751445,0.6948714795228138,0.42423732434024425,3949,"tags=37%, list=30%, signal=26%",Suclg1/Cryz/Idi1/Acadm/Mix23/Ywhah/Acsl1/Hsd17b11/Eci2/Nsdhl/Bmpr1b/Idh3g/Eci1/Mgll/Dld/Acadl/Acadvl/Acsl4/Hsdl2/Hmgcl/Mcee/Ostc/Slc22a5/D2hgdh/Hsp90aa1/Cpox/Ltc4s/Sdhd/Uros/Odc1/Glul/Hmgcs1/Auh/Hadhb/Aldh3a2/Hibch/Eno2/Cbr3/Rap1gds1/Sdha/Serinc1/Eno3/Bphl/H2az1/S100a10/Aldoa/Hsd17b10/Mif,5,Omit S1,FALSE,FALSE,12,39,47
S1,2,3,HALLMARK_KRAS_SIGNALING_DN,HALLMARK_KRAS_SIGNALING_DN,92,0.20525791547904476,0.8877234288411429,0.717479674796748,0.7473746612466126,0.4562918984453002,1850,"tags=20%, list=14%, signal=17%",Slc25a23/Rsad2/Egf/Epha5/Sphk2/Sox10/Btg2/Celsr2/Pdk2/Itih3/Mfsd6/Mast3/Klhdc8a/Nrip2/Camk1d/Tgm1/Gtf3c5/Kcnq2,5,Omit S1,FALSE,FALSE,9,42,48
S1,2,3,HALLMARK_CHOLESTEROL_HOMEOSTASIS,HALLMARK_CHOLESTEROL_HOMEOSTASIS,65,-0.2119042169526432,-0.8453733399301956,0.758,0.7734693877551021,0.4722234156820623,2183,"tags=22%, list=17%, signal=18%",Atxn2/Gpx8/Fabp5/Atf3/Cd9/Hmgcs1/Cpeb2/Anxa5/Lgals3/Trp53inp1/S100a11/Nfil3/Cxcl16/Plaur,5,Omit S1,FALSE,FALSE,11,40,49
S1,2,3,HALLMARK_APICAL_JUNCTION,HALLMARK_APICAL_JUNCTION,149,-0.16775256590529147,-0.7663910927914783,0.9631067961165048,0.9631067961165048,0.5880020439448135,2713,"tags=20%, list=21%, signal=16%",Gamt/Vasp/Pik3cb/Actn1/Syk/Cnn2/Rasa1/Actb/Jup/Rras/Tmem8b/Plcg1/Parva/Myl12b/Myh9/Pecam1/Tial1/Vcl/Amh/Arhgef6/Jam3/Adam9/Ptk2/Cd86/Epb41l2/Tjp1/Sgce/B4galt1/Vcam1/Pten,5,Omit S1,FALSE,FALSE,10,41,50
S2,2,3,HALLMARK_INTERFERON_ALPHA_RESPONSE,HALLMARK_INTERFERON_ALPHA_RESPONSE,86,0.6291467165993658,2.654765364637979,1.9907587539009112e-13,9.953793769504556e-12,5.8674994851816336e-12,1890,"tags=59%, list=14%, signal=51%",Usp18/Irf9/Dhx58/Eif2ak2/Ifit2/Irf1/Rtp4/Ogfr/Irf7/Tap1/Rnf31/Trim12c/Parp9/Il4ra/Adar/Parp14/Cmpk2/Stat2/Oas1a/Oasl1/Ifitm3/Lgals3bp/Psme2/Ifit3/Trafd1/Ifi35/Ifi30/Bst2/Rsad2/Herc6/Trim25/Ifih1/Isg15/Trim21/Ifi27/Psme1/Gmpr/Mov10/Sp110/Epsti1/Ripk2/Ifitm1/Lpar6/Uba7/Parp12/Tmem140/Trim14/Slc25a28/Tent5a/Isg20/Wars1,6,Omit S2,FALSE,TRUE,1,50,1
S2,2,3,HALLMARK_MYC_TARGETS_V2,HALLMARK_MYC_TARGETS_V2,58,0.5980121093314373,2.358192175270398,2.8558843870967852e-8,3.569855483870981e-7,2.1043358641765786e-7,2022,"tags=52%, list=15%, signal=44%",Myc/Grwd1/Ppan/Nop2/Mcm5/Srm/Tbrg4/Nop56/Cdk4/Noc4l/Mrto4/Nop16/Exosc5/Nolc1/Bysl/Mcm4/Tmem97/Pus1/Ung/Pes1/Pa2g4/Rrp9/Nip7/Wdr74/Ipo4/Prmt3/Mybbp1a/Pprc1/Aimp2/Rcl1,6,Omit S2,FALSE,TRUE,2,49,2
S2,2,3,HALLMARK_INTERFERON_GAMMA_RESPONSE,HALLMARK_INTERFERON_GAMMA_RESPONSE,165,0.4592710086707656,2.1636214207718956,1.4412745142723715e-9,3.6031862856809286e-8,2.1239834947171793e-8,1581,"tags=38%, list=12%, signal=34%",Usp18/Irf9/Mthfd2/Dhx58/Mvp/Ptpn6/Socs1/Eif2ak2/Xaf1/Ifit2/Irf1/Rtp4/Ogfr/Irf7/Tap1/Pla2g4a/Rnf31/Znfx1/Il4ra/Adar/Parp14/Rnf213/Cmpk2/Stat2/Irf8/Oasl1/Myd88/Ifitm3/Lgals3bp/Stat1/Psme2/Zbp1/Ifit3/Trafd1/Ifi35/Ifi30/Bst2/Rsad2/Tor1b/Herc6/Rapgef6/Pml/H2-DMa/Trim25/Ifih1/Fcgr1/Isg15/Trim21/Ifi27/Itgb7/Psme1/Sp110/Cmklr1/Epsti1/Rigi/Ripk2/Isoc1/Parp12/Nod1/Il18bp/Rbck1/Trim14/Nfkbia,6,Omit S2,FALSE,TRUE,3,48,3
S2,2,3,HALLMARK_TNFA_SIGNALING_VIA_NFKB,HALLMARK_TNFA_SIGNALING_VIA_NFKB,176,-0.4496773948907089,-2.1162956313141215,3.099869562234205e-9,5.166449270390343e-8,3.0454858857037814e-8,2242,"tags=41%, list=17%, signal=35%",Il7r/Abca1/Atf3/Bhlhe40/Fjx1/Olr1/Plpp3/Ehd1/Hes1/Ptger4/Litaf/Sdc4/Marcks/Rela/Nr4a2/Fosl1/Maff/Klf9/F3/Mcl1/Cflar/Rcan1/Zbtb10/Bcl6/Per1/Slc2a3/Fosl2/Areg/Nfkbie/Trib1/Btg1/Nfkb1/Eif1/Il1a/Nfil3/Plek/Sat1/Gem/Gch1/Cebpb/Btg3/Dennd5a/Tnfaip2/Ninj1/Ptgs2/Pde4b/Rel/Kdm6b/Ccl5/Edn1/Ets2/Sgk1/Irs2/Cd44/Csf1/Id2/B4galt1/Cd83/Gpr183/Ccrl2/Nr4a3/Vegfa/Plaur/Klf4/Cxcl10/Plau/Nr4a1/Bcl2a1d/Tnfaip3/Il6/Rnf19b/Serpine1/Fosb,6,Omit S2,FALSE,TRUE,50,1,4
S2,2,3,HALLMARK_ANDROGEN_RESPONSE,HALLMARK_ANDROGEN_RESPONSE,86,-0.47868380902553953,-2.030498768420023,8.176700746220281e-6,8.176700746220282e-5,4.8199499135614294e-5,2823,"tags=48%, list=21%, signal=38%",Actn1/Ndrg1/Selenop/Map7/Dhcr24/Pmepa1/Akap12/Cdk6/Inpp4b/Tmem50a/Lifr/Hmgcs1/Aldh1a3/Rab4a/Dbi/Elk4/Ngly1/Appbp2/Rps6ka3/Zbtb10/H1f0/Ank/Arxes2/Zmiz1/Stk39/Cenpn/Sat1/Arid5b/Maf/Ccnd3/Vapa/Fads1/Itgav/Ube2j1/Sgk1/Fkbp5/Ell2/B2m/B4galt1/Mertk/Abhd2,6,Omit S2,FALSE,TRUE,49,2,5
S2,2,3,HALLMARK_EPITHELIAL_MESENCHYMAL_TRANSITION,HALLMARK_EPITHELIAL_MESENCHYMAL_TRANSITION,129,-0.4159060342039061,-1.862184611053432,2.767655149336916e-5,2.2993008649184864e-4,1.3553773519519498e-4,1805,"tags=26%, list=14%, signal=22%",Sdc4/Glipr1/Calu/Matn2/Serpine2/Col5a1/Pvr/Pfn2/Wipf1/Pcolce/Areg/Eno2/Pmp22/Lrp1/Abi3bp/Sat1/Gem/Htra1/Itgav/Gja1/Tpm4/Igfbp2/Col6a3/Cd44/Id2/Vcam1/Itga5/Vegfa/Plaur/Dst/Tnfaip3/Il6/Serpine1,6,Omit S2,FALSE,TRUE,48,3,6
S2,2,3,HALLMARK_HYPOXIA,HALLMARK_HYPOXIA,163,-0.3868037436381129,-1.8044735500481943,3.2190212108858806e-5,2.2993008649184864e-4,1.3553773519519498e-4,2417,"tags=36%, list=18%, signal=30%",P4ha1/Hk2/Akap12/Rbpj/Cdkn1c/Ero1a/Atf3/Bhlhe40/Glrx/Stbd1/Csrp2/Klhl24/Sdc4/Noct/Cavin3/Anxa2/Gcnt2/Bcan/Maff/Ddit4/F3/Col5a1/Sap30/Nedd4l/Klf7/Slc2a3/Pfkp/Rora/Cxcr4/Fosl2/Tpi1/Atp7a/Eno2/Btg1/Myh9/Ets1/Ncan/Cdkn1b/Nfil3/Pfkl/Tpbg/Foxo3/S100a4/Rragd/Pgk1/Ids/Slc2a5/Cp/Tes/Car12/Irs2/Prkca/Aldoa/Vegfa/Plaur/Mif/Tnfaip3/Il6/Serpine1,6,Omit S2,FALSE,TRUE,47,4,7
S2,2,3,HALLMARK_UV_RESPONSE_DN,HALLMARK_UV_RESPONSE_DN,122,-0.4022874510402218,-1.776367347868858,1.10216306497789e-4,6.888519156111813e-4,4.060600765708017e-4,2458,"tags=30%, list=19%, signal=25%",Syne1/Kcnma1/Ptprm/Inpp4b/Bhlhe40/Runx1/Ythdc1/Mrps31/Plpp3/Scaf8/Grk5/Atxn1/Akt3/Anxa2/Dlg1/F3/Amph/Abcc1/Map1b/Zmiz1/Fyn/Dlc1/Pmp22/Nfkb1/Cdkn1b/Cdc42bpa/Prkce/Sipa1l1/Igf1r/Gja1/Dyrk1a/Adgrl2/Smad7/Prkca/Tjp1/Pten/Serpine1,6,Omit S2,FALSE,TRUE,46,5,8
S2,2,3,HALLMARK_KRAS_SIGNALING_UP,HALLMARK_KRAS_SIGNALING_UP,148,-0.3755000621876366,-1.727707661949059,1.951014884372455e-4,0.00108389715798469,6.389288510225585e-4,2368,"tags=30%, list=18%, signal=25%",Scg5/Akap12/Sparcl1/Il7r/Ero1a/Snap91/Glrx/Gprc5b/Ccser2/Avl9/Satb1/Mtmr10/Laptm5/Aldh1a3/Reln/Cbl/Tspan13/Cfh/Cab39l/Cdadc1/Ank/Cxcr4/Trib2/Ptbp2/Ccnd2/Trib1/Strn/Ets1/Ace/Pecam1/Snap25/Ptgs2/Il2rg/Ly96/Etv1/Igf2/Id2/Plaur/Klf4/Cxcl10/Plau/Dcbld2/Tnfaip3/Prdm1,6,Omit S2,FALSE,TRUE,45,6,9
S2,2,3,HALLMARK_APICAL_SURFACE,HALLMARK_APICAL_SURFACE,30,-0.4915708096806942,-1.6629643469038935,0.00832705051521425,0.02318313469665633,0.01366584782118689,2402,"tags=50%, list=18%, signal=41%",Cx3cl1/Hspb1/Efna5/Sulf2/Tmem8b/Ghrl/Lyn/Gstm5/Mal/Scube1/Adam10/Il2rg/B4galt1/Plaur/Dcbld2,6,Omit S2,FALSE,TRUE,44,7,10
S2,2,3,HALLMARK_COMPLEMENT,HALLMARK_COMPLEMENT,146,-0.3523010225566869,-1.6149121601522056,0.00238864011614492,0.00853085755766045,0.00502871603398932,2115,"tags=31%, list=16%, signal=26%",Olr1/Anxa5/Psmb9/Rasgrp1/Timp2/Ehd1/Dgkh/Spock2/Gngt2/Ctso/C3/Pla2g7/S100a13/Lyn/Cpq/Lamp2/Pik3cg/Maff/F3/Fdx1/Cfh/Dock9/Fyn/Clu/Jak2/Lrp1/Cblb/Notch4/Atox1/Cd36/Gng2/Plek/Cebpb/Casp4/Brpf3/Dock4/Casp3/Ccl5/Ang/Cp/Gp9/Plaur/Tnfaip3/Il6/Serpine1,6,Omit S2,FALSE,TRUE,43,8,11
S2,2,3,HALLMARK_INFLAMMATORY_RESPONSE,HALLMARK_INFLAMMATORY_RESPONSE,145,-0.352147855991311,-1.6088134628468154,0.00127233674501231,0.00578334884096506,0.00340913194835835,1791,"tags=25%, list=14%, signal=22%",Rela/Ebi3/Lyn/Ccl24/Cd82/Clec5a/Abi1/F3/Pvr/Gabbr1/Calcrl/Slc4a4/Cybb/Ahr/Cd14/Nfkb1/Il1a/Gpr132/Nlrp3/Gch1/Tpbg/Ptafr/Rgs1/Pde4b/Ccl5/Edn1/Cxcl9/Csf1/Gpr183/Ccrl2/Itga5/Plaur/Cxcl10/Dcbld2/Il6/Serpine1,6,Omit S2,FALSE,TRUE,42,9,12
S2,2,3,HALLMARK_COAGULATION,HALLMARK_COAGULATION,85,-0.38021394828864,-1.6078267962750328,0.00237015934155192,0.00853085755766045,0.00502871603398932,2526,"tags=36%, list=19%, signal=30%",Adam9/Apoc1/Thbs1/Klk8/Ctse/Casp9/Msrb2/Cd9/Olr1/Dusp14/Ctso/C3/S100a13/Cpq/Lamp2/Maff/F3/Cfh/Gng12/Klf7/Fyn/Clu/Capn5/Lrp1/Plek/Htra1/Pecam1/Ang/Gp9/Plau/Serpine1,6,Omit S2,FALSE,TRUE,41,10,13
S2,2,3,HALLMARK_UNFOLDED_PROTEIN_RESPONSE,HALLMARK_UNFOLDED_PROTEIN_RESPONSE,107,0.3643350983066498,1.5954384813203606,0.00207440852272509,0.00853085755766045,0.00502871603398932,2678,"tags=37%, list=20%, signal=30%",Mthfd2/Eef2/Psat1/Nop56/Aldh18a1/Bag3/Exosc5/Chac1/Calr/Nolc1/Tatdn2/Iars1/Sdad1/Eif4a1/Preb/Rrp9/Slc30a5/Dctn1/Eif4a2/Nabp1/Eif4ebp1/Slc7a5/Dnajc3/Dnajb9/Imp3/Wfs1/Exosc1/Hspa5/Arfgap1/Srpra/Hyou1/Tars1/Lsm1/Cnot2/Wipi1/Pdia6/Hsp90b1/Serp1/Xbp1/Dcp2,6,Omit S2,FALSE,TRUE,4,47,14
S2,2,3,HALLMARK_MITOTIC_SPINDLE,HALLMARK_MITOTIC_SPINDLE,194,-0.32758172909569444,-1.5659077881915509,9.590425925872888e-4,0.00479521296293644,0.00282665185183622,1891,"tags=24%, list=14%, signal=21%",Ckap5/Nusap1/Cep192/Wasf2/Marcks/Cd2ap/Arf6/Stk38l/Cdk1/Ccnb2/Dlg1/Cdc42ep2/Abi1/Kif3c/Kif22/Birc5/Kif11/Kif23/Klc1/Bub1/Racgap1/Apc/Farp1/Arap3/Dync1h1/Myh9/Ssh2/Flnb/Numa1/Prc1/Arhgef12/Synpo/Vcl/Cdc42bpa/Clip1/Smc4/Pafah1b1/Dock4/Arhgef11/Epb41l2/Ezr/Top2a/Cenpf/Rab3gap1/Epb41/Dst,6,Omit S2,FALSE,TRUE,40,11,15
S2,2,3,HALLMARK_TGF_BETA_SIGNALING,HALLMARK_TGF_BETA_SIGNALING,50,-0.41700398358167107,-1.5602387269192,0.01010207661169324,0.02658441213603485,0.01567081136439949,2496,"tags=42%, list=19%, signal=34%",Pmepa1/Wwtr1/Thbs1/Tgif1/Cdkn1c/Rab31/Xiap/Fnta/Skil/Bcar3/Smurf1/Smurf2/Apc/Id3/Map3k7/Bmpr2/Smad7/Id2/Tjp1/Tgfbr1/Serpine1,6,Omit S2,FALSE,TRUE,39,12,16
S2,2,3,HALLMARK_IL6_JAK_STAT3_SIGNALING,HALLMARK_IL6_JAK_STAT3_SIGNALING,70,0.3758442721198827,1.5294891500540873,0.00834592849079628,0.02318313469665633,0.01366584782118689,957,"tags=27%, list=7%, signal=25%",Irf9/Socs1/Irf1/Jun/Hmox1/Csf2ra/Ltbr/Il4ra/Tnf/Stat2/Myd88/Stat1/Tlr2/Map3k8/Tnfrsf1a/Bak1/Ifngr2/Csf3r/Cxcl2,6,Omit S2,FALSE,TRUE,5,46,17
S2,2,3,HALLMARK_SPERMATOGENESIS,HALLMARK_SPERMATOGENESIS,78,-0.3661427598563696,-1.5223935087047546,0.01877376041598819,0.04469942956187665,0.02634913742594834,2599,"tags=32%, list=20%, signal=26%",Strbp/Map7/Vdac3/Tle4/Scg5/Snap91/Mtor/Gsg1/Il12rb2/Oaz3/Cdk1/Camk4/Ccnb2/Pomc/Cdkn3/Mlf1/Gstm5/Bub1/Jam3/Clgn/Mast2/Braf/Ace/Slc2a5/Lpin1,6,Omit S2,FALSE,TRUE,38,13,18
S2,2,3,HALLMARK_E2F_TARGETS,HALLMARK_E2F_TARGETS,197,0.3026363024471189,1.468064691688126,0.00442157248175485,0.0138174140054839,0.00814500194007472,1968,"tags=25%, list=15%, signal=21%",Mthfd2/Myc/Mcm7/Jpt1/Mcm5/Mcm2/Pop7/Mcm6/Tbrg4/Tubb5/Rpa2/Timeless/Srsf2/Nop56/Tcf19/Nasp/Cdk4/Slbp/Rfc2/Rad50/Nolc1/Mcm4/Pms2/Mcm3/Ung/Gins1/Rad51ap1/Pola2/Phf5a/Pold1/Hells/Orc6/Ube2s/Rfc1/Pa2g4/Trp53/Pold2/Xrcc6/Dscc1/Ddx39a/Espl1/Lig1/Chek2/Pan2/Rnaseh2a/Dck/Tipin/Cdc25a/Ssrp1,6,Omit S2,FALSE,TRUE,6,45,19
S2,2,3,HALLMARK_MYC_TARGETS_V1,HALLMARK_MYC_TARGETS_V1,192,0.30307775169513473,1.4625740188341425,0.00305858948182099,0.01019529827273665,0.00600986003445529,1452,"tags=20%, list=11%, signal=18%",Myc/Mcm7/Rps2/Mcm5/Mcm2/Impdh2/Apex1/Mcm6/Srm/Pabpc1/Mrps18b/Hsp90ab1/Srsf2/Nop56/Cdk4/Nop16/Cdk2/Nolc1/Mcm4/Ldha/Rpl14/Psmd3/Rplp0/Slc25a3/Eprs1/Iars1/Tcp1/Eif3b/Pcbp1/Eif4a1/Pa2g4/Rrp9/Tufm/Psmd1/Pold2/Xrcc6/C1qbp/Trim28/Ddx21,6,Omit S2,FALSE,TRUE,7,44,20
S2,2,3,HALLMARK_APOPTOSIS,HALLMARK_APOPTOSIS,141,-0.3150713526220395,-1.4311798669341016,0.01591264759462749,0.03978161898656873,0.0234502175078721,2402,"tags=29%, list=18%, signal=24%",Hspb1/Gpx4/Tgfb2/Casp9/Atf3/Timp2/Igf2r/Satb1/Bcl2l2/Xiap/Rela/Aifm3/Cd38/Bax/Mcl1/Ptk2/Cflar/H1f0/Ank/Eno2/Clu/Ccnd2/Cd14/Sc5d/Il1a/Cdkn1b/Sat1/Gch1/Casp4/Btg3/Txnip/Lmna/Top2a/Wee1/Casp3/Sod1/Smad7/Hmgb2/Cd44/Pdcd4/Il6,6,Omit S2,FALSE,TRUE,37,14,21
S2,2,3,HALLMARK_NOTCH_SIGNALING,HALLMARK_NOTCH_SIGNALING,27,-0.4279010960794263,-1.415887549818067,0.06601941747572816,0.13203883495145632,0.07783341849770058,1368,"tags=26%, list=10%, signal=23%",Hes1/Sap30/Psenen/Rbx1/Prkca/Tcf7l2/St3gal6,6,Omit S2,FALSE,FALSE,36,15,22
S2,2,3,HALLMARK_CHOLESTEROL_HOMEOSTASIS,HALLMARK_CHOLESTEROL_HOMEOSTASIS,65,-0.3404122797053518,-1.3600519896372074,0.06072874493927125,0.1314152068228484,0.07746580612715276,2220,"tags=28%, list=17%, signal=23%",Sqle/Atf3/Cd9/Anxa5/Hmgcs1/Alcam/Gpx8/Fabp5/Clu/Sc5d/Cpeb2/Nfil3/Atxn2/Srebf2/Trp53inp1/Cxcl16/S100a11/Plaur,6,Omit S2,FALSE,FALSE,35,16,23
S2,2,3,HALLMARK_OXIDATIVE_PHOSPHORYLATION,HALLMARK_OXIDATIVE_PHOSPHORYLATION,192,-0.2725436375289267,-1.2972733099711635,0.03854288942949135,0.08759747597611672,0.0516364068911846,2686,"tags=24%, list=20%, signal=20%",Atp6v0e/Atp5pd/Atp6v0c/Sdhd/Vdac3/Sdha/Gpx4/Ndufb7/Ndufa4/Atp5pf/Atp5mc3/Cox7b/Uqcrq/Cox8a/Etfa/Ndufb2/Cox7a2l/Timm8b/Ndufs6/Bax/Ndufc1/Atp1b1/Atp6v1f/Atp5f1e/Fdx1/AK157302/Atp5me/Atp5mf/Cyb5a/Atp6v1g1/Cox6b1/Uqcr10/Ndufa2/Uqcrb/Cox7c/Uqcrh/Mpc1/Ndufa7/Cox6c/Cox7a2/Ndufc2/Cox17/Ndufa5/Ndufab1/Ndufa1/Ndufs4/Ndufb3,6,Omit S2,FALSE,FALSE,34,17,24
S2,2,3,HALLMARK_ESTROGEN_RESPONSE_LATE,HALLMARK_ESTROGEN_RESPONSE_LATE,141,-0.28557998803584456,-1.2972183153905448,0.06307929927496723,0.1314152068228484,0.07746580612715276,2329,"tags=26%, list=18%, signal=21%",Sox3/Cish/Eeig1/Rab31/Dlg5/Plxnb1/Cd9/Aldh3a2/Dynlt3/Plk4/Hr/Ptger3/Tspan13/Jak1/Fabp5/Plaat3/Farp1/Areg/Opn3/Flnb/Jak2/Arl3/Aff1/Tpbg/Cox6c/Btg3/Dnajc12/Top2a/Sgk1/Fkbp5/Car12/Cd44/Id2/Pdcd4/Abhd2/Klf4,6,Omit S2,FALSE,FALSE,33,18,25
S2,2,3,HALLMARK_MYOGENESIS,HALLMARK_MYOGENESIS,134,-0.28052307810507293,-1.2704961475024708,0.07254901960784314,0.13951734539969834,0.08224180360403271,3697,"tags=37%, list=28%, signal=27%",Reep1/Eno3/Pdlim7/Efs/Fabp3/Sorbs1/Camk2b/Sparc/Igfbp3/Smtn/Acsl1/Erbb3/Dmpk/Pkia/Mylk/Pde4dip/Tnni2/Adcy9/Pygm/Tsc2/Agl/Wwtr1/Fhl1/Myo1c/Kcnh2/Bhlhe40/Cox7a1/Igfbp7/Myl6b/Gabarapl2/Myom1/Foxo4/Ncam1/Nav2/Mef2a/Cnn3/Clu/Myh9/Rb1/Cd36/Prnp/Cryab/Mef2d/Col6a3/Mef2c/Lpin1/Mras/Fxyd1/Ifrd1,6,Omit S2,FALSE,FALSE,32,19,26
S2,2,3,HALLMARK_XENOBIOTIC_METABOLISM,HALLMARK_XENOBIOTIC_METABOLISM,138,0.27575026179013873,1.2553414133545575,0.08024691358024691,0.14763779527559057,0.08702859510982182,1881,"tags=24%, list=14%, signal=21%",Gsto1/Slc6a6/Hmox1/Ptgds/Acox3/Tpst1/Irf8/Pgd/Sertad1/Ap4b1/Acp2/Dhrs1/Aldh9a1/Hes6/Tnfrsf1a/Slc1a5/Tmem97/Etfdh/Ppard/Pros1/Shmt2/Cndp2/Dcxr/Gart/Ptgr1/Cyp27a1/Slc12a4/Abcd2/Aco2/Slc46a3/Blvrb/Tmem176b/Slc35b1,6,Omit S2,FALSE,FALSE,8,43,27
S2,2,3,HALLMARK_KRAS_SIGNALING_DN,HALLMARK_KRAS_SIGNALING_DN,92,-0.29122487521563684,-1.2468053178221334,0.11637080867850098,0.18769485270725964,0.11064117633270044,3546,"tags=34%, list=27%, signal=25%",Snn/Slc12a3/Efhd1/Cntfr/Nr6a1/Bmpr1b/Ccdc106/Fgfr3/Slc38a3/Selenop/Slc16a7/Plag1/Klk8/Tgfb2/Nr4a2/Coq8a/Dtnb/Sncb/Skil/Slc5a5/Cpeb3/Prkn/Copz2/Tent5c/Synpo/Kmt2d/Igfbp2/Zbtb16/Edn1/Sgk1/Kcne2,6,Omit S2,FALSE,FALSE,31,20,28
S2,2,3,HALLMARK_IL2_STAT5_SIGNALING,HALLMARK_IL2_STAT5_SIGNALING,166,-0.2632235285712863,-1.2298309494347877,0.08267716535433071,0.14763779527559057,0.08702859510982182,2417,"tags=26%, list=18%, signal=21%",P4ha1/Hk2/Gpx4/Myo1c/Gabarapl1/Wls/Cish/Cdkn1c/Gucy1b1/Bhlhe40/Drc1/Sh3bgrl2/Igf2r/Alcam/Cyfip1/Maff/Odc1/Il1rl1/Rhoh/Slc2a3/Rora/Ahr/Cd86/Ccnd2/Glipr2/Ltb/Nfil3/Swap70/Ccnd3/Tlr7/Rragd/Prnp/Huwe1/Dennd5a/Igf1r/Itgav/Bmpr2/Casp3/Smpdl3a/Cd44/Csf1/Cd83/Cxcl10,6,Omit S2,FALSE,FALSE,30,21,29
S2,2,3,HALLMARK_ESTROGEN_RESPONSE_EARLY,HALLMARK_ESTROGEN_RESPONSE_EARLY,146,-0.2669102561810085,-1.2234895466608964,0.101364522417154,0.17476641796061032,0.10302020427151767,3991,"tags=43%, list=30%, signal=30%",Lrig1/Wwc1/Syngr1/Slc7a2/P2ry2/Akap1/Kdm4b/Rhobtb3/Reep1/Elovl5/Unc119/Scnn1a/Rps6ka2/Tbc1d30/Slc19a2/Tjp3/Krt18/Elf1/Slc24a3/Chpt1/Slc2a1/Egr3/Myb/Adcy9/Anxa9/Gab2/Mindy1/Mybl1/Sox3/Cish/Eeig1/Rab31/Snx24/Bhlhe40/Rasgrp1/Dynlt3/Hes1/Slc39a6/Hr/Med13l/Kazn/Plaat3/Nav2/Farp1/Dlc1/Areg/Opn3/Flnb/Jak2/Arl3/Aff1/Tpbg/Igf1r/Gja1/Ugcg/Sh3bp5/Mlph/Fkbp5/Car12/Cd44/B4galt1/Abhd2/Klf4,6,Omit S2,FALSE,FALSE,29,22,30
S2,2,3,HALLMARK_MTORC1_SIGNALING,HALLMARK_MTORC1_SIGNALING,192,0.24527922796169468,1.1836534492222524,0.1120162932790224,0.186693822131704,0.11005109515132028,3184,"tags=32%, list=24%, signal=24%",Mthfd2/Slc6a6/Mcm2/Ppp1r15a/Psat1/Coro1a/Ube2d3/Ifi30/Calr/Mcm4/Hmbs/Itgb2/Ctsc/Niban1/Rpn1/Ldha/Phgdh/Slc1a5/Tmem97/Ung/Eprs1/Gpi1/Shmt2/Lgmn/Tm7sf2/Rrp9/Sdf2l1/Arpc5l/Tomm40/Slc7a5/Btg2/Ddx39a/Wars1/Hspa5/Cdc25a/Tuba4a/Fgl2/Nfyc/Dhfr/Fdxr/Polr3g/Gga2/Abcf2/Nherf1/Tubg1/Hsp90b1/Rrm2/Serp1/Xbp1/Gsr/Actr3/G6pdx/Psmd14/Adipor2/Insig1/Qdpr/Sla/Fkbp2/Dhcr7/Psme3/Nmt1,6,Omit S2,FALSE,FALSE,9,42,31
S2,2,3,HALLMARK_GLYCOLYSIS,HALLMARK_GLYCOLYSIS,162,0.24499201281738248,1.1513750912746246,0.16024340770791076,0.24804255573486345,0.14621455917002477,1957,"tags=25%, list=15%, signal=22%",Ier3/Gusb/Chpf2/Ppfia4/Cited2/Tpst1/Chst12/Chst1/Chpf/B4galt4/Nasp/Plod1/Phka2/Abcb6/Ext2/Cln6/Aldh9a1/Tgfbi/Alg1/Sdc3/Ldha/Gys1/Gmppb/B3gat3/Qsox1/Angptl4/Xylt2/Ankzf1/B4galt7/Mdh2/Gne/Rbck1/Galk2/Mpi/Gmppa/Pdk3/Isg20/Galk1/Med24/Pkm/Hspa5,6,Omit S2,FALSE,FALSE,10,41,32
S2,2,3,HALLMARK_G2M_CHECKPOINT,HALLMARK_G2M_CHECKPOINT,189,-0.23728223845545063,-1.1272934742512666,0.1637080867850099,0.24804255573486345,0.14621455917002477,2220,"tags=35%, list=17%, signal=29%",Plk1/Rbl1/Slc12a2/Tra2b/Kif15/Hmga1b/Cenpe/Katna1/Meis1/Ewsr1/Notch2/Cdc27/Hif1a/Wrn/Kif4/Srsf10/Tfdp1/Hmmr/Sqle/H2az1/Gspt1/Efna5/Ythdc1/Snrpd1/Rad54l/Plk4/Nusap1/Mad2l1/Syncrip/Marcks/Cdk1/Ccnb2/Cdkn2c/Nup98/Odc1/E2f3/Sap30/Kif22/Birc5/Kif11/Cdkn3/Kif23/H2az2/Tnpo2/Bub1/Racgap1/Pttg1/Prim2/Stag1/Numa1/Prc1/Cul3/Cenpa/Cdkn1b/Rad21/Ccna2/Smc4/Pafah1b1/Lig3/Top2a/Mki67/Pbk/Cenpf/Ube2c/Stmn1/Tle3,6,Omit S2,FALSE,FALSE,28,23,33
S2,2,3,HALLMARK_HEME_METABOLISM,HALLMARK_HEME_METABOLISM,167,-0.24079300057097736,-1.1257931959521648,0.17751479289940827,0.2610511660285416,0.15388279260629822,2316,"tags=20%, list=18%, signal=17%",Ctse/Tmcc2/Tfdp2/Kat2b/Cat/Pdzk1ip1/Xk/C3/Agpat4/Tcea1/Acsl6/Optn/Lamp2/Nfe2l1/Xpo7/AK157302/H1f0/Bach1/Tnrc6b/Mkrn1/Tfrc/Foxj2/Tent5c/Arhgef12/Slc22a4/Ccnd3/Foxo3/Lpin2/Snca/Epb41/Ell2/Bmp2k/Picalm,6,Omit S2,FALSE,FALSE,27,24,34
S2,2,3,HALLMARK_ALLOGRAFT_REJECTION,HALLMARK_ALLOGRAFT_REJECTION,136,-0.2459880528274839,-1.1172138845497817,0.23017408123791103,0.31968622394154306,0.1884466162181728,849,"tags=13%, list=6%, signal=13%",Cd86/Ccnd2/Jak2/Map3k7/Ets1/Ltb/Nlrp3/Ly86/Ccnd3/Ccl5/Il2rg/Cxcl9/H2-Aa/Csf1/B2m/H2-Ob/Il6/Klrd1,6,Omit S2,FALSE,FALSE,26,25,35
S2,2,3,HALLMARK_P53_PATHWAY,HALLMARK_P53_PATHWAY,183,-0.2348395996023628,-1.1121603161425258,0.1996124031007752,0.2851605758582503,0.16809465524275807,1911,"tags=21%, list=14%, signal=18%",Ip6k2/Pmm1/Vamp8/Pvt1/Coq8a/Epha2/Cd82/Bax/Ddit4/H2ac25/Rps27l/Rpl36/Pom121/Ercc5/Abhd4/S100a10/Mknk2/Ephx1/Ccnd2/Btg1/Tgfa/Rb1/Ankra2/Il1a/Zfp36l1/Sat1/Ccnd3/Foxo3/S100a4/Txnip/Cebpa/Pitpnc1/Ninj1/Cdkn2b/Zbtb16/Klf4/Rnf19b/H1f2,6,Omit S2,FALSE,FALSE,25,26,36
S2,2,3,HALLMARK_WNT_BETA_CATENIN_SIGNALING,HALLMARK_WNT_BETA_CATENIN_SIGNALING,32,0.3156970160554747,1.0945755401162784,0.33195020746887965,0.4231517509727627,0.2494368216260496,2918,"tags=31%, list=22%, signal=24%",Myc/Kat2a/Ppard/Trp53/Ncstn/Axin1/Psen2/Nkd1/Hdac5/Skp2,6,Omit S2,FALSE,FALSE,11,40,37
S2,2,3,HALLMARK_PI3K_AKT_MTOR_SIGNALING,HALLMARK_PI3K_AKT_MTOR_SIGNALING,95,0.2540090884433459,1.0824112920770963,0.2751004016064257,0.3717572994681428,0.2191411449496421,1918,"tags=21%, list=15%, signal=18%",Rps6ka1/Stat2/Ube2d3/Myd88/Cdk4/Akt1/Cdk2/Hras/Calr/E2f1/Tnfrsf1a/Prkcb/Akt1s1/Mknk1/Cfl1/Nod1/Traf2/Prkag1/Pfn1/Ap2m1,6,Omit S2,FALSE,FALSE,12,39,38
S2,2,3,HALLMARK_HEDGEHOG_SIGNALING,HALLMARK_HEDGEHOG_SIGNALING,29,-0.32149830243520006,-1.0800627052548115,0.33852140077821014,0.4231517509727627,0.2494368216260496,800,"tags=48%, list=6%, signal=45%",Vldlr/Ache/Hey1/Thy1/Crmp1/Nrp2/Cntfr/Ophn1/Cdk6/Amot/Myh9/Ets2/Tle3/Vegfa,6,Omit S2,FALSE,FALSE,24,27,39
S2,2,3,HALLMARK_APICAL_JUNCTION,HALLMARK_APICAL_JUNCTION,149,-0.23426187077364435,-1.0781254425808564,0.30174081237911027,0.39702738470935567,0.23403719519709384,2829,"tags=25%, list=21%, signal=20%",Nlgn2/Actb/Actn1/Src/Itga9/Cx3cl1/Tial1/Adam9/Cnn2/Amigo1/Actn4/Nexn/Pcdh1/Kcnh2/Tmem8b/Nlgn3/Syk/Akt3/Pkd1/Dlg1/Ptk2/Arhgef6/Plcg1/Jam3/Cd86/Myh9/Cadm2/Cntn1/Vcl/Pecam1/Pik3cb/Epb41l2/Sgce/B4galt1/Vcam1/Tjp1/Pten,6,Omit S2,FALSE,FALSE,23,28,40
S2,2,3,HALLMARK_ANGIOGENESIS,HALLMARK_ANGIOGENESIS,24,-0.32637589600925265,-1.045661046228791,0.3840155945419103,0.46637211585665195,0.27491408934707906,2645,"tags=33%, list=20%, signal=27%",Msx1/Fgfr1/Olr1/Ptk2/Ccnd2/S100a4/Itgav/Vegfa,6,Omit S2,FALSE,FALSE,22,29,41
S2,2,3,HALLMARK_UV_RESPONSE_UP,HALLMARK_UV_RESPONSE_UP,136,0.22598785974698457,1.024540680724732,0.3917525773195876,0.46637211585665195,0.27491408934707906,2189,"tags=25%, list=17%, signal=21%",Irf1/Tap1/Fen1/Dnajb1/Hmox1/Junb/Ppif/Fos/Cdk2/Cdc34/Rpn1/Bak1/Chka/Bid/Il6st/Ctsl/Nat2/Ap2s1/Ddx21/Prkcd/Nfkbia/Sigmar1/Btg2/Dnaja1/Klhdc3/Parp2/Urod/Mark2/Tuba4a/Stard3/Icam1/Cnp/Tars1/Polg2,6,Omit S2,FALSE,FALSE,13,38,42
S2,2,3,HALLMARK_DNA_REPAIR,HALLMARK_DNA_REPAIR,145,0.22054461319316057,1.0156433644365532,0.4048582995951417,0.4707654646455136,0.2775038528436712,2507,"tags=25%, list=19%, signal=20%",Clp1/Fen1/Impdh2/Mpg/Rpa2/Cmpk2/Mrpl40/Alyref/Rfc2/Sac3d1/Sec61a1/Umps/Adrm1/Zfp707/Pola2/Pold1/Nelfcd/Tarbp2/Tk2/Taf1c/Trp53/Gtf2f1/Eloa/Ercc4/Lig1/Ada/Ssrp1/Ercc2/Cstf3/Rfc3/Cant1/Polr3c/Brf2/Gmpr2/Itpa/Dut,6,Omit S2,FALSE,FALSE,14,37,43
S2,2,3,HALLMARK_BILE_ACID_METABOLISM,HALLMARK_BILE_ACID_METABOLISM,83,-0.22862019986267348,-0.9646437582460664,0.5183752417794971,0.5890627747494286,0.34723700406282104,2205,"tags=23%, list=17%, signal=19%",Dhcr24/Pex7/Abca1/Cat/Abcd3/Rbp1/Hacl1/Optn/Atxn1/Slc23a2/Scp2/Pex13/Bcar3/Pex1/Abca5/Npc1/Fads1/Sod1/Ttr,6,Omit S2,FALSE,FALSE,21,30,44
S2,2,3,HALLMARK_PROTEIN_SECRETION,HALLMARK_PROTEIN_SECRETION,92,-0.2112391772609535,-0.904366872322683,0.6489151873767258,0.705342594974702,0.4157808980903507,3417,"tags=37%, list=26%, signal=28%",Stam/Scrn1/Sec24d/Ap3s1/Mon2/Gnas/Scamp1/Copb2/Lman1/Cltc/Sec31a/Krt18/Sec22b/Uso1/Cog2/Kif1b/Dnm1l/Ap1g1/Rer1/Abca1/Arcn1/Cav2/Mapk1/Igf2r/Anp32e/Bet1/Lamp2/Rps6ka3/Bnip3/Ap2b1/Atp7a/Adam10/Sod1/Dst,6,Omit S2,FALSE,FALSE,20,31,45
S2,2,3,HALLMARK_REACTIVE_OXYGEN_SPECIES_PATHWAY,HALLMARK_REACTIVE_OXYGEN_SPECIES_PATHWAY,46,-0.24401925449835643,-0.904029892294692,0.6365461847389559,0.705342594974702,0.4157808980903507,2376,"tags=30%, list=18%, signal=25%",Gpx4/Cat/Glrx/Sbno2/Mgst1/Srxn1/Txnrd1/Abcc1/Lamtor5/Pfkp/Atox1/Txn1/Prnp/Sod1,6,Omit S2,FALSE,FALSE,19,32,46
S2,2,3,HALLMARK_PEROXISOME,HALLMARK_PEROXISOME,86,0.20752250814480191,0.8756678728031027,0.7653061224489796,0.7971938775510204,0.4699248120300752,2353,"tags=21%, list=18%, signal=17%",Mvp/Pex6/Pabpc1/Ctbp1/Hras/Cdk7/Cln6/Aldh9a1/Isoc1/Slc35b2/Abcd2/Dhrs3/Acsl5/Pex11b/Prdx5/Tspo/Pex11a/Mlycd,6,Omit S2,FALSE,FALSE,15,36,47
S2,2,3,HALLMARK_PANCREAS_BETA_CELLS,HALLMARK_PANCREAS_BETA_CELLS,17,-0.2982813077639544,-0.8658221081852843,0.6666666666666666,0.7092198581560283,0.418066442702501,1605,"tags=47%, list=12%, signal=41%",Pak3/Elp4/Mafb/Pax6/Sec11a/Akt3/Srp14/Stxbp1,6,Omit S2,FALSE,FALSE,18,33,48
S2,2,3,HALLMARK_ADIPOGENESIS,HALLMARK_ADIPOGENESIS,185,-0.16755741933687146,-0.7934577617062647,0.937007874015748,0.9561304836895388,0.563613758806465,2573,"tags=19%, list=19%, signal=15%",Cd302/Ltc4s/Dhrs7b/Agpat3/Gpx4/Ndufb7/Sparcl1/Abca1/Cat/Lifr/Cox7b/Rtn3/C3/Uqcrq/Cox8a/Apoe/Cdkn2c/Scp2/Ptger3/Ppm1b/Bcl6/Atl2/Dnajc15/Atp1b3/Uqcr10/Cd36/Pfkl/Sqor/Chchd10/Ndufa5/Ndufab1/Enpp2/Sod1/Aldoa/Pdcd4,6,Omit S2,FALSE,FALSE,17,34,49
S2,2,3,HALLMARK_FATTY_ACID_METABOLISM,HALLMARK_FATTY_ACID_METABOLISM,129,-0.1478339539180544,-0.6619142097909904,0.998,0.998,0.5882947368421053,4145,"tags=34%, list=31%, signal=24%",Gpd2/Uros/Hadhb/Hpgd/Bphl/Car2/Suclg1/Cbr3/Idi1/Elovl5/Eno3/Maoa/Hsd17b10/Kmt5a/Mcee/Dld/Nsdhl/Acsl1/Cpox/Bmpr1b/Hibch/Rdh11/Sdhd/Ltc4s/Dhcr24/Acsl4/Sdha/D2hgdh/Gabarapl1/H2az1/Rap1gds1/Aldh3a2/Hmgcs1/Glul/Odc1/Serinc1/S100a10/Ephx1/Suclg2/Eno2/Cd36/Auh/Aldoa/Mif,6,Omit S2,FALSE,FALSE,16,35,50
S3,2,3,HALLMARK_OXIDATIVE_PHOSPHORYLATION,HALLMARK_OXIDATIVE_PHOSPHORYLATION,192,-0.584367163759256,-2.584110081550095,1.0917155062669636e-20,5.458577531334817e-19,2.5281832776708624e-19,2425,"tags=45%, list=18%, signal=37%",Mtx2/Ndufa8/Timm50/Hadhb/Sdhc/Nqo2/AK157302/Atp5po/Immt/Ndufb6/Eci1/Atp5mc1/Ndufs7/Atp5f1c/Atp5me/Mfn2/Suclg1/Cyc1/Atp5mc3/Ndufb8/Ndufv2/Ech1/Ndufb5/Cox5a/Etfa/Prdx3/Ndufa3/Cox8a/Mrps12/Fdx1/Atp5pb/Cox7a2l/Mpc1/Bax/Uqcr11/Sdha/Etfb/Idh3g/Cox6c/Uqcrq/Atp5pd/Gpx4/Atp6v1e1/Supv3l1/Atp6ap1/Ndufb7/Polr2f/Iscu/Timm8b/Mrps15/Dld/Ndufa1/Mdh1/Ndufs6/Cox7c/Ndufs3/Atp6v1f/Cox5b/Ndufa6/Ndufc1/Vdac3/Ndufb2/Atp5pf/Atp6v1d/Atp6v0e/Cyb5a/Atp5f1e/Atp6v0b/Ndufa4/Uqcr10/Ndufa5/Atp6v1g1/Tcirg1/Cox17/Uqcrh/Cox7b/Ndufa2/Ndufs4/Atp5mf/Ndufab1/Ndufc2/Cox6b1/Ndufa7/Uqcrb/Cox7a2/Ndufb3,7,Omit S3,FALSE,TRUE,50,1,1
S3,2,3,HALLMARK_TNFA_SIGNALING_VIA_NFKB,HALLMARK_TNFA_SIGNALING_VIA_NFKB,176,-0.5345026045146899,-2.3444900938271007,1.3005283564653968e-13,3.251320891163492e-12,1.5058749390651965e-12,1483,"tags=36%, list=11%, signal=32%",Btg1/Gem/Nampt/Nr4a2/Bcl6/Klf4/Vegfa/Btg3/Ninj1/Il1b/Maff/Cdkn1a/Dnajb4/Rcan1/Nfkbie/Rela/Tgif1/Clcf1/Cflar/Areg/Dusp1/Irs2/Rel/Ptgs2/Il18/Plek/Gch1/Il6/Litaf/Ets2/Dennd5a/Pde4b/Cd44/Nfkb2/Marcks/Nfe2l2/Mcl1/Eif1/Nfkb1/Plau/Ccl5/Sat1/Id2/Bcl2a1d/Fosb/Nfil3/B4galt1/Tnfaip2/Nr4a3/Ehd1/Cd83/Abca1/Cxcl10/Cebpb/Ccrl2/Csf1/Nr4a1/Rnf19b/Plaur/Tnfaip3/Kdm6b/Il1a/Trib1,7,Omit S3,FALSE,TRUE,49,2,2
S3,2,3,HALLMARK_INFLAMMATORY_RESPONSE,HALLMARK_INFLAMMATORY_RESPONSE,145,-0.4850529902985704,-2.0798644503082486,2.4884135571087357e-8,4.14735592851456e-7,1.9208806405751646e-7,2319,"tags=37%, list=18%, signal=30%",P2ry2/Msr1/Rgs1/Cd48/Osm/Ly6e/Calcrl/Nfkbia/Lcp2/Ahr/Gpr132/Best1/Ccl24/Stab1/Atp2c1/Bst2/Nampt/Cxcl9/Cd82/Ccl7/Il1b/Mefv/Cdkn1a/Selenos/Sri/Ebi3/Rela/Cd14/Emp3/Il10ra/Atp2a2/Il18/Tnfrsf1b/Gch1/Tpbg/Il6/Clec5a/Pde4b/C3ar1/Dcbld2/Lyn/Nfkb1/Cybb/Ccl5/Itga5/Ptafr/Abca1/Cxcl10/Ccrl2/Csf1/Nlrp3/Plaur/Il1a,7,Omit S3,FALSE,TRUE,48,3,3
S3,2,3,HALLMARK_ALLOGRAFT_REJECTION,HALLMARK_ALLOGRAFT_REJECTION,136,-0.4856825027100746,-2.07014859128673,6.232210268277344e-8,7.790262835346679e-7,3.60812173426583e-7,2820,"tags=40%, list=21%, signal=32%",Nme1/Fyb1/Tapbp/Fas/Tnf/Was/Prkcg/Csk/Rps9/Rps3a1/Ube2d1/Bcl10/Ifnar2/H2-Ob/Lcp2/Il2rg/Cd80/Eif3j1/Srgn/Stab1/Dars1/Brca1/Ube2n/Cxcl9/Tgfb1/Hcls1/Ccr1/Ccl7/Psmb10/Cd74/Il1b/Tlr6/Cxcl13/Ifngr1/H2-DMb2/Eif3d/Ctss/Ltb/Cd47/Ncf4/Il18/Ccnd3/H2-Oa/Il6/Cd86/Lyn/Ccl5/Ly86/Fcgr2b/Ccr5/B2m/Klrd1/Csf1/Nlrp3,7,Omit S3,FALSE,TRUE,47,4,4
S3,2,3,HALLMARK_COMPLEMENT,HALLMARK_COMPLEMENT,146,-0.4576670895248784,-1.9656689269063177,8.125845312119169e-7,6.771537760099308e-6,3.136291173098627e-6,2042,"tags=33%, list=15%, signal=28%",Ctso/Casp9/Ctsb/Prkcd/Itgam/Lcp2/Dgkh/Pim1/S100a9/Cp/Ppp2cb/Ctsl/C3/Apoc1/Fdx1/Sirt6/Notch4/C1qa/Maff/Pfn1/Gnai2/Lrp1/Dock4/C1qc/Ctss/Psmb9/Grb2/Gngt2/Lap3/S100a13/Casp4/Lamp2/Atox1/Plek/Gp9/Il6/Timp2/Lyn/Cpq/Hspa5/Ccl5/Fcer1g/Gng2/Ehd1/Cebpb/Plaur/Ang/Tnfaip3,7,Omit S3,FALSE,TRUE,46,5,5
S3,2,3,HALLMARK_PROTEIN_SECRETION,HALLMARK_PROTEIN_SECRETION,92,-0.47504996552716694,-1.9114159942647768,3.9099653175118565e-5,2.1722029541732535e-4,1.0060729471960332e-4,2527,"tags=37%, list=19%, signal=30%",Dnm1l/Scamp3/Golga4/Ppt1/Tsg101/Cog2/Zw10/Uso1/Vamp4/Copb2/Lman1/Copb1/Gosr2/Mapk1/Clta/Adam10/Rps6ka3/Bnip3/Ap3s1/Atp7a/Arf1/Scamp1/M6pr/Dst/Ap2m1/Rer1/Anp32e/Sec22b/Tmed10/Lamp2/Snap23/Tmx1/Bet1/Abca1,7,Omit S3,FALSE,TRUE,45,6,6
S3,2,3,HALLMARK_MYC_TARGETS_V1,HALLMARK_MYC_TARGETS_V1,192,-0.4131381300589057,-1.8269240182663544,6.523826019794275e-7,6.523826019794274e-6,3.021561524957348e-6,2908,"tags=39%, list=22%, signal=31%",Fbl/Mad2l1/Gspt1/Ddx18/Acp1/Nme1/Rpl18/Eif4a1/Hprt1/Hnrnpa2b1/Pwp1/Smarcc1/Eef1b2/Hdgf/Psma7/Psmc6/Rpl6/Clns1a/H2az1/Cyc1/Phb1/Eif3j1/Sf3a1/Rps10/Cad/Hnrnpu/Cct5/Cox5a/Hdac2/Psmc4/Hnrnpr/Prdx3/Hspd1/Bub3/Psmb2/Psmd8/Glo1/Cct4/Srsf1/Ywhaq/Erh/Xpo1/Cct3/Snrpd1/Psmb3/Snrpd3/Ap3s1/Eif3d/Snrpg/Vbp1/Mrpl23/Canx/Snrpa/Psma6/Snrpb2/Psma2/Ssbp1/Cct7/Prps2/Ube2e1/Vdac3/Cbx3/Snrpd2/Eif4e/Ccna2/Hspe1/Txnl4a/Hnrnpa3/Ywhae/Rpl22/Ndufab1/Pgk1/Odc1/Ifrd1/Hnrnpc,7,Omit S3,FALSE,TRUE,44,7,7
S3,2,3,HALLMARK_HYPOXIA,HALLMARK_HYPOXIA,163,-0.4096181965224889,-1.7871189599110455,1.6438351257742023e-5,1.1741679469815733e-4,5.4382515439146546e-5,2440,"tags=36%, list=18%, signal=29%",Myh9/Sap30/Pfkp/Ddit3/Plin2/Slc2a3/Ugp2/Plac8/Rora/Tpst2/Gcnt2/Sdc4/Anxa2/Ero1a/Pim1/Nedd4l/Cp/Fosl2/Csrp2/Pgm2/Noct/Grhpr/Btg1/Rragd/Vegfa/Klf7/Bnip3l/Maff/Cdkn1a/Casp6/Foxo3/Atp7a/Slc2a1/Eno3/Fam162a/Lxn/S100a4/Ids/Dusp1/Irs2/Prkca/Car12/Tpbg/Il6/Tes/Mxi1/Aldoa/Glrx/Hspa5/Pgk1/Tpi1/Slc2a5/Nfil3/Pfkl/Mif/P4ha1/Plaur/Tnfaip3,7,Omit S3,FALSE,TRUE,43,8,8
S3,2,3,HALLMARK_PI3K_AKT_MTOR_SIGNALING,HALLMARK_PI3K_AKT_MTOR_SIGNALING,95,-0.4264135845863972,-1.7262839889990371,6.905964647484531e-4,0.00287748526978522,0.00133273001968999,2931,"tags=42%, list=22%, signal=33%",Map2k6/Prkar2a/Ralb/Them4/Cxcr4/Tsc2/Actr3/Dapp1/Pin1/Ddit3/Pla2g12a/Cdk1/Ppp1ca/Il2rg/Grk2/Tnfrsf1a/Cab39l/Ywhab/Ube2n/Mapk1/Csnk2b/Camk4/Pfn1/Cdkn1a/Mknk2/Rps6ka3/Slc2a1/Calr/Arpc3/Arf1/Grb2/Ap2m1/Hsp90b1/Gsk3b/Eif4e/Arhgdia/Actr2/Rac1/Nfkbib/Pten,7,Omit S3,FALSE,TRUE,42,9,9
S3,2,3,HALLMARK_IL6_JAK_STAT3_SIGNALING,HALLMARK_IL6_JAK_STAT3_SIGNALING,70,-0.44930674541000154,-1.7250941300873874,0.00109810071082856,0.00379291464173779,0.00175671836038381,1928,"tags=40%, list=15%, signal=34%",Il2rg/Il13ra1/Tnfrsf1a/Pim1/Tnfrsf21/Il10rb/Ptpn1/Ptpn2/Cxcl9/Tgfb1/Ccr1/Ccl7/Il1b/Hax1/Ebi3/Cxcl13/Ifngr1/Crlf2/Il1r2/Grb2/Cd14/Ltb/Tnfrsf1b/Il6/Cd44/Il17ra/Cxcl10/Csf1,7,Omit S3,FALSE,TRUE,41,10,10
S3,2,3,HALLMARK_MYC_TARGETS_V2,HALLMARK_MYC_TARGETS_V2,58,0.42187837221174507,1.6854789459002286,0.00209521515641597,0.00616239751887052,0.00285416306137161,2366,"tags=40%, list=18%, signal=33%",Myc/Mcm5/Nop2/Nop56/Pprc1/Grwd1/Ung/Rrp9/Tmem97/Gnl3/Mcm4/Tbrg4/Ppan/Bysl/Wdr43/Mphosph10/Noc4l/Mrto4/Nip7/Srm/Cdk4/Plk4/Sord,7,Omit S3,FALSE,TRUE,1,50,11
S3,2,3,HALLMARK_MTORC1_SIGNALING,HALLMARK_MTORC1_SIGNALING,192,-0.38002908888975206,-1.6805136578257145,3.0819032211604035e-5,1.926189513225252e-4,8.921298798095905e-5,2609,"tags=33%, list=20%, signal=27%",Actr3/Psmb5/Elovl5/Hprt1/Gmps/Psmg1/Acly/Idi1/Dapp1/Sdf2l1/Cyb5b/Psmc6/Ddit3/Slc2a3/Hmgcs1/Uso1/Pno1/Immt/Atp5mc1/Ufm1/Serp1/Ero1a/Psmc4/Hspd1/Ssr1/Nampt/Tcea1/Uchl5/Nherf1/Xbp1/Bub1/Cdkn1a/Slc7a5/Slc2a1/Psma3/Calr/Egln3/M6pr/Canx/Atp2a2/Hsp90b1/Gsk3b/Atp6v1d/Tes/Sec11a/Ebp/Hspe1/Fads1/Actr2/Aldoa/Ccng1/Glrx/Rab1a/Nfkbib/Hspa5/Slc7a11/Pgk1/Tpi1/Nfil3/Cacybp/Pfkl/Ifrd1/Stip1/P4ha1,7,Omit S3,FALSE,TRUE,40,11,12
S3,2,3,HALLMARK_APOPTOSIS,HALLMARK_APOPTOSIS,141,-0.3922533787538973,-1.6787499868638047,3.0826989124097025e-4,0.00154134945620485,7.138881691896153e-4,3000,"tags=38%, list=23%, signal=29%",Pmaip1/Etf1/Rhob/Ppp2r5b/Casp1/Eno2/Fas/Dnm1l/Hspb1/Casp3/Tnf/Ctnnb1/Ppt1/Ddit3/Dnaja1/Casp9/Ptk2/Bcl10/Ppp3r1/Diablo/Dnajc3/Brca1/Bax/Dap3/Smad7/Btg3/Il1b/Bnip3l/Cdkn1a/Casp6/Casp8/Pdcd4/Gpx4/Wee1/Ifngr1/Rela/Txnip/Cflar/Cd14/Bcap31/Casp4/Il18/Gch1/Il6/Ebp/Cd44/Timp2/Top2a/Mcl1/Sat1/H1f0/Hmgb2/Il1a,7,Omit S3,FALSE,TRUE,39,12,13
S3,2,3,HALLMARK_FATTY_ACID_METABOLISM,HALLMARK_FATTY_ACID_METABOLISM,129,-0.3739275917611323,-1.5823950893021406,0.00250655526652611,0.00696265351812808,0.00322480794523827,2598,"tags=31%, list=20%, signal=25%",Eci2/Sdhd/Elovl5/Idi1/Hsp90aa1/Hsd17b4/Hadhb/Mcee/Sdhc/Hmgcs1/Eci1/Ube2l6/Suclg1/H2az1/D2hgdh/Uros/Rap1gds1/Ech1/Kmt5a/Grhpr/Auh/Cpox/Sdha/Idh3g/Hsd17b11/Nsdhl/Hsdl2/Eno3/Dld/Ltc4s/Mdh1/S100a10/Serinc1/Aldoa/Ostc/Odc1/Mif/Hsph1/Ywhah/Glul,7,Omit S3,FALSE,TRUE,38,13,14
S3,2,3,HALLMARK_ANDROGEN_RESPONSE,HALLMARK_ANDROGEN_RESPONSE,86,-0.3959700685913132,-1.5715905794495693,0.00479654860963758,0.01090124684008542,0.00504899853646061,1797,"tags=27%, list=14%, signal=23%",Ube2i/Srp19/Lman1/Appbp2/Itgav/Rps6ka3/Ell2/Mertk/Uap1/Ngly1/Abhd2/Dnajb9/Cenpn/Ccnd3/Fads1/Ube2j1/Vapa/Sat1/B4galt1/B2m/H1f0/Tmem50a/Selenop,7,Omit S3,FALSE,TRUE,37,14,15
S3,2,3,HALLMARK_P53_PATHWAY,HALLMARK_P53_PATHWAY,183,-0.35686165760965893,-1.5703345076553634,0.00113787439252133,0.00379291464173779,0.00175671836038381,2067,"tags=26%, list=16%, signal=22%",Perp/Baiap2/Abhd4/Cdkn2b/Ptpn14/Stom/Hint1/Rb1/Rps12/Tgfa/Ei24/Btg1/Tgfb1/Slc3a2/Cd82/Rchy1/H2aj/Bax/Klf4/Zbtb16/Ninj1/Prmt2/Cdkn1a/Mknk2/Hspa4l/Rxra/Foxo3/Iscu/Txnip/Fam162a/S100a4/S100a10/Gm2a/Ccnd3/Pitpnc1/Cd81/Rps27l/Cebpa/Ccng1/H2ac25/Slc7a11/Sat1/Vamp8/Rpl36/Zfp36l1/Rnf19b/Il1a/H1f2,7,Omit S3,FALSE,TRUE,36,15,16
S3,2,3,HALLMARK_INTERFERON_GAMMA_RESPONSE,HALLMARK_INTERFERON_GAMMA_RESPONSE,165,-0.35981833007573594,-1.5687526569525392,8.690414570736918e-4,0.00334246714259112,0.00154809004498957,2032,"tags=28%, list=15%, signal=24%",Ube2l6/Ly6e/Nfkbia/Ifnar2/Lcp2/Parp12/Pim1/Epsti1/Ptpn1/Ptpn2/Bst2/Btg1/Nampt/Psmb2/Cxcl9/Ccl7/Psmb10/Cd74/Peli1/Cdkn1a/Casp8/Sri/Psmb8/Psma3/Txnip/Gpr18/Psmb9/Marchf1/Il10ra/Lap3/Casp4/Psma2/Ptgs2/Gch1/Il6/Fcgr1/Pde4b/Cd86/Nfkb1/Ccl5/Vamp8/B2m/Tnfaip2/Cxcl10/Vcam1/Tnfaip3,7,Omit S3,FALSE,TRUE,35,16,17
S3,2,3,HALLMARK_ADIPOGENESIS,HALLMARK_ADIPOGENESIS,185,-0.3541073525634419,-1.5653265018708198,6.493546693678633e-4,0.00287748526978522,0.00133273001968999,2350,"tags=31%, list=18%, signal=26%",Reep5/Ppm1b/Ubqln1/Ddt/Chchd10/Sult1a1/Sdhc/Plin2/Atp5po/Apoe/Immt/Taldo1/Cat/Vegfb/Suclg1/Cyc1/Rtn3/Enpp2/Cmpk1/Stom/Ech1/Cd302/Atp1b3/Prdx3/C3/Cox8a/Dhrs7b/Dram2/Bcl6/Uqcr11/Etfb/Idh3g/Mtarc2/Uqcrq/Pdcd4/Gpx4/Ubc/Ifngr1/Ndufb7/Dld/Scp2/Agpat3/Dnajb9/Ltc4s/Aplp2/Ndufs3/Ghitm/Dnajc15/Dhrs7/Uqcr10/Ndufa5/Ucp2/Aldoa/Cox7b/Ndufab1/Sqor/Pfkl/Abca1,7,Omit S3,FALSE,TRUE,34,17,18
S3,2,3,HALLMARK_NOTCH_SIGNALING,HALLMARK_NOTCH_SIGNALING,27,-0.49937186904803954,-1.5580058165272834,0.01850131346296531,0.0385444030478444,0.01785214456952793,1037,"tags=26%, list=8%, signal=24%",Skp1/Tcf7l2/Prkca/Rbx1/Psenen/St3gal6/Notch2,7,Omit S3,FALSE,TRUE,33,18,19
S3,2,3,HALLMARK_GLYCOLYSIS,HALLMARK_GLYCOLYSIS,162,-0.35662361794111574,-1.5576294742875965,0.0012176263727836,0.00380508241494877,0.00176235396060785,2398,"tags=30%, list=18%, signal=25%",Sap30/Ndufv3/Pfkp/Cog2/Sdhc/Ugp2/Cdk1/Taldo1/Prps1/Il13ra1/Ero1a/Copb2/Pgm2/Tgfa/Psmc4/Ppp2cb/Rragd/Vegfa/Hax1/Casp6/Kif20a/Mertk/Nsdhl/Dld/Fam162a/Irs2/Stmn1/Mdh1/Egln3/Arpp19/Gnpda1/Hmmr/Tpbg/Bpnt1/Cyb5a/Mxi1/Cd44/Aldoa/Glrx/Fkbp4/Cenpa/Hspa5/Pgk1/Tpi1/B4galt1/Mif/Pgam1/P4ha1/Ang,7,Omit S3,FALSE,TRUE,32,19,20
S3,2,3,HALLMARK_COAGULATION,HALLMARK_COAGULATION,85,-0.39171562770228874,-1.552761738494043,0.00631119712575451,0.01371999375164025,0.00635452342181233,2042,"tags=29%, list=15%, signal=25%",Ctso/Casp9/Ctsb/Thbs1/Pef1/Ctsl/C3/Apoc1/Furin/Sparc/Sirt2/Klf7/C1qa/Gng12/Maff/Lrp1/Iscu/S100a13/Lamp2/Plek/Gp9/Rac1/Plau/Cpq/Ang,7,Omit S3,FALSE,TRUE,31,20,21
S3,2,3,HALLMARK_UNFOLDED_PROTEIN_RESPONSE,HALLMARK_UNFOLDED_PROTEIN_RESPONSE,107,-0.3708819140098655,-1.5333700590899384,0.00436525922999046,0.01039347435712014,0.00481381970224512,2085,"tags=29%, list=16%, signal=25%",Mtrex/Cks1b/Srprb/Pop4/Serp1/Ero1a/Rps14/Atp6v0d1/Ywhaz/Dnajc3/Ssr1/Gosr2/Pdia5/Hyou1/Vegfa/Xbp1/Slc7a5/Calr/Spcs1/Dnajb9/Yif1a/H2ax/Pdia6/Hsp90b1/Cebpg/Dnaja4/Sec11a/Eif4e/Hspa5/Herpud1/Cebpb,7,Omit S3,FALSE,TRUE,30,21,22
S3,2,3,HALLMARK_DNA_REPAIR,HALLMARK_DNA_REPAIR,145,-0.35297894281556286,-1.5135425810231131,0.00311335677222084,0.00819304413742326,0.00379467307417498,1726,"tags=34%, list=13%, signal=30%",Pole4/Nme4/Taf10/Nme3/Polr2a/Nme1/Nt5c3/Pold4/Mpc2/Taf13/Rad52/Hprt1/Polr3gl/Zwint/Tsg101/Cant1/Gtf2a2/Nudt9/Taf6/Edf1/Hcls1/Dguok/Polr2c/Polb/Dctn4/Gpx4/Gtf2h5/Ago4/Polr2j/Nt5c/Ercc1/Polr2f/Rpa3/Eif1b/Gtf2h3/Bcap31/Polr2i/Sdcbp/Rala/Supt4a/Arl6ip1/Rbx1/Pde4b/Polr1h/Cox17/Polr2g/Polr2k/Cetn2/Taf12/Dad1,7,Omit S3,FALSE,TRUE,29,22,23
S3,2,3,HALLMARK_G2M_CHECKPOINT,HALLMARK_G2M_CHECKPOINT,189,-0.3221460214640333,-1.4210124392670054,0.00424087061723808,0.01039347435712014,0.00481381970224512,2005,"tags=26%, list=15%, signal=22%",Cks1b/H2az1/Cdkn3/Rad21/Top1/Pafah1b1/Smc2/Lig3/Kmt5a/Ndc80/Hnrnpu/Smc4/Knl1/Numa1/Kif4/Bub3/Nusap1/Tgfb1/Prim2/Srsf1/Xpo1/Prc1/H2az2/Bub1/Slc7a5/Lbr/Cul3/Snrpd1/Kif23/Katna1/Racgap1/Stmn1/Hmmr/H2ax/Cenpf/Ccna2/Marcks/Ccnb2/Top2a/Birc5/Cenpa/Hspa8/Tle3/Ube2c/Pttg1/Odc1/Mki67/Pbk/Notch2,7,Omit S3,FALSE,TRUE,28,23,24
S3,2,3,HALLMARK_PEROXISOME,HALLMARK_PEROXISOME,86,-0.35457725742238483,-1.4073040405163335,0.04366405514895383,0.07797152705170327,0.03611312831868361,2657,"tags=29%, list=20%, signal=23%",Ide/Eci2/Elovl5/Itgb1bp1/Pex2/Idi1/Abcd3/Smarcc1/Hsd17b4/Fis1/Cat/Rxrg/Bcl10/Abcb9/Slc25a17/Ech1/Pex13/Hsd17b11/Ercc1/Scp2/Dhrs3/Fads1/Top2a/Ywhah/Ttr,7,Omit S3,FALSE,FALSE,27,24,25
S3,2,3,HALLMARK_KRAS_SIGNALING_UP,HALLMARK_KRAS_SIGNALING_UP,148,-0.31684455920100635,-1.3622468715155849,0.02188575042495864,0.04208798158645893,0.01949338094530729,1242,"tags=17%, list=9%, signal=15%",Klf4/Il1b/Cdadc1/Etv1/Psmb8/Ctss/Il10ra/Ptgs2/Tnfrsf1b/C3ar1/Dcbld2/Igf2/Glrx/Plau/Fcer1g/Tspan13/Id2/Laptm5/Clec4a3/Cxcl10/Plaur/Ly96/Prdm1/Tnfaip3/Trib1,7,Omit S3,FALSE,TRUE,26,25,26
S3,2,3,HALLMARK_PANCREAS_BETA_CELLS,HALLMARK_PANCREAS_BETA_CELLS,17,-0.48740177173211113,-1.3604277704288266,0.11839708561020036,0.18499544626593808,0.08568210142843447,1948,"tags=35%, list=15%, signal=30%",Srprb/Mafb/Stxbp1/Spcs1/Srp14/Sec11a,7,Omit S3,FALSE,FALSE,25,26,27
S3,2,3,HALLMARK_HEME_METABOLISM,HALLMARK_HEME_METABOLISM,167,-0.30992031863470654,-1.3548352906258168,0.01936974658974508,0.03873949317949017,0.01794250210418492,2640,"tags=25%, list=20%, signal=20%",Bach1/Ncoa4/Xpo7/Gmps/Tent5c/Sec14l1/Ezh1/Hdgf/AK157302/Mocos/Cat/Ctsb/Mkrn1/Mark3/Bsg/Atp6v0a1/Uros/Top1/C3/Tmem9b/Tcea1/Smox/Cpox/Bnip3l/Hagh/Ell2/Foxo3/Slc2a1/Mfhas1/Epb41/Kdm7a/Sdcbp/Lpin2/Lamp2/Ccnd3/Mxi1/Ucp2/Adipor1/Slc7a11/Picalm/H1f0/Bmp2k,7,Omit S3,FALSE,TRUE,24,27,28
S3,2,3,HALLMARK_IL2_STAT5_SIGNALING,HALLMARK_IL2_STAT5_SIGNALING,166,-0.304918365275111,-1.3323079025555202,0.024699884880181,0.04574052755589074,0.02118508644693887,2285,"tags=29%, list=17%, signal=24%",Ikzf2/Nfkbiz/Plin2/Slc2a3/Cd48/Rora/Eef1akmt1/Galm/Ahr/Dcps/Phlda1/Huwe1/Pim1/Tnfrsf21/Itgav/Cst7/Bmpr2/Glipr2/Furin/Rragd/Xbp1/Mapkapk2/Maff/Gpx4/Rhoh/Ifngr1/Smpdl3a/Eno3/Capn3/Il1r2/Ltb/Il10ra/Dhrs3/Igf1r/Syngr2/Tnfrsf1b/Ccnd3/Dennd5a/Cd81/Cd44/Cd86/Tlr7/Odc1/Nfil3/Cd83/Cxcl10/Csf1/P4ha1,7,Omit S3,FALSE,TRUE,23,28,29
S3,2,3,HALLMARK_SPERMATOGENESIS,HALLMARK_SPERMATOGENESIS,78,-0.33821533366362233,-1.326931309069611,0.0679304897314376,0.11712153401972,0.05424576312492295,3698,"tags=44%, list=28%, signal=32%",Snap91/Agfg1/Phkg2/Clpb/Strbp/Mtor/Chfr/Arl4a/Prkar2a/Zc3h14/Ide/Ift88/Zpbp/Ace/Psmg1/Il12rb2/Mast2/Jam3/Braf/Cdk1/Taldo1/Mlf1/Cdkn3/Camk4/Pomc/Bub1/Hspa4l/Tsn/Lpin1/Clgn/Vdac3/Gsg1/Ccnb2/Slc2a5,7,Omit S3,FALSE,FALSE,22,29,30
S3,2,3,HALLMARK_EPITHELIAL_MESENCHYMAL_TRANSITION,HALLMARK_EPITHELIAL_MESENCHYMAL_TRANSITION,129,-0.30384255424093104,-1.28580767064391,0.07058823529411765,0.1176470588235294,0.0544891640866873,1648,"tags=22%, list=12%, signal=19%",Itgav/Pcolce/Postn/Serpine2/Gem/Tgfb1/Sparc/Vegfa/Pmp22/Itgb5/Wipf1/Lrp1/Fzd8/Areg/Emp3/Tpm4/Dst/Igfbp2/Col6a3/Il6/Cd44/Sat1/Itga5/Id2/Notch2/Plaur/Vcam1/Tnfaip3,7,Omit S3,FALSE,FALSE,21,30,31
S3,2,3,HALLMARK_UV_RESPONSE_DN,HALLMARK_UV_RESPONSE_DN,122,0.2657524998574582,1.2255076100285331,0.0925925925925926,0.1493428912783751,0.06916933911840534,2782,"tags=25%, list=21%, signal=20%",Dbp/Nr1d2/Myc/Itgb3/Mt1/Apbb2/Tgfbr2/Id1/Synj2/Cited2/Nfib/Nrp1/Slc7a1/Ccn1/Vldlr/Smad3/Pias3/Ltbp1/Arhgef9/Cacna1a/Pdgfrb/Lpar1/Mios/Ptpn21/Rgs4/Lamc1/Tent4a/Abcc1/Kalrn/Igfbp5/Magi2,7,Omit S3,FALSE,FALSE,2,49,32
S3,2,3,HALLMARK_TGF_BETA_SIGNALING,HALLMARK_TGF_BETA_SIGNALING,50,-0.3333943532800571,-1.2024856806730817,0.1921182266009852,0.28632948506505407,0.13261576150381452,1940,"tags=28%, list=15%, signal=24%",Ppp1ca/Thbs1/Bcar3/Skil/Bmpr2/Tgfb1/Tgfbr1/Furin/Smad7/Tgif1/Fnta/Tjp1/Rhoa/Id2,7,Omit S3,FALSE,FALSE,20,31,33
S3,2,3,HALLMARK_APICAL_SURFACE,HALLMARK_APICAL_SURFACE,30,-0.3697223898934137,-1.1890111933229,0.2231686541737649,0.3052886773817006,0.14139686110310346,1928,"tags=23%, list=15%, signal=20%",Il2rg/Brca1/Adam10/Dcbld2/Lyn/B4galt1/Plaur,7,Omit S3,FALSE,FALSE,19,32,34
S3,2,3,HALLMARK_BILE_ACID_METABOLISM,HALLMARK_BILE_ACID_METABOLISM,83,-0.2959623361662364,-1.1741552900994094,0.19470404984423675,0.28632948506505407,0.13261576150381452,3056,"tags=27%, list=23%, signal=21%",Hacl1/Nudt12/Pex7/Phyh/Rbp1/Idi1/Abcd3/Hsd17b4/Crot/Npc1/Cat/Rxrg/Bcar3/Pex13/Abca9/Hsd17b11/Rxra/Scp2/Pex1/Fads1/Abca1/Ttr,7,Omit S3,FALSE,FALSE,18,33,35
S3,2,3,HALLMARK_REACTIVE_OXYGEN_SPECIES_PATHWAY,HALLMARK_REACTIVE_OXYGEN_SPECIES_PATHWAY,46,-0.32708312788387284,-1.160426004554641,0.22591362126245848,0.3052886773817006,0.14139686110310346,2374,"tags=30%, list=18%, signal=25%",Glrx2/Pfkp/Sbno2/Cat/Oxsr1/Lsp1/Selenos/Lamtor5/Gpx4/Ftl1/Ndufa6/Atox1/Glrx/Srxn1,7,Omit S3,FALSE,FALSE,17,34,36
S3,2,3,HALLMARK_WNT_BETA_CATENIN_SIGNALING,HALLMARK_WNT_BETA_CATENIN_SIGNALING,32,0.3256688357483653,1.1331257048614978,0.2571428571428571,0.32967032967032966,0.15268941584731058,3623,"tags=41%, list=27%, signal=30%",Myc/Numb/Gnai1/Ptch1/Nkd1/Ppard/Skp2/Hdac11/Dvl2/Axin2/Kat2a/Ncor2/Axin1,7,Omit S3,FALSE,FALSE,3,48,37
S3,2,3,HALLMARK_UV_RESPONSE_UP,HALLMARK_UV_RESPONSE_UP,136,-0.2619365131111962,-1.11646497577738,0.23718887262079064,0.3120906218694614,0.1445472353921716,2305,"tags=25%, list=17%, signal=21%",Cyb5b/Ppt1/Sult1a1/Ggh/Dnaja1/Prkcd/Nfkbia/Cdkn2b/Bsg/Hnrnpu/Btg1/Ctsl/Furin/Eif2s3x/Btg3/Rab27a/Prkaca/Mrpl23/Tmbim6/Atp6v1f/Igfbp2/H2ax/Cebpg/Gch1/Ccnd3/Il6/Hspa13/Aldoa/Lyn/Fkbp4/Fosb/Grina/Stip1/Nr4a1,7,Omit S3,FALSE,FALSE,16,35,38
S3,2,3,HALLMARK_INTERFERON_ALPHA_RESPONSE,HALLMARK_INTERFERON_ALPHA_RESPONSE,86,-0.27666663261237234,-1.0980796478089612,0.28885400313971743,0.34387381326156835,0.15926787140535795,2032,"tags=21%, list=15%, signal=18%",Ube2l6/Ly6e/Parp12/Epsti1/Bst2/Cd74/Casp8/Psmb8/Mvb12a/Psma3/Txnip/Psmb9/Lap3/Cd47/B2m/Cxcl10/Ccrl2/Csf1,7,Omit S3,FALSE,FALSE,15,36,39
S3,2,3,HALLMARK_E2F_TARGETS,HALLMARK_E2F_TARGETS,197,0.22313912672884748,1.0945969170874,0.2048611111111111,0.2926587301587302,0.13554720133667503,1721,"tags=18%, list=13%, signal=16%",Myc/Mcm2/Mthfd2/Mcm7/Mcm6/Tipin/Mcm5/Orc6/Ccp110/Cdc25a/Nop56/Lig1/Timeless/Rad50/Ddx39a/Rpa2/Hells/Pola2/Gins1/Ung/Dscc1/Suv39h1/Mcm4/Pan2/Cnot9/Tbrg4/Nasp/Pop7/Rad51ap1/Rfc3/Cbx5/Mcm3/Chek1/Slbp/Tubb5/Hus1,7,Omit S3,FALSE,FALSE,4,47,40
S3,2,3,HALLMARK_ESTROGEN_RESPONSE_EARLY,HALLMARK_ESTROGEN_RESPONSE_EARLY,146,0.22577429681006408,1.0647606215900414,0.28253968253968254,0.34387381326156835,0.15926787140535795,2130,"tags=21%, list=16%, signal=18%",Il6st/Cbfa2t3/Myc/Slc26a2/Inpp5f/Scarb1/Bcl2/Endod1/Nxt1/Ppif/Fasn/Podxl/Akap1/Fos/Svil/Tiam1/Tiparp/Rapgefl1/Fdft1/Tubb2b/Mast4/Cxcl12/Nadsyn1/Sult2b1/Mapt/Isg20l2/Celsr2/Sfn/Slc1a1/Slc16a1/Med24,7,Omit S3,FALSE,FALSE,5,46,41
S3,2,3,HALLMARK_MYOGENESIS,HALLMARK_MYOGENESIS,134,0.22695917530490065,1.0603034900836368,0.2883435582822086,0.34387381326156835,0.15926787140535795,1749,"tags=19%, list=13%, signal=17%",Apod/Tcap/Gnao1/Tnni1/Gsn/Speg/Sorbs3/Agrn/Dennd2b/Fgf2/Col15a1/Ephb3/Dtna/Kifc3/Slc6a8/Eif4a2/Prnp/Hbegf/Myl2/Dmpk/Svil/Fkbp1b/Large1/Pick1/Aebp1/Mybph,7,Omit S3,FALSE,FALSE,6,45,42
S3,2,3,HALLMARK_MITOTIC_SPINDLE,HALLMARK_MITOTIC_SPINDLE,194,-0.23843586422131136,-1.057389558415577,0.31608391608391606,0.3675394373068792,0.17022879201581773,3263,"tags=31%, list=25%, signal=24%",Mapre1/Kif11/Actn4/Kif15/Ralbp1/Kif22/Kif3c/Katnb1/Tubd1/Kif20b/Dynll2/Prex1/Vcl/Bin1/Plk1/Dlgap5/Klc1/Synpo/Kifap3/Bcr/Cenpe/Myh9/Pcgf5/Mid1ip1/Arf6/Ranbp9/Abr/Flnb/Cdk1/Ophn1/Capzb/Pafah1b1/Ndc80/Smc4/Numa1/Rab3gap1/Kif4/Epb41l2/Nusap1/Prc1/Bub1/Pxn/Dock4/Kif23/Katna1/Racgap1/Dync1h1/Cyth2/Epb41/Dst/Cdc42/Cenpf/Ezr/Arhgdia/Marcks/Ccnb2/Top2a/Ywhae/Birc5/Ssh2/Notch2,7,Omit S3,FALSE,FALSE,14,37,43
S3,2,3,HALLMARK_XENOBIOTIC_METABOLISM,HALLMARK_XENOBIOTIC_METABOLISM,138,-0.24438355783334811,-1.0439399013453181,0.35131195335276966,0.39921812880996554,0.18490102808040507,2575,"tags=27%, list=19%, signal=22%",Papss2/Elovl5/Hprt1/Tmem176b/Epha2/Ddt/Xdh/Apoe/Crot/Npc1/Cat/Gcnt2/Marchf6/Tnfrsf1a/Slc35b1/Ech1/Smox/Psmb10/Ninj1/Casp6/Tmbim6/Sar1b/Arpp19/Atp2a2/Adh5/Ssr3/Lpin2/Abcc3/Comt/Gch1/Ets2/Cyb5a/Dhrs7/Spint2/Pgrmc1/Id2/Man1a,7,Omit S3,FALSE,FALSE,13,38,44
S3,2,3,HALLMARK_ESTROGEN_RESPONSE_LATE,HALLMARK_ESTROGEN_RESPONSE_LATE,141,-0.24149687833019984,-1.0335484747445145,0.38179148311306904,0.4242127590145211,0.19647748838567297,2575,"tags=25%, list=19%, signal=20%",Papss2/Elovl5/Hprt1/Aff1/Nab2/Opn3/Flnb/Perp/Dynlt3/Plaat3/Snx10/S100a9/Fabp5/Klf4/Btg3/Nherf1/Etfb/Xbp1/Cox6c/Slc7a5/Hspa4l/Pdcd4/Kif20a/Abhd2/Areg/Jak1/Car12/Tpbg/Cd44/Top2a/Fkbp4/Arl3/Tspan13/Id2/Dnajc12,7,Omit S3,FALSE,FALSE,12,39,45
S3,2,3,HALLMARK_ANGIOGENESIS,HALLMARK_ANGIOGENESIS,24,-0.33704762249616577,-1.0191186567771062,0.4326241134751773,0.4702436016034536,0.2177970365321259,1960,"tags=29%, list=15%, signal=25%",Ptk2/Tnfrsf21/Itgav/Postn/Vav2/Vegfa/S100a4,7,Omit S3,FALSE,FALSE,11,40,46
S3,2,3,HALLMARK_APICAL_JUNCTION,HALLMARK_APICAL_JUNCTION,149,-0.2311421900406776,-0.9948954419369124,0.46656976744186046,0.4963508164275111,0.2298887991874788,2238,"tags=18%, list=17%, signal=15%",Tial1/Jam3/Zyx/Arhgef6/Baiap2/Ptk2/Arpc2/Akt2/Rsu1/Epb41l2/Vav2/Pfn1/Itga9/Msn/Actg1/Gnai2/Dhx16/Tjp1/Myl12b/Sgce/Cd86/Syk/B4galt1/Pten/Vcam1/Actb/Ywhah,7,Omit S3,FALSE,FALSE,10,41,47
S3,2,3,HALLMARK_CHOLESTEROL_HOMEOSTASIS,HALLMARK_CHOLESTEROL_HOMEOSTASIS,65,-0.24594483053411056,-0.9317303965244802,0.5791190864600326,0.6032490483958673,0.2793995592570333,2424,"tags=22%, list=18%, signal=18%",Ctnnb1/Idi1/Gpx8/Hmgcs1/Ech1/Trp53inp1/Fabp5/Actg1/Nsdhl/S100a11/Ebp/Nfil3/Cxcl16/Plaur,7,Omit S3,FALSE,FALSE,9,42,48
S3,2,3,HALLMARK_KRAS_SIGNALING_DN,HALLMARK_KRAS_SIGNALING_DN,92,0.16653234254894228,0.7321115021769903,0.9774647887323944,0.9774647887323944,0.4527205337286879,1365,"tags=13%, list=10%, signal=12%",Slc25a23/Sox10/Kcnq2/Epha5/Fgfr3/Efhd1/Mthfr/Sphk2/Brdt/Egf/Nrip2/Itih3,7,Omit S3,FALSE,FALSE,7,44,49
S3,2,3,HALLMARK_HEDGEHOG_SIGNALING,HALLMARK_HEDGEHOG_SIGNALING,29,-0.19852255744420255,-0.6359637436032397,0.9522184300341296,0.9716514592184996,0.4500280442696209,1224,"tags=17%, list=9%, signal=16%",Myh9/Ophn1/Vegfa/Ets2/Tle3,7,Omit S3,FALSE,FALSE,8,43,50
